side	distance_aa	count_within_distance	total_on_side	fraction_within_distance	expected_count_within_distance	expected_total_site_weighted	expected_fraction_within_distance	obs_minus_expected_fraction
N	1	25	1994	0.012537612838515547	23.631891340137024	1994	0.011851500170580252	0.0006861126679352948
N	2	37	1994	0.018555667001003008	36.904540244660105	1994	0.018507793502838567	4.7873498164440614e-05
N	3	61	1994	0.030591775325977934	59.411727813133595	1994	0.029795249655533398	0.000796525670444536
N	4	74	1994	0.037111334002006016	70.56691865070806	1994	0.03538962820998398	0.0017217057920220352
N	5	89	1994	0.044633901705115345	84.45263293642238	1994	0.042353376598005206	0.0022805251071101387
N	6	104	1994	0.05215646940822467	99.010172618962	1994	0.049654048454845535	0.0025024209533791378
N	7	111	1994	0.055667001003009024	107.95760851639793	1994	0.05414122794202504	0.0015257730609839829
N	8	122	1994	0.06118355065195587	121.23977326431607	1994	0.06080229351269612	0.0003812571392597455
N	9	146	1994	0.0732196589769308	144.87511607465893	1994	0.07265552461116295	0.0005641343657678405
N	10	158	1994	0.07923771313941826	162.06207947732003	1994	0.08127486433165498	-0.0020371511922367275
N	11	167	1994	0.08375125376128385	173.29149251124673	1994	0.0869064656525811	-0.0031552118912972493
N	12	186	1994	0.09327983951855567	192.57980857479134	1994	0.09657964321704682	-0.003299803698491144
N	13	195	1994	0.09779338014042126	206.20979424227684	1994	0.10341514254878477	-0.005621762408363512
N	14	208	1994	0.10431293881644935	217.9840366665196	1994	0.10931997826806399	-0.005007039451614639
N	15	225	1994	0.11283851554663991	235.0386884474872	1994	0.11787296311308285	-0.005034447566442932
N	16	237	1994	0.11885656970912738	247.98822086948655	1994	0.12436721207095615	-0.005510642361828771
N	17	254	1994	0.12738214643931794	266.40770685354164	1994	0.133604667429058	-0.006222520989740049
N	18	270	1994	0.1354062186559679	284.8153272763163	1994	0.142836172154622	-0.007429953498654079
N	19	293	1994	0.1469408224674022	303.10688395111856	1994	0.15200947038671944	-0.005068647919317243
N	20	305	1994	0.15295887662988966	316.99163507788313	1994	0.1589727357461801	-0.006013859116290432
N	21	322	1994	0.16148445336008024	332.60398754523567	1994	0.16680240097554447	-0.005317947615464225
N	22	335	1994	0.16800401203610832	347.9576730271188	1994	0.17450234354419197	-0.0064983315080836546
N	23	346	1994	0.17352056168505517	357.23780436920634	1994	0.17915637129849868	-0.00563580961344351
N	24	363	1994	0.18204613841524575	374.26142582155165	1994	0.1876937942936568	-0.00564765587841104
N	25	374	1994	0.18756268806419257	384.8354165581229	1994	0.192996698374184	-0.005434010309991438
N	26	392	1994	0.19658976930792377	403.21100909322126	1994	0.2022121409695192	-0.005622371661595432
N	27	406	1994	0.20361083249749248	418.1517294214863	1994	0.20970497964969223	-0.006094147152199747
N	28	419	1994	0.21013039117352056	428.54949459862604	1994	0.2149195058167633	-0.004789114643242748
N	29	436	1994	0.21865596790371114	443.2298429052902	1994	0.22228176675290381	-0.003625798849192674
N	30	443	1994	0.22216649949849548	450.92267528131265	1994	0.2261397569113905	-0.003973257412895004
N	31	457	1994	0.2291875626880642	462.8726683438053	1994	0.23213273236900966	-0.002945169680945464
N	32	466	1994	0.2337011033099298	473.0186144304488	1994	0.2372209701256012	-0.003519866815671402
N	33	479	1994	0.24022066198595787	486.55303199009535	1994	0.2440085416199074	-0.0037878796339495258
N	34	487	1994	0.24423269809428286	495.5600635020348	1994	0.24852560857674763	-0.0042929104824647735
N	35	499	1994	0.2502507522567703	510.9940039163294	1994	0.2562657993562334	-0.0060150470994631
N	36	512	1994	0.2567703109327984	523.6473494473295	1994	0.262611509251419	-0.005841198318620622
N	37	528	1994	0.26479438314944836	537.2297463758699	1994	0.2694231426157823	-0.004628759466333954
N	38	535	1994	0.2683049147442327	543.5626188533531	1994	0.2725991067469173	-0.004294192002684605
N	39	543	1994	0.2723169508525577	552.2615182250981	1994	0.2769616440446831	-0.004644693192125404
N	40	552	1994	0.2768304914744233	561.7620689663465	1994	0.28172621312254087	-0.004895721648117579
N	41	565	1994	0.28335005015045134	575.7280672955025	1994	0.2887302243207134	-0.005380174170262042
N	42	571	1994	0.28635907723169507	582.5155677829111	1994	0.292134186450808	-0.0057751092191129505
N	43	583	1994	0.29237713139418253	595.365621177792	1994	0.29857854622757873	-0.006201414833396202
N	44	594	1994	0.2978936810431294	605.4591635003039	1994	0.30364050325993175	-0.005746822216802339
N	45	606	1994	0.3039117352056169	617.2471816225332	1994	0.30955224755392835	-0.005640512348311477
N	46	611	1994	0.30641925777331996	627.1666903699247	1994	0.3145269259628509	-0.008107668189530959
N	47	620	1994	0.31093279839518556	639.4631658389004	1994	0.32069366391118376	-0.009760865515998196
N	48	631	1994	0.3164493480441324	650.9589781136829	1994	0.32645886565380283	-0.010009517609670449
N	49	640	1994	0.320962888665998	661.9521786395078	1994	0.33197200533576116	-0.011009116669763175
N	50	653	1994	0.3274824473420261	674.2296044692689	1994	0.3381291898040466	-0.01064674246202052
N	51	665	1994	0.33350050150451355	687.7756772269207	1994	0.3449226064327586	-0.01142210492824508
N	52	672	1994	0.3370110330992979	697.6125504431272	1994	0.3498558427498131	-0.012844809650515154
N	53	676	1994	0.33901705115346037	703.0078129420659	1994	0.35256159124476727	-0.0135445400913069
N	54	692	1994	0.34704112337011034	715.7261082168122	1994	0.3589398737295949	-0.011898750359484567
N	55	697	1994	0.34954864593781343	722.2596871378913	1994	0.36221649304808995	-0.01266784711027652
N	56	705	1994	0.35356068204613844	729.8785806474825	1994	0.36603740253133527	-0.012476720485196824
N	57	717	1994	0.3595787362086259	738.4979622986485	1994	0.3703600613333242	-0.010781325124698315
N	58	727	1994	0.3645937813440321	747.6987618107336	1994	0.37497430381681723	-0.010380522472785148
N	59	737	1994	0.3696088264794383	756.6926641344639	1994	0.3794847864265115	-0.009875959947073187
N	60	748	1994	0.37512537612838515	766.7540603663145	1994	0.3845306220493052	-0.009405245920920069
N	61	758	1994	0.3801404212637914	776.156660300494	1994	0.38924606835531295	-0.009105647091521563
N	62	767	1994	0.384653961885657	782.6528907275537	1994	0.39250395723548326	-0.007849995349826278
N	63	780	1994	0.39117352056168503	792.7292192449179	1994	0.39755728146685954	-0.006383760905174507
N	64	790	1994	0.39618856569709127	801.439984586512	1994	0.40192576960206217	-0.0057372039049709
N	65	793	1994	0.39769307923771313	809.6474515359332	1994	0.4060418513219324	-0.008348772084219247
N	66	805	1994	0.4037111334002006	818.9326332401939	1994	0.41069841185566397	-0.006987278455463375
N	67	815	1994	0.40872617853560683	829.3691579332984	1994	0.415932376094934	-0.0072061975593271654
N	68	827	1994	0.4147442326980943	842.0883812698447	1994	0.4223111240069432	-0.007566891308848911
N	69	835	1994	0.41875626880641925	852.0782527287946	1994	0.4273210896332972	-0.008564820826877928
N	70	843	1994	0.4227683049147442	861.6081345875872	1994	0.4321003683989906	-0.009332063484246367
N	71	852	1994	0.4272818455366098	869.4948060699616	1994	0.43605556974421344	-0.00877372420760364
N	72	863	1994	0.4327983951855567	879.5910437726501	1994	0.44111887852189074	-0.008320483336334061
N	73	870	1994	0.436308926780341	884.6222111763182	1994	0.4436420316832087	-0.007333104902867704
N	74	876	1994	0.43931795386158473	893.094774349579	1994	0.4478910603558571	-0.008573106494272342
N	75	883	1994	0.4428284854563691	900.9769137226211	1994	0.451843988827794	-0.009015503371424871
N	76	897	1994	0.4498495486459378	910.2934438722759	1994	0.45651627074838314	-0.006666722102445344
N	77	901	1994	0.4518555667001003	915.1616289279617	1994	0.4589576875265605	-0.007102120826460223
N	78	910	1994	0.4563691073219659	922.0611093849868	1994	0.46241780811684396	-0.00604870079487807
N	79	919	1994	0.4608826479438315	933.6590631394048	1994	0.46823423427252	-0.007351586328688486
N	80	928	1994	0.4653961885656971	941.1790485001785	1994	0.47200554087270735	-0.006609352307010263
N	81	936	1994	0.46940822467402205	951.1909751787796	1994	0.4770265672912636	-0.007618342617241536
N	82	945	1994	0.47392176529588764	958.6507840826908	1994	0.4807676951267256	-0.006845929830837982
N	83	959	1994	0.4809428284854564	967.9758327468417	1994	0.48544424912078316	-0.004501420635326769
N	84	969	1994	0.48595787362086257	974.5206739542282	1994	0.4887265165266942	-0.0027686429058316198
N	85	976	1994	0.48946840521564694	979.6869830036984	1994	0.49131744383334924	-0.0018490386177023033
N	86	987	1994	0.49498495486459376	990.1732717149868	1994	0.4965763649523504	-0.0015914100877566506
N	87	994	1994	0.49849548645937813	995.2188168104958	1994	0.49910672859102095	-0.0006112421316428196
N	88	999	1994	0.5010030090270813	1002.1030205696995	1994	0.5025591878483949	-0.0015561788213136474
N	89	1007	1994	0.5050150451354062	1009.1406097475115	1994	0.5060885705855123	-0.0010735254501060831
N	90	1013	1994	0.5080240722166499	1015.5080677323605	1994	0.5092818795046943	-0.0012578072880443658
N	91	1018	1994	0.5105315947843531	1023.9788167900659	1994	0.5135299983902035	-0.0029984036058504637
N	92	1023	1994	0.5130391173520562	1030.4396332519623	1994	0.5167701270070022	-0.0037310096549459937
N	93	1025	1994	0.5140421263791374	1034.6004943138103	1994	0.5188568176097343	-0.004814691230596968
N	94	1032	1994	0.5175526579739218	1042.5030018839198	1994	0.5228199608244332	-0.005267302850511357
N	95	1036	1994	0.5195586760280843	1048.7358690167866	1994	0.5259457718238649	-0.006387095795780673
N	96	1044	1994	0.5235707121364093	1056.7739465710417	1994	0.5299769039975134	-0.006406191861104138
N	97	1047	1994	0.5250752256770311	1063.4051757592363	1994	0.5333024953657153	-0.008227269688684147
N	98	1057	1994	0.5300902708124373	1070.9870726729187	1994	0.5371048508891267	-0.007014580076689425
N	99	1060	1994	0.5315947843530592	1075.5179980438438	1994	0.5393771304131614	-0.0077823460601021965
N	100	1069	1994	0.5361083249749248	1081.5559053197308	1994	0.5424051681643585	-0.006296843189433687
N	101	1075	1994	0.5391173520561685	1086.4644501274138	1994	0.5448668255403278	-0.005749473484159329
N	102	1079	1994	0.541123370110331	1090.4863626687415	1994	0.5468838328328693	-0.005760462722538384
N	103	1084	1994	0.5436308926780341	1096.6249969099429	1994	0.5499623856118069	-0.0063314929337727754
N	104	1093	1994	0.5481444332998997	1101.4119914350256	1994	0.55236308497243	-0.004218651672530327
N	105	1097	1994	0.5501504513540622	1104.640049793077	1994	0.5539819708089654	-0.0038315194549032316
N	106	1103	1994	0.5531594784353059	1109.5018680742583	1994	0.5564201946209921	-0.003260716185686241
N	107	1106	1994	0.5546639919759278	1113.715648482867	1994	0.5585334245149784	-0.003869432539050699
N	108	1110	1994	0.5566700100300903	1118.6673835835156	1994	0.5610167420178113	-0.004346731987720953
N	109	1112	1994	0.5576730190571715	1121.116732231084	1994	0.5622451014198013	-0.004572082362629848
N	110	1115	1994	0.5591775325977933	1125.0031423024939	1994	0.5641941536120831	-0.0050166210142897905
N	111	1119	1994	0.5611835506519559	1128.2456077074592	1994	0.5658202646476725	-0.004636713995716635
N	112	1123	1994	0.5631895687061184	1134.8986240770548	1994	0.5691567823856845	-0.005967213679566097
N	113	1129	1994	0.5661985957873621	1141.3060014219313	1994	0.572370111044098	-0.006171515256735871
N	114	1132	1994	0.567703109327984	1144.93183675069	1994	0.5741884838268255	-0.006485374498841567
N	115	1136	1994	0.5697091273821464	1150.5687902942223	1994	0.5770154414715257	-0.007306314089379318
N	116	1140	1994	0.571715145436309	1155.4439309091983	1994	0.5794603464940814	-0.007745201057772433
N	117	1144	1994	0.5737211634904714	1158.1838953307417	1994	0.5808344510184261	-0.007113287527954704
N	118	1146	1994	0.5747241725175527	1160.7988571662922	1994	0.5821458661816912	-0.007421693664138473
N	119	1150	1994	0.5767301905717152	1165.7971821957829	1994	0.5846525487441238	-0.007922358172408606
N	120	1155	1994	0.5792377131394183	1169.1259779169698	1994	0.5863219548229538	-0.007084241683535497
N	121	1157	1994	0.5802407221664995	1174.4930643123091	1994	0.5890135728747788	-0.008772850708279378
N	122	1158	1994	0.5807422266800402	1177.2885764755865	1994	0.5904155348423202	-0.00967330816228007
N	123	1162	1994	0.5827482447342026	1181.1662794348674	1994	0.5923602203785694	-0.009611975644366777
N	124	1166	1994	0.5847542627883651	1186.64603322735	1994	0.5951083416385908	-0.010354078850225767
N	125	1172	1994	0.5877632898696088	1193.6126652288096	1994	0.5986021390314993	-0.010838849161890485
N	126	1178	1994	0.5907723169508525	1200.4598777241035	1994	0.6020360470030609	-0.011263730052208376
N	127	1188	1994	0.5957873620862588	1209.219271924673	1994	0.6064289227305281	-0.010641560644269243
N	128	1192	1994	0.5977933801404213	1213.0991215487325	1994	0.6083746848288528	-0.010581304688431548
N	129	1196	1994	0.5997993981945837	1217.0045778982715	1994	0.6103332888155825	-0.010533890620998743
N	130	1201	1994	0.6023069207622869	1220.39780885314	1994	0.6120350094549348	-0.009728088692647963
N	131	1208	1994	0.6058174523570712	1225.8531018009342	1994	0.6147708634909399	-0.008953411133868716
N	132	1210	1994	0.6068204613841525	1230.1594697403916	1994	0.6169305264495445	-0.010110065065392027
N	133	1215	1994	0.6093279839518556	1236.9631689095058	1994	0.6203426122916278	-0.011014628339772181
N	134	1215	1994	0.6093279839518556	1239.902970496808	1994	0.6218169360565737	-0.01248895210471812
N	135	1224	1994	0.6138415245737212	1246.2251297702849	1994	0.624987527467545	-0.011146002893823836
N	136	1229	1994	0.6163490471414242	1251.7828988329438	1994	0.627774773737685	-0.011425726596260732
N	137	1230	1994	0.6168505516549649	1254.639597489066	1994	0.6292074210075557	-0.012356869352590727
N	138	1236	1994	0.6198595787362087	1260.1620103793587	1994	0.6319769359976724	-0.01211735726146368
N	139	1238	1994	0.6208625877632898	1264.3193876756836	1994	0.6340618794762706	-0.013199291712980732
N	140	1239	1994	0.6213640922768305	1266.7631991419958	1994	0.6352874619568685	-0.013923369680037934
N	141	1242	1994	0.6228686058174524	1272.6199109498423	1994	0.6382246293630102	-0.015356023545557762
N	142	1251	1994	0.627382146439318	1277.7584507824622	1994	0.6408016302820774	-0.013419483842759372
N	143	1254	1994	0.6288866599799399	1281.2214919080031	1994	0.6425383610371129	-0.01365170105717306
N	144	1257	1994	0.6303911735205617	1284.3999578864698	1994	0.6441323760714492	-0.01374120255088751
N	145	1264	1994	0.633901705115346	1290.8145196405037	1994	0.6473493077434823	-0.013447602628136268
N	146	1269	1994	0.6364092276830492	1294.7914037705852	1994	0.6493437330845463	-0.012934505401497098
N	147	1274	1994	0.6389167502507522	1297.7965258543845	1994	0.6508508153733122	-0.011934065122560011
N	148	1281	1994	0.6424272818455367	1301.4927374247334	1994	0.6527044821588432	-0.01027720031330659
N	149	1284	1994	0.6439317953861585	1304.025009113313	1994	0.653974427840177	-0.010042632454018485
N	150	1289	1994	0.6464393179538616	1308.6335301343347	1994	0.6562856219329662	-0.009846303979104687
N	151	1290	1994	0.6469408224674023	1311.6876769086139	1994	0.6578172903252828	-0.010876467857880545
N	152	1297	1994	0.6504513540621866	1317.3460478894842	1994	0.6606549889114766	-0.010203634849289989
N	153	1303	1994	0.6534603811434303	1322.0199215833811	1994	0.6629989576646846	-0.009538576521254338
N	154	1306	1994	0.6549648946840522	1324.975061334934	1994	0.6644809735882317	-0.009516078904179492
N	155	1312	1994	0.6579739217652959	1331.4440982289707	1994	0.6677252247888519	-0.00975130302355598
N	156	1313	1994	0.6584754262788365	1334.317745415118	1994	0.6691663718230281	-0.010690945544191588
N	157	1316	1994	0.6599799398194583	1336.7202925700556	1994	0.6703712600652234	-0.010391320245765057
N	158	1320	1994	0.6619859578736209	1340.3779551534735	1994	0.6722055943598162	-0.010219636486195283
N	159	1325	1994	0.664493480441324	1344.2111843755185	1994	0.6741279761161076	-0.009634495674783694
N	160	1331	1994	0.6675025075225677	1349.7440866654888	1994	0.6769027515875069	-0.009400244064939223
N	161	1333	1994	0.668505516549649	1352.6551449886967	1994	0.6783626604757756	-0.009857143926126688
N	162	1336	1994	0.6700100300902708	1355.0033963192054	1994	0.6795403191169536	-0.009530289026682737
N	163	1339	1994	0.6715145436308927	1358.179616210426	1994	0.6811332077283982	-0.009618664097505558
N	164	1341	1994	0.672517552657974	1360.0971810102478	1994	0.6820948751305155	-0.009577322472541505
N	165	1343	1994	0.6735205616850551	1362.7423991978574	1994	0.6834214639909014	-0.009900902305846282
N	166	1347	1994	0.6755265797392177	1365.9205538934034	1994	0.6850153229154481	-0.009488743176230385
N	167	1348	1994	0.6760280842527583	1367.4557919886413	1994	0.6857852517495694	-0.009757167496811103
N	168	1350	1994	0.6770310932798396	1370.7063268037873	1994	0.687415409630786	-0.010384316350946388
N	169	1354	1994	0.679037111334002	1374.3078410431872	1994	0.6892215852774258	-0.01018447394342381
N	170	1354	1994	0.679037111334002	1375.5261758522195	1994	0.6898325856831592	-0.010795474349157175
N	171	1356	1994	0.6800401203610833	1378.5595091855523	1994	0.6913538160408988	-0.01131369567981555
N	172	1359	1994	0.6815446339017052	1381.6603412238826	1994	0.6929088973038529	-0.01136426340214769
N	173	1361	1994	0.6825476429287863	1384.1275197660616	1994	0.6941461984784661	-0.011598555549679812
N	174	1365	1994	0.6845536609829489	1386.6494173129597	1994	0.6954109414809226	-0.010857280497973743
N	175	1366	1994	0.6850551654964895	1388.7731047366467	1994	0.6964759803092511	-0.011420814812761582
N	176	1369	1994	0.6865596790371113	1391.3440102200527	1994	0.6977653010130656	-0.011205621975954205
N	177	1373	1994	0.6885656970912738	1395.4982158521216	1994	0.699848653887724	-0.011282956796450194
N	178	1376	1994	0.6900702106318957	1398.5509455298513	1994	0.7013796115997248	-0.011309400967829175
N	179	1377	1994	0.6905717151454364	1400.2748175837232	1994	0.7022441412155082	-0.011672426070071795
N	180	1380	1994	0.6920762286860582	1402.408304728623	1994	0.7033140946482563	-0.011237865962198113
N	181	1382	1994	0.6930792377131394	1402.9952359455542	1994	0.7036084433026851	-0.010529205589545731
N	182	1383	1994	0.6935807422266801	1404.442921130739	1994	0.7043344639572412	-0.010753721730561105
N	183	1387	1994	0.6955867602808425	1407.684584399981	1994	0.7059601727181449	-0.010373412437302387
N	184	1390	1994	0.6970912738214644	1409.202988888212	1994	0.7067216594223732	-0.009630385600908786
N	185	1393	1994	0.6985957873620863	1410.4062946590338	1994	0.7073251226976097	-0.008729335335523447
N	186	1393	1994	0.6985957873620863	1412.1067105585876	1994	0.7081778889461322	-0.009582101584045932
N	187	1399	1994	0.70160481444333	1414.8936522080292	1994	0.7095755527623014	-0.007970738318971438
N	188	1401	1994	0.7026078234704113	1417.8210081853845	1994	0.7110436349976853	-0.008435811527274018
N	189	1405	1994	0.7046138415245737	1422.0947525413874	1994	0.7131869370819395	-0.00857309555736574
N	190	1406	1994	0.7051153460381143	1423.5717430946934	1994	0.7139276545108794	-0.00881230847276504
N	191	1410	1994	0.7071213640922769	1425.6406866511377	1994	0.7149652390426969	-0.007843874950420049
N	192	1415	1994	0.7096288866599799	1429.1921578450012	1994	0.716746317876129	-0.0071174312161490505
N	193	1417	1994	0.7106318956870612	1431.2825594627934	1994	0.7177946637225644	-0.0071627680355031975
N	194	1423	1994	0.7136409227683049	1434.5716871605644	1994	0.719444176108608	-0.005803253340303072
N	195	1425	1994	0.7146439317953862	1436.6049800313574	1994	0.7204638816606607	-0.005819949865274454
N	196	1433	1994	0.7186559679037111	1441.1359161353432	1994	0.7227361665673737	-0.004080198663662604
N	197	1435	1994	0.7196589769307924	1443.2577280856594	1994	0.7238002648373417	-0.004141287906549329
N	198	1442	1994	0.7231695085255767	1446.6406435416554	1994	0.7254968122074501	-0.002327303681873394
N	199	1444	1994	0.724172517552658	1448.698034472961	1994	0.7265286030456173	-0.0023560854929592923
N	200	1446	1994	0.7251755265797393	1450.1112161986432	1994	0.7272373200595001	-0.002061793479760876
C	1	15	2421	0.006195786864931847	16.278627271533452	2421	0.0067239270018725535	-0.0005281401369407069
C	2	33	2421	0.013630731102850062	31.41852952848761	2421	0.012977500837871792	0.0006532302649782697
C	3	48	2421	0.01982651796778191	44.70085843205249	2421	0.01846379943496592	0.0013627185328159881
C	4	62	2421	0.02560925237505163	61.123245811939945	2421	0.02524710690290787	0.0003621454721437628
C	5	76	2421	0.03139198678232136	74.40297408545858	2421	0.03073233130336992	0.0006596554789514361
C	6	85	2421	0.03510945890128046	87.79296222058662	2421	0.03626309881065123	-0.0011536399093707642
C	7	101	2421	0.041718298223874434	102.39863539002675	2421	0.042296008009098204	-0.0005777097852237706
C	8	117	2421	0.048327137546468404	118.50192860745653	2421	0.048947512849011374	-0.0006203753025429692
C	9	137	2421	0.056588186699710864	138.29622258302652	2421	0.057123594623307114	-0.0005354079235962497
C	10	152	2421	0.06278397356464271	155.0052900705881	2421	0.0640253160142867	-0.0012413424496439812
C	11	170	2421	0.07021891780256093	172.47526531710037	2421	0.07124133222515505	-0.0010224144225941256
C	12	190	2421	0.07847996695580339	194.73064051231293	2421	0.08043396964573025	-0.001954002689926862
C	13	204	2421	0.08426270136307311	209.86250300470684	2421	0.08668422263721885	-0.0024215212741457437
C	14	227	2421	0.09376290788930194	234.55403321362817	2421	0.09688311987345237	-0.0031202119841504256
C	15	243	2421	0.10037174721189591	252.66410063630138	2421	0.10436352773081428	-0.003991780518918367
C	16	261	2421	0.10780669144981413	272.53207298663256	2421	0.11257004253888168	-0.004763351089067558
C	17	280	2421	0.11565468814539447	291.5800885261852	2421	0.1204378721710802	-0.004783184025685741
C	18	289	2421	0.11937216026435357	303.50512619083	2421	0.12536353828617514	-0.005991378021821564
C	19	299	2421	0.1235026848409748	315.0053991951403	2421	0.13011375431439087	-0.006611069473416067
C	20	318	2421	0.13135068153655513	334.47029464097466	2421	0.13815377721642902	-0.006803095679873888
C	21	327	2421	0.13506815365551425	347.91910992902507	2421	0.14370884342380216	-0.008640689768287912
C	22	342	2421	0.1412639405204461	365.3575335419826	2421	0.1509118271548875	-0.009647886634441383
C	23	360	2421	0.14869888475836432	381.2428102026404	2421	0.15747327972021494	-0.008774394961850618
C	24	374	2421	0.15448161916563405	397.103856764544	2421	0.1640247239837026	-0.009543104818068554
C	25	395	2421	0.16315572077653862	413.2541857367961	2421	0.17069565705774312	-0.007539936281204501
C	26	405	2421	0.16728624535315986	428.40019710837174	2421	0.1769517542785509	-0.009665508925391031
C	27	429	2421	0.1771995043370508	449.8924226253652	2421	0.18582917084897366	-0.008629666511922846
C	28	443	2421	0.18298223874432054	464.6209107300481	2421	0.19191280905826025	-0.008930570313939706
C	29	452	2421	0.18669971086327963	473.84339205311466	2421	0.19572217763449593	-0.009022466771216292
C	30	464	2421	0.1916563403552251	485.9032973893376	2421	0.20070355117279537	-0.009047210817570261
C	31	473	2421	0.19537381247418423	496.71561182423005	2421	0.20516960422314334	-0.009795791748959115
C	32	493	2421	0.2036348616274267	512.0943516029699	2421	0.2115218304844981	-0.007886968857071408
C	33	507	2421	0.2094175960346964	523.7426670381781	2421	0.21633319580263446	-0.006915599767938069
C	34	521	2421	0.21520033044196613	535.5450029360273	2421	0.22120817965139503	-0.0060078492094289004
C	35	534	2421	0.22057001239157373	548.9563604786604	2421	0.22674777384496506	-0.006177761453391328
C	36	547	2421	0.22593969434118133	557.9898712486046	2421	0.23047908766980776	-0.004539393328626434
C	37	559	2421	0.2308963238331268	573.0162253404192	2421	0.23668576015713308	-0.005789436324006275
C	38	570	2421	0.23543990086741015	584.1096235041795	2421	0.24126791553249874	-0.005828014665088588
C	39	576	2421	0.2379182156133829	592.80219421268	2421	0.24485840322704666	-0.006940187613663773
C	40	583	2421	0.24080958281701775	601.5228863290945	2421	0.2484605065382464	-0.007650923721228636
C	41	600	2421	0.24783147459727387	613.8537881566524	2421	0.25355381584330955	-0.005722341246035684
C	42	614	2421	0.25361420900454357	625.9913960953093	2421	0.25856728463251105	-0.004953075627967485
C	43	624	2421	0.2577447335811648	635.4335417977181	2421	0.2624673861204949	-0.00472265253933013
C	44	637	2421	0.2631144155307724	646.3106374913982	2421	0.26696019722899555	-0.0038457816982231385
C	45	650	2421	0.26848409748038	659.6711483449935	2421	0.27247878907269457	-0.003994691592314581
C	46	662	2421	0.27344072697232547	670.519788705178	2421	0.2769598466357613	-0.0035191196634358213
C	47	669	2421	0.27633209417596033	677.029682078171	2421	0.2796487740925944	-0.003316679916634091
C	48	680	2421	0.2808756712102437	690.115368144217	2421	0.2850538488823697	-0.004178177672125971
C	49	690	2421	0.2850061957868649	699.1016185896768	2421	0.28876564171403424	-0.0037594459271693137
C	50	700	2421	0.28913672036348614	708.8731374334446	2421	0.29280179158754427	-0.003665071224058125
C	51	710	2421	0.2932672449401074	717.9966453407538	2421	0.2965702789511581	-0.0033030340110506984
C	52	718	2421	0.2965716646014044	727.7139411064779	2421	0.3005840318490202	-0.004012367247615833
C	53	731	2421	0.30194134655101196	741.5720059365156	2421	0.3063081395855083	-0.00436679303449633
C	54	741	2421	0.30607187112763323	751.9742128042233	2421	0.31060479669732477	-0.004532925569691537
C	55	752	2421	0.31061544816191655	760.8201835001947	2421	0.3142586466337029	-0.0036431984717863464
C	56	760	2421	0.31391986782321357	769.8704273274567	2421	0.3179968720889949	-0.004077004265781337
C	57	769	2421	0.31763733994217264	777.9641919257006	2421	0.32134002144803825	-0.0037026815058656126
C	58	775	2421	0.3201156546881454	787.0943689930905	2421	0.325111263524614	-0.004995608836468601
C	59	787	2421	0.3250722841800909	793.6665176777391	2421	0.327825905690929	-0.0027536215108381334
C	60	797	2421	0.3292028087567121	804.0219706697147	2421	0.33210325099946914	-0.0029004422427570398
C	61	808	2421	0.33374638579099547	813.1868463788829	2421	0.33588882543530896	-0.0021424396443134874
C	62	813	2421	0.3358116480793061	820.0618013722121	2421	0.33872854249162004	-0.002916894412313964
C	63	827	2421	0.3415943824865758	830.8484152093764	2421	0.343183979846913	-0.0015895973603372027
C	64	839	2421	0.3465510119785213	841.1926868617551	2421	0.34745670667565265	-0.0009056946971313651
C	65	851	2421	0.35150764147046676	854.4926770757896	2421	0.35295030032044183	-0.0014426588499750759
C	66	861	2421	0.355638166047088	863.6641749434501	2421	0.3567386100551219	-0.0011004440080339406
C	67	866	2421	0.3577034283353986	871.3055709127865	2421	0.35989490744022573	-0.002191479104827143
C	68	871	2421	0.3597686906237092	878.4752553759195	2421	0.3628563632283847	-0.0030876726046755176
C	69	879	2421	0.3630731102850062	887.8706298353314	2421	0.3667371457395008	-0.003664035454494563
C	70	882	2421	0.3643122676579926	892.1819812527317	2421	0.36851796003830306	-0.004205692380310488
C	71	892	2421	0.3684427922346138	903.8552379480777	2421	0.3733396274052366	-0.004896835170622782
C	72	898	2421	0.37092110698058656	911.3172457045666	2421	0.3764218280481481	-0.005500721067561554
C	73	912	2421	0.37670384138785623	924.4596418305458	2421	0.381850327067553	-0.005146485679696777
C	74	925	2421	0.38207352333746386	935.7404996308702	2421	0.38650991310651395	-0.004436389769050086
C	75	935	2421	0.3862040479140851	944.437623710836	2421	0.39010228158233623	-0.00389823366825115
C	76	945	2421	0.3903345724907063	954.1655969513764	2421	0.3941204448374128	-0.0037858723467065203
C	77	953	2421	0.3936389921520033	962.1142676375148	2421	0.39740366279946915	-0.0037646706474658287
C	78	965	2421	0.3985956216439488	971.920345946299	2421	0.4014540875449397	-0.0028584659009909252
C	79	977	2421	0.40355225113589427	984.6681758817665	2421	0.40671961002964335	-0.0031673588937490837
C	80	981	2421	0.4052044609665427	990.6833008485224	2421	0.4092041721803067	-0.003999711213763968
C	81	994	2421	0.41057414291615035	1001.5025491715685	2421	0.41367308929019764	-0.0030989463740472845
C	82	1002	2421	0.4138785625774473	1010.6800169443111	2421	0.4174638649088439	-0.0035853023313965893
C	83	1010	2421	0.41718298223874434	1018.3358675742999	2421	0.42062613282705485	-0.0034431505883105173
C	84	1018	2421	0.4204874019000413	1026.9450887546518	2421	0.42418219279415603	-0.00369479089411473
C	85	1028	2421	0.4246179264766625	1035.9104143919076	2421	0.42788534258236577	-0.003267416105703247
C	86	1036	2421	0.42792234613795954	1042.829471355698	2421	0.43074327606596363	-0.00282092992800409
C	87	1043	2421	0.4308137133415944	1049.4839839014376	2421	0.4334919388275248	-0.0026782254859303856
C	88	1052	2421	0.43453118546055347	1055.3454007595792	2421	0.4359130114661624	-0.0013818260056089327
C	89	1060	2421	0.4378356051218505	1065.0442971363952	2421	0.43991916445121654	-0.002083559329366047
C	90	1068	2421	0.44114002478314746	1073.2405382040304	2421	0.44330464196779445	-0.0021646171846469997
C	91	1072	2421	0.44279223461379597	1079.0740904174488	2421	0.44571420504644726	-0.0029219704326512996
C	92	1080	2421	0.44609665427509293	1087.540288456968	2421	0.4492111889537249	-0.003114534678631986
C	93	1088	2421	0.4494010739363899	1094.5660654224698	2421	0.4521132033963114	-0.0027121294599214973
C	94	1095	2421	0.45229244114002476	1101.9991517345288	2421	0.455183457965522	-0.00289101682549725
C	95	1104	2421	0.4560099132589839	1111.0794807166303	2421	0.45893411016795965	-0.0029241969089757736
C	96	1109	2421	0.4580751755472945	1119.4324721479416	2421	0.4623843338074934	-0.004309158260198898
C	97	1109	2421	0.4580751755472945	1121.7989794641296	2421	0.4633618254705203	-0.005286649923225806
C	98	1116	2421	0.46096654275092935	1125.789139227995	2421	0.46500997076744943	-0.004043428016520079
C	99	1121	2421	0.46303180503923996	1132.6937514267938	2421	0.4678619378053671	-0.004830132766127149
C	100	1129	2421	0.466336224700537	1140.366322196914	2421	0.47103111201855186	-0.004694887318014873
C	101	1136	2421	0.46922759190417185	1147.416085734079	2421	0.47394303417351463	-0.004715442269342784
C	102	1139	2421	0.4704667492771582	1152.0721620907905	2421	0.47586623795571686	-0.0053994886785586615
C	103	1146	2421	0.47335811648079307	1159.9773995336734	2421	0.47913151570990226	-0.0057733992291091885
C	104	1150	2421	0.4750103263114416	1164.2542067722732	2421	0.4808980614507531	-0.005887735139311512
C	105	1157	2421	0.47790169351507644	1171.8903289217562	2421	0.4840521804716052	-0.006150486956528756
C	106	1165	2421	0.4812061131763734	1179.6401827515986	2421	0.4872532766425438	-0.006047163466170402
C	107	1170	2421	0.483271375464684	1183.9833131372698	2421	0.48904721732229234	-0.0057758418576083215
C	108	1174	2421	0.4849235852953325	1187.4977097292397	2421	0.4904988474718049	-0.005575262176472362
C	109	1178	2421	0.486575795125981	1192.878333168597	2421	0.49272132720718587	-0.006145532081204885
C	110	1185	2421	0.48946716232961585	1201.5174035814368	2421	0.4962897164731255	-0.006822554143509629
C	111	1194	2421	0.49318463444857497	1211.7483686876908	2421	0.5005156417545191	-0.007331007305944159
C	112	1201	2421	0.49607600165220983	1219.1845608736412	2421	0.5035871792125738	-0.0075111775603639575
C	113	1212	2421	0.5006195786864932	1225.7475474548742	2421	0.5062980369495557	-0.005678458263062458
C	114	1218	2421	0.5030978934324659	1233.5838026342578	2421	0.5095348214102676	-0.00643692797780171
C	115	1227	2421	0.506815365551425	1240.3269072914911	2421	0.5123200773612107	-0.005504711809785623
C	116	1233	2421	0.5092936802973977	1247.1510057209623	2421	0.5151387879888321	-0.005845107691434315
C	117	1241	2421	0.5125980999586948	1252.806749315653	2421	0.5174749067805258	-0.0048768068218310034
C	118	1245	2421	0.5142503097893433	1256.9845933707884	2421	0.5192005755352286	-0.004950265745885307
C	119	1253	2421	0.5175547294506402	1263.5036948323811	2421	0.5218933064156882	-0.004338576965048024
C	120	1259	2421	0.520033044196613	1268.6689329721764	2421	0.5240268207237407	-0.003993776527127735
C	121	1264	2421	0.5220983064849236	1273.1640028177899	2421	0.5258835203708343	-0.0037852138859106876
C	122	1272	2421	0.5254027261462205	1278.4065336314898	2421	0.5280489606078025	-0.0026462344615819644
C	123	1276	2421	0.527054935976869	1283.4700895183655	2421	0.530140474811386	-0.00308553883451701
C	124	1280	2421	0.5287071458075175	1288.6758639202376	2421	0.5322907327221138	-0.0035835869145962596
C	125	1286	2421	0.5311854605534903	1295.3430814199025	2421	0.5350446432961183	-0.0038591827426280867
C	126	1290	2421	0.5328376703841388	1300.8880455033816	2421	0.5373350043384476	-0.004497333954308846
C	127	1296	2421	0.5353159851301115	1306.9449506961546	2421	0.5398368239141489	-0.004520838784037418
C	128	1303	2421	0.5382073523337464	1314.465429439803	2421	0.5429431761420087	-0.004735823808262318
C	129	1307	2421	0.5398595621643949	1318.3575303340795	2421	0.5445508179818586	-0.004691255817463658
C	130	1316	2421	0.543577034283354	1324.5185183023627	2421	0.5470956292037847	-0.0035185949204307176
C	131	1320	2421	0.5452292441140025	1331.1449282864542	2421	0.5498326841331905	-0.004603440019187999
C	132	1325	2421	0.5472945064023131	1335.9246154574982	2421	0.5518069456660464	-0.004512439263733237
C	133	1329	2421	0.5489467162329615	1340.2349492629046	2421	0.5535873396377136	-0.00464062340475202
C	134	1335	2421	0.5514250309789344	1345.5644088554006	2421	0.5557886860204051	-0.004363655041470738
C	135	1342	2421	0.5543163981825692	1351.2206697512663	2421	0.5581250184846205	-0.003808620302051313
C	136	1345	2421	0.5555555555555556	1354.674960128743	2421	0.5595518216145159	-0.003996266058960307
C	137	1348	2421	0.5567947129285419	1358.0584423273733	2421	0.5609493772521162	-0.004154664323574364
C	138	1352	2421	0.5584469227591904	1362.7425268951233	2421	0.5628841498947226	-0.004437227135532185
C	139	1358	2421	0.5609252375051632	1368.4652196430884	2421	0.5652479221987148	-0.004322684693551571
C	140	1360	2421	0.5617513424204874	1372.3167412454548	2421	0.5668388026623109	-0.005087460241823494
C	141	1363	2421	0.5629904997934738	1376.3638401023945	2421	0.5685104667915715	-0.005519966998097647
C	142	1371	2421	0.5662949194547707	1382.8544778943688	2421	0.571191440683341	-0.004896521228570316
C	143	1379	2421	0.5695993391160677	1389.9534475470064	2421	0.5741236875452319	-0.00452434842916416
C	144	1381	2421	0.570425444031392	1392.7363394299257	2421	0.5752731678768797	-0.004847723845487706
C	145	1387	2421	0.5729037587773648	1398.8085076393513	2421	0.5777812918791208	-0.004877533101755982
C	146	1389	2421	0.573729863692689	1401.0694635170898	2421	0.5787151852610862	-0.004985321568397261
C	147	1393	2421	0.5753820735233375	1405.0091606878589	2421	0.580342486859917	-0.004960413336579483
C	148	1396	2421	0.5766212308963239	1407.7329956640087	2421	0.5814675735910817	-0.00484634269475781
C	149	1401	2421	0.5786864931846345	1413.6818564493137	2421	0.5839247651587417	-0.0052382719741072
C	150	1410	2421	0.5824039653035935	1419.8360682299901	2421	0.5864667774597233	-0.0040628121561298025
C	151	1412	2421	0.5832300702189178	1422.7670979857896	2421	0.5876774465038371	-0.004447376284919313
C	152	1417	2421	0.5852953325072284	1427.156321580804	2421	0.5894904260969863	-0.004195093589757892
C	153	1423	2421	0.5877736472532011	1432.6866308443118	2421	0.5917747339299099	-0.004001086676708732
C	154	1428	2421	0.5898389095415117	1438.6663563882423	2421	0.5942446742619754	-0.004405764720463612
C	155	1432	2421	0.5914911193721603	1443.9813185421483	2421	0.5964400324420274	-0.004948913069867111
C	156	1435	2421	0.5927302767451467	1446.647859293064	2421	0.5975414536526493	-0.004811176907502657
C	157	1439	2421	0.5943824865757952	1449.625402023452	2421	0.59877133499523	-0.0043888484194348765
C	158	1441	2421	0.5952085914911194	1452.7167087409275	2421	0.6000482068322708	-0.004839615341151404
C	159	1446	2421	0.59727385377943	1454.9197097079214	2421	0.6009581617959197	-0.003684308016489668
C	160	1451	2421	0.5993391160677406	1460.9305111277595	2421	0.6034409380949027	-0.004101822027162139
C	161	1456	2421	0.6014043783560512	1465.8143106246553	2421	0.6054582034798246	-0.004053825123773391
C	162	1459	2421	0.6026435357290376	1470.1588447528857	2421	0.6072527239788871	-0.004609188249849461
C	163	1465	2421	0.6051218504750103	1472.6072243739616	2421	0.6082640331986624	-0.003142182723652076
C	164	1472	2421	0.6080132176786451	1477.8603022251634	2421	0.6104338299153917	-0.002420612236746611
C	165	1475	2421	0.6092523750516315	1481.2838412282956	2421	0.6118479311145376	-0.002595556062906068
C	166	1479	2421	0.61090458488228	1484.524372514156	2421	0.6131864405262933	-0.0022818556440132864
C	167	1482	2421	0.6121437422552665	1487.008435547038	2421	0.6142124888670129	-0.002068746611746386
C	168	1486	2421	0.6137959520859149	1490.103299215791	2421	0.6154908299115204	-0.001694877825605512
C	169	1492	2421	0.6162742668318877	1495.412066044566	2421	0.6176836290973011	-0.0014093622654134386
C	170	1498	2421	0.6187525815778604	1501.243841309207	2421	0.6200924582028943	-0.0013398766250338756
C	171	1502	2421	0.6204047914085089	1506.8548207977794	2421	0.6224100870705409	-0.002005295662032003
C	172	1503	2421	0.620817843866171	1509.8338560633492	2421	0.6236405849084466	-0.002822741042275645
C	173	1505	2421	0.6216439487814952	1512.413912148442	2421	0.6247062834153003	-0.0030623346338051194
C	174	1507	2421	0.6224700536968195	1514.962167524247	2421	0.6257588465610272	-0.0032887928642076902
C	175	1509	2421	0.6232961586121437	1516.9515188767596	2421	0.6265805530263361	-0.003284394414192371
C	176	1513	2421	0.6249483684427922	1521.7297092362373	2421	0.6285541962974958	-0.003605827854703536
C	177	1520	2421	0.6278397356464271	1527.9461632893142	2421	0.6311219179220628	-0.0032821822756357033
C	178	1523	2421	0.6290788930194134	1531.0018878317326	2421	0.6323840924542472	-0.003305199434833761
C	179	1524	2421	0.6294919454770755	1535.0380520683916	2421	0.6340512400117272	-0.004559294534651648
C	180	1529	2421	0.6315572077653862	1539.0770641158895	2421	0.6357195638644731	-0.0041623560990869946
C	181	1533	2421	0.6332094175960347	1541.40988946048	2421	0.6366831431063528	-0.003473725510318104
C	182	1540	2421	0.6361007847996696	1545.9806027263342	2421	0.6385710874540826	-0.002470302654413059
C	183	1542	2421	0.6369268897149938	1548.2646938483401	2421	0.6395145369055515	-0.002587647190557707
C	184	1547	2421	0.6389921520033044	1551.8359129600412	2421	0.6409896377364895	-0.0019974857331851448
C	185	1549	2421	0.6398182569186287	1554.0140613460146	2421	0.6418893272804687	-0.002071070361839955
C	186	1553	2421	0.6414704667492772	1556.3708625685285	2421	0.6428628098176491	-0.0013923430683718818
C	187	1556	2421	0.6427096241222635	1558.677329768298	2421	0.643815501763031	-0.0011058776407675275
C	188	1558	2421	0.6435357290375878	1560.8288240118084	2421	0.6447041817479588	-0.0011684527103710263
C	189	1562	2421	0.6451879388682362	1563.1802921102171	2421	0.6456754614251207	-0.00048752255688444546
C	190	1564	2421	0.6460140437835605	1565.4669204337433	2421	0.646619958873913	-0.0006059150903524602
C	191	1565	2421	0.6464270962412226	1567.7770325886142	2421	0.6475741563769576	-0.0011470601357349564
C	192	1569	2421	0.6480793060718711	1571.8681677664763	2421	0.6492640098168014	-0.0011847037449302933
C	193	1572	2421	0.6493184634448576	1574.939846532587	2421	0.650532774280292	-0.00121431083543444
C	194	1574	2421	0.6501445683601818	1578.042943715116	2421	0.6518145161979001	-0.001669947837718344
C	195	1577	2421	0.6513837257331682	1580.9639425450885	2421	0.6530210419434483	-0.001637316210280182
C	196	1578	2421	0.6517967781908303	1582.2795437891748	2421	0.6535644542706216	-0.001767676079791336
C	197	1581	2421	0.6530359355638166	1585.796727320381	2421	0.655017235572235	-0.0019813000084184518
C	198	1582	2421	0.6534489880214788	1586.9757195667917	2421	0.6555042212171796	-0.0020552331957007786
C	199	1584	2421	0.654275092936803	1589.9049945973175	2421	0.6567141654677066	-0.0024390725309035854
C	200	1588	2421	0.6559273027674515	1594.0163318357022	2421	0.6584123634182991	-0.002485060650847637
