canonical_UniProtAC	outside_domain_idr_segment_id	outside_domain_idr_start	outside_domain_idr_end	outside_domain_idr_length	arginines_in_segment
A0AV96	A0AV96:5:381-391	381	391	11	3
A0AVF1	A0AVF1:1:1-26	1	26	26	4
A1L020	A1L020:7:403-461	403	461	59	5
A1L390	A1L390:19:1056-1134	1056	1134	79	11
A4D1S0	A4D1S0:5:174-216	174	216	43	5
A5PL33	A5PL33:4:144-194	144	194	51	5
A5PL33	A5PL33:10:548-562	548	562	15	2
A5PL33	A5PL33:17:868-1030	868	1030	163	13
A6NCL7	A6NCL7:6:349-494	349	494	146	23
A6NED2	A6NED2:2:25-32	25	32	8	2
A6NEL2	A6NEL2:2:90-186	90	186	97	14
A6NEL2	A6NEL2:3:216-290	216	290	75	7
A6NFI3	A6NFI3:5:518-593	518	593	76	5
A6NHR9	A6NHR9:2:26-26	26	26	1	1
A6NJG2	A6NJG2:1:1-39	1	39	39	4
A6QL63	A6QL63:1:1-8	1	8	8	2
A7E2V4	A7E2V4:8:1013-1232	1013	1232	220	18
A7E2V4	A7E2V4:10:1431-1465	1431	1465	35	4
A7KAX9	A7KAX9:43:1533-1533	1533	1533	1	1
A7MBM2	A7MBM2:10:1169-1194	1169	1194	26	4
A7MCY6	A7MCY6:11:343-476	343	476	134	14
B1AK53	B1AK53:12:764-834	764	834	71	12
B2RTY4	B2RTY4:25:2283-2296	2283	2296	14	3
B5ME19	B5ME19:3:893-914	893	914	22	4
B8ZZ34	B8ZZ34:13:378-385	378	385	8	2
C9J069	C9J069:6:197-215	197	215	19	2
C9J069	C9J069:7:218-245	218	245	28	2
C9JG80	C9JG80:6:871-1138	871	1138	268	38
C9JLR9	C9JLR9:1:1-101	1	101	101	13
C9JLR9	C9JLR9:3:182-256	182	256	75	13
D6RIA3	D6RIA3:23:1315-1322	1315	1322	8	2
O00182	O00182:3:170-188	170	188	19	4
O00192	O00192:8:180-291	180	291	112	12
O00192	O00192:14:589-617	589	617	29	5
O00193	O00193:1:1-26	1	26	26	2
O00220	O00220:3:16-85	16	85	70	9
O00257	O00257:3:91-202	91	202	112	2
O00264	O00264:2:50-71	50	71	22	3
O00267	O00267:4:665-701	665	701	37	6
O00267	O00267:5:752-771	752	771	20	3
O00268	O00268:7:378-426	378	426	49	2
O00268	O00268:9:432-448	432	448	17	1
O00268	O00268:16:728-755	728	755	28	1
O00291	O00291:1:1-20	1	20	20	1
O00294	O00294:1:1-295	1	295	295	29
O00401	O00401:4:263-403	263	403	141	8
O00444	O00444:3:320-428	320	428	109	10
O00470	O00470:9:369-375	369	375	7	1
O00512	O00512:4:505-564	505	564	60	4
O00512	O00512:5:568-627	568	627	60	4
O00512	O00512:18:1249-1276	1249	1276	28	2
O00541	O00541:4:294-315	294	315	22	2
O00555	O00555:8:810-1221	810	1221	412	51
O00562	O00562:8:1204-1244	1204	1244	41	5
O00571	O00571:2:12-150	12	150	139	15
O00571	O00571:6:580-639	580	639	60	8
O00712	O00712:4:231-377	231	377	147	6
O00712	O00712:6:383-420	383	420	38	1
O00716	O00716:4:90-177	90	177	88	6
O00762	O00762:1:1-29	1	29	29	3
O14497	O14497:1:1-893	1	893	893	25
O14497	O14497:7:1112-1498	1112	1498	387	16
O14497	O14497:8:1502-1647	1502	1647	146	9
O14511	O14511:2:831-850	831	850	20	3
O14559	O14559:17:1051-1075	1051	1075	25	1
O14559	O14559:21:1089-1287	1089	1287	199	19
O14578	O14578:22:1904-2027	1904	2027	124	20
O14647	O14647:9:1556-1662	1556	1662	107	9
O14647	O14647:11:1679-1828	1679	1828	150	21
O14654	O14654:4:403-654	403	654	252	21
O14654	O14654:6:666-945	666	945	280	15
O14686	O14686:17:2165-2827	2165	2827	663	34
O14686	O14686:18:2829-2996	2829	2996	168	11
O14686	O14686:32:3577-3708	3577	3708	132	5
O14686	O14686:34:3726-3848	3726	3848	123	3
O14686	O14686:35:3851-3897	3851	3897	47	1
O14686	O14686:39:4212-4212	4212	4212	1	1
O14686	O14686:48:4880-4980	4880	4980	101	6
O14776	O14776:1:1-128	1	128	128	11
O14776	O14776:8:575-590	575	590	16	1
O14776	O14776:15:1078-1098	1078	1098	21	4
O14777	O14777:1:1-48	1	48	48	3
O14908	O14908:1:1-55	1	55	55	4
O14908	O14908:2:220-238	220	238	19	2
O14924	O14924:7:507-527	507	527	21	2
O14924	O14924:14:613-653	613	653	41	7
O14976	O14976:12:1160-1199	1160	1199	40	3
O14979	O14979:1:1-121	1	121	121	19
O14979	O14979:3:313-349	313	349	37	6
O14979	O14979:4:398-420	398	420	23	1
O15018	O15018:5:184-321	184	321	138	9
O15021	O15021:2:86-166	86	166	81	7
O15021	O15021:20:1598-1671	1598	1671	74	6
O15027	O15027:2:32-360	32	360	329	17
O15027	O15027:9:498-606	498	606	109	5
O15027	O15027:15:753-829	753	829	77	2
O15027	O15027:25:1210-1250	1210	1250	41	5
O15027	O15027:27:1303-1378	1303	1378	76	10
O15037	O15037:7:316-408	316	408	93	12
O15047	O15047:2:191-364	191	364	174	10
O15047	O15047:3:366-655	366	655	290	18
O15047	O15047:12:889-1251	889	1251	363	27
O15061	O15061:29:1483-1499	1483	1499	17	3
O15067	O15067:10:1032-1033	1032	1033	2	1
O15069	O15069:15:745-1410	745	1410	666	13
O15156	O15156:3:167-312	167	312	146	7
O15164	O15164:4:474-557	474	557	84	7
O15164	O15164:7:640-713	640	713	74	5
O15169	O15169:12:497-595	497	595	99	6
O15230	O15230:1:1-4	1	4	4	1
O15231	O15231:5:293-540	293	540	248	21
O15234	O15234:1:1-140	1	140	140	9
O15234	O15234:2:250-541	250	541	292	31
O15357	O15357:5:896-1118	896	1118	223	15
O15357	O15357:7:1133-1182	1133	1182	50	5
O15370	O15370:2:110-288	110	288	179	16
O15417	O15417:6:134-263	134	263	130	12
O15504	O15504:1:26-85	26	85	60	6
O15523	O15523:1:1-123	1	123	123	14
O15523	O15523:6:578-628	578	628	51	7
O15534	O15534:4:564-601	564	601	38	4
O15534	O15534:12:805-877	805	877	73	8
O15534	O15534:14:888-904	888	904	17	1
O15553	O15553:1:93-227	93	227	135	16
O43143	O43143:1:1-115	1	115	115	16
O43182	O43182:1:1-120	1	120	120	9
O43189	O43189:6:453-530	453	530	78	5
O43293	O43293:4:451-454	451	454	4	1
O43347	O43347:2:187-197	187	197	11	1
O43390	O43390:4:412-459	412	459	48	9
O43390	O43390:5:490-633	490	633	144	20
O43414	O43414:1:1-21	1	21	21	2
O43432	O43432:18:664-674	664	674	11	3
O43432	O43432:19:677-713	677	713	37	7
O43464	O43464:1:1-11	1	11	11	2
O43464	O43464:3:70-83	70	83	14	1
O43482	O43482:1:1-18	1	18	18	4
O43491	O43491:1:1-209	1	209	209	8
O43491	O43491:3:671-801	671	801	131	9
O43497	O43497:1:1-50	1	50	50	3
O43497	O43497:24:2103-2146	2103	2146	44	5
O43516	O43516:2:57-503	57	503	447	40
O43541	O43541:1:1-116	1	116	116	21
O43566	O43566:1:1-57	1	57	57	2
O43572	O43572:1:1-56	1	56	56	6
O43638	O43638:2:117-158	117	158	42	5
O43665	O43665:1:1-35	1	35	35	4
O43670	O43670:7:382-478	382	478	97	6
O43678	O43678:1:1-11	1	11	11	1
O43709	O43709:1:1-17	1	17	17	3
O43719	O43719:1:1-55	1	55	55	1
O43719	O43719:9:377-755	377	755	379	11
O43765	O43765:2:65-90	65	90	26	2
O43809	O43809:1:1-16	1	16	16	2
O43818	O43818:1:1-76	1	76	76	7
O43823	O43823:5:103-127	103	127	25	3
O43823	O43823:8:167-226	167	226	60	8
O43823	O43823:9:229-255	229	255	27	2
O43823	O43823:11:263-384	263	384	122	22
O43824	O43824:3:15-84	15	84	70	11
O43865	O43865:5:525-530	525	530	6	1
O43896	O43896:16:942-1103	942	1103	162	21
O43900	O43900:1:1-28	1	28	28	7
O60216	O60216:9:400-560	400	560	161	11
O60229	O60229:8:2243-2315	2243	2315	73	5
O60237	O60237:13:752-864	752	864	113	16
O60241	O60241:14:1358-1389	1358	1389	32	4
O60244	O60244:4:973-1167	973	1167	195	9
O60264	O60264:6:1012-1052	1012	1052	41	4
O60269	O60269:3:112-189	112	189	78	6
O60282	O60282:13:702-720	702	720	19	2
O60293	O60293:1:1-133	1	133	133	15
O60293	O60293:2:135-219	135	219	85	15
O60307	O60307:6:788-895	788	895	108	11
O60318	O60318:2:292-433	292	433	142	16
O60331	O60331:8:448-463	448	463	16	1
O60343	O60343:5:577-580	577	580	4	1
O60346	O60346:2:36-118	36	118	83	8
O60469	O60469:4:1642-1655	1642	1655	14	1
O60504	O60504:12:519-611	519	611	93	9
O60506	O60506:6:427-454	427	454	28	4
O60506	O60506:7:491-623	491	623	133	21
O60519	O60519:1:1-25	1	25	25	2
O60610	O60610:1:1-42	1	42	42	3
O60716	O60716:8:98-102	98	102	5	1
O60716	O60716:17:242-265	242	265	24	4
O60755	O60755:2:313-368	313	368	56	11
O60763	O60763:1:1-20	1	20	20	1
O60828	O60828:5:81-265	81	265	185	27
O60880	O60880:2:105-128	105	128	24	2
O60884	O60884:3:359-412	359	412	54	3
O60885	O60885:2:173-232	173	232	60	3
O75037	O75037:14:1192-1273	1192	1273	82	12
O75052	O75052:7:266-289	266	289	24	1
O75064	O75064:6:720-744	720	744	25	3
O75064	O75064:8:890-972	890	972	83	9
O75112	O75112:1:85-188	85	188	104	7
O75113	O75113:18:485-537	485	537	53	2
O75122	O75122:2:318-369	318	369	52	5
O75122	O75122:4:375-395	375	395	21	2
O75122	O75122:17:886-929	886	929	44	2
O75179	O75179:1:1-144	1	144	144	7
O75179	O75179:20:1906-1999	1906	1999	94	6
O75179	O75179:22:2005-2197	2005	2197	193	5
O75182	O75182:1:1-33	1	33	33	3
O75319	O75319:1:1-33	1	33	33	5
O75319	O75319:5:249-264	249	264	16	1
O75319	O75319:7:300-309	300	309	10	2
O75335	O75335:21:1125-1138	1125	1138	14	3
O75376	O75376:1:1-119	1	119	119	11
O75376	O75376:8:359-370	359	370	12	2
O75376	O75376:11:492-619	492	619	128	13
O75376	O75376:12:675-923	675	923	249	11
O75376	O75376:43:1486-1557	1486	1557	72	5
O75376	O75376:44:1634-1647	1634	1647	14	1
O75376	O75376:45:1663-1766	1663	1766	104	13
O75381	O75381:5:226-377	226	377	152	10
O75385	O75385:4:393-560	393	560	168	17
O75400	O75400:1:1-38	1	38	38	4
O75400	O75400:5:72-103	72	103	32	1
O75420	O75420:5:104-431	104	431	328	37
O75449	O75449:4:94-185	94	185	92	11
O75467	O75467:10:181-226	181	226	46	6
O75493	O75493:2:304-328	304	328	25	6
O75494	O75494:2:89-113	89	113	25	3
O75525	O75525:2:178-208	178	208	31	5
O75525	O75525:3:210-265	210	265	56	9
O75525	O75525:4:321-346	321	346	26	4
O75526	O75526:2:87-172	87	172	86	18
O75526	O75526:3:218-392	218	392	175	33
O75533	O75533:4:95-328	95	328	234	20
O75626	O75626:7:324-376	324	376	53	3
O75676	O75676:4:725-772	725	772	48	8
O75791	O75791:1:150-250	150	250	101	9
O75792	O75792:5:291-299	291	299	9	1
O75821	O75821:2:189-238	189	238	50	5
O75909	O75909:3:279-580	279	580	302	7
O75937	O75937:6:180-253	180	253	74	12
O75962	O75962:8:2285-2545	2285	2545	261	15
O76031	O76031:7:255-274	255	274	20	1
O76041	O76041:4:795-795	795	795	1	1
O94804	O94804:4:419-502	419	502	84	4
O94826	O94826:5:67-113	67	113	47	6
O94855	O94855:2:274-285	274	285	12	2
O94874	O94874:4:406-475	406	475	70	6
O94885	O94885:19:898-1080	898	1080	183	11
O94913	O94913:13:976-994	976	994	19	2
O94913	O94913:15:1000-1027	1000	1027	28	2
O94913	O94913:18:1038-1105	1038	1105	68	8
O94913	O94913:19:1110-1153	1110	1153	44	2
O94979	O94979:8:790-918	790	918	129	3
O94989	O94989:1:1-201	1	201	201	16
O95071	O95071:2:77-116	77	116	40	4
O95071	O95071:4:131-177	131	177	47	9
O95071	O95071:15:969-1035	969	1035	67	8
O95071	O95071:32:2316-2376	2316	2376	61	19
O95104	O95104:18:853-1147	853	1147	295	40
O95147	O95147:1:1-11	1	11	11	2
O95197	O95197:33:754-768	754	768	15	2
O95208	O95208:4:161-216	161	216	56	2
O95260	O95260:6:461-467	461	467	7	1
O95359	O95359:1:1-302	1	302	302	17
O95400	O95400:4:176-203	176	203	28	6
O95425	O95425:32:1200-1206	1200	1206	7	2
O95429	O95429:1:1-107	1	107	107	7
O95429	O95429:2:109-153	109	153	45	2
O95429	O95429:6:165-378	165	378	214	7
O95486	O95486:5:49-227	49	227	179	4
O95486	O95486:6:232-233	232	233	2	1
O95613	O95613:54:3223-3302	3223	3302	80	13
O95639	O95639:2:173-239	173	239	67	4
O95644	O95644:2:20-46	20	46	27	2
O95678	O95678:1:1-15	1	15	15	3
O95685	O95685:1:1-23	1	23	23	3
O95721	O95721:1:1-44	1	44	44	4
O95801	O95801:2:24-32	24	32	9	1
O95801	O95801:3:47-58	47	58	12	2
O95817	O95817:1:1-19	1	19	19	1
O95817	O95817:2:55-93	55	93	39	4
O95817	O95817:5:122-201	122	201	80	5
O95817	O95817:8:214-420	214	420	207	11
O95819	O95819:12:504-812	504	812	309	29
O95835	O95835:4:143-280	143	280	138	11
O95948	O95948:3:28-102	28	102	75	2
O95985	O95985:2:819-855	819	855	37	10
O95996	O95996:27:1409-1498	1409	1498	90	12
O96013	O96013:3:93-302	93	302	210	24
P00390	P00390:4:522-522	522	522	1	1
P02538	P02538:1:1-16	1	16	16	3
P03372	P03372:3:258-286	258	286	29	6
P04049	P04049:4:218-335	218	335	118	11
P04259	P04259:1:1-16	1	16	16	3
P04350	P04350:1:1-2	1	2	2	1
P04637	P04637:5:289-318	289	318	30	2
P04792	P04792:1:1-7	1	7	7	2
P04920	P04920:1:1-240	1	240	240	23
P05198	P05198:2:280-315	280	315	36	3
P05388	P05388:1:1-7	1	7	7	2
P05783	P05783:3:38-46	38	46	9	1
P05783	P05783:5:50-51	50	51	2	1
P05783	P05783:6:54-57	54	57	4	1
P05783	P05783:8:423-430	423	430	8	1
P05787	P05787:1:1-25	1	25	25	3
P06748	P06748:2:120-244	120	244	125	3
P07900	P07900:3:296-301	296	301	6	1
P07910	P07910:5:138-190	138	190	53	7
P08069	P08069:2:470-483	470	483	14	2
P08151	P08151:5:133-177	133	177	45	2
P08151	P08151:10:506-581	506	581	76	8
P08151	P08151:11:596-614	596	614	19	2
P08238	P08238:3:288-293	288	293	6	1
P08621	P08621:3:188-437	188	437	250	70
P08651	P08651:6:263-354	263	354	92	6
P08651	P08651:7:363-372	363	372	10	1
P08651	P08651:9:393-404	393	404	12	1
P08651	P08651:14:438-505	438	505	68	3
P08670	P08670:1:1-6	1	6	6	1
P08727	P08727:1:1-19	1	19	19	1
P08727	P08727:2:36-47	36	47	12	1
P08729	P08729:3:26-34	26	34	9	1
P08729	P08729:6:459-469	459	469	11	3
P08758	P08758:1:1-7	1	7	7	1
P09012	P09012:2:100-196	100	196	97	5
P09017	P09017:3:18-131	18	131	114	5
P09651	P09651:3:185-218	185	218	34	4
P09651	P09651:4:221-225	221	225	5	1
P09651	P09651:5:227-235	227	235	9	1
P09651	P09651:8:254-287	254	287	34	1
P09651	P09651:11:345-372	345	372	28	3
P0C0S8	P0C0S8:1:1-6	1	6	6	1
P0C1Z6	P0C1Z6:5:49-77	49	77	29	8
P0C7T5	P0C7T5:4:353-409	353	409	57	5
P0DI83	P0DI83:3:121-198	121	198	78	13
P10070	P10070:24:923-1030	923	1030	108	15
P10070	P10070:27:1079-1106	1079	1106	28	1
P10070	P10070:32:1180-1216	1180	1216	37	1
P10071	P10071:6:173-176	173	176	4	1
P10071	P10071:8:220-220	220	220	1	1
P10071	P10071:23:1020-1069	1020	1069	50	5
P10075	P10075:2:111-138	111	138	28	2
P10244	P10244:18:687-687	687	687	1	1
P10244	P10244:19:691-700	691	700	10	1
P10301	P10301:1:1-28	1	28	28	3
P10412	P10412:1:1-33	1	33	33	2
P11137	P11137:7:1506-1639	1506	1639	134	12
P11161	P11161:11:273-303	273	303	31	1
P11171	P11171:1:1-124	1	124	124	4
P11388	P11388:5:1183-1434	1183	1434	252	10
P11717	P11717:1:1-17	1	17	17	2
P11717	P11717:4:2354-2491	2354	2491	138	7
P11831	P11831:1:1-99	1	99	99	9
P11940	P11940:2:435-477	435	477	43	6
P11940	P11940:3:485-502	485	502	18	1
P12270	P12270:24:1533-1551	1533	1551	19	2
P12270	P12270:30:1617-1675	1617	1675	59	5
P12270	P12270:36:1802-2142	1802	2142	341	15
P12270	P12270:38:2160-2189	2160	2189	30	2
P12270	P12270:41:2227-2363	2227	2363	137	10
P12872	P12872:2:54-61	54	61	8	1
P14678	P14678:2:87-96	87	96	10	1
P14678	P14678:3:112-115	112	115	4	1
P14678	P14678:7:127-147	127	147	21	2
P14678	P14678:8:162-240	162	240	79	8
P14866	P14866:1:1-99	1	99	99	14
P14866	P14866:3:289-379	289	379	91	7
P15407	P15407:6:63-102	63	102	40	6
P15822	P15822:24:937-955	937	955	19	1
P15863	P15863:4:44-49	44	49	6	3
P15880	P15880:1:1-57	1	57	57	11
P15923	P15923:2:29-113	29	113	85	5
P15923	P15923:9:342-388	342	388	47	1
P15924	P15924:7:1239-1242	1239	1242	4	1
P15924	P15924:31:2809-2871	2809	2871	63	7
P15941	P15941:3:1213-1244	1213	1244	32	2
P16383	P16383:1:1-230	1	230	230	25
P16402	P16402:1:1-34	1	34	34	1
P16989	P16989:2:161-171	161	171	11	1
P16989	P16989:3:174-174	174	174	1	1
P16989	P16989:4:176-372	176	372	197	34
P17029	P17029:5:301-376	301	376	76	7
P17483	P17483:3:63-135	63	135	73	4
P17655	P17655:2:9-17	9	17	9	1
P17676	P17676:1:1-4	1	4	4	1
P17812	P17812:1:561-591	561	591	31	2
P17844	P17844:1:1-39	1	39	39	6
P17844	P17844:2:476-497	476	497	22	7
P18031	P18031:7:377-398	377	398	22	1
P18583	P18583:27:948-951	948	951	4	1
P18583	P18583:28:953-958	953	958	6	1
P18583	P18583:30:962-965	962	965	4	1
P18615	P18615:3:76-257	76	257	182	43
P18858	P18858:1:1-278	1	278	278	15
P19013	P19013:2:9-13	9	13	5	2
P19013	P19013:3:39-43	39	43	5	1
P19174	P19174:2:1222-1237	1222	1237	16	2
P19174	P19174:4:1244-1249	1244	1249	6	1
P19174	P19174:5:1271-1290	1271	1290	20	7
P19338	P19338:4:472-481	472	481	10	1
P19338	P19338:5:561-571	561	571	11	2
P19338	P19338:6:650-710	650	710	61	10
P19622	P19622:2:83-207	83	207	125	4
P20290	P20290:1:1-47	1	47	47	8
P20339	P20339:1:1-16	1	16	16	2
P20339	P20339:2:181-215	181	215	35	3
P20340	P20340:2:176-185	176	185	10	2
P20700	P20700:1:1-30	1	30	30	4
P20916	P20916:5:573-576	573	576	4	2
P20929	P20929:20:8381-8423	8381	8423	43	4
P20930	P20930:4:254-3974	254	3974	3721	417
P21127	P21127:2:17-415	17	415	399	60
P21281	P21281:2:7-7	7	7	1	1
P21281	P21281:6:505-511	505	511	7	1
P21333	P21333:1:1-39	1	39	39	2
P22059	P22059:1:1-8	1	8	8	1
P22083	P22083:2:63-113	63	113	51	8
P22413	P22413:2:61-68	61	68	8	2
P22626	P22626:2:192-235	192	235	44	4
P22626	P22626:3:238-278	238	278	41	2
P22626	P22626:6:335-353	335	353	19	2
P23246	P23246:1:1-289	1	289	289	15
P23246	P23246:3:577-707	577	707	131	15
P23443	P23443:1:1-60	1	60	60	8
P23443	P23443:9:517-519	517	519	3	1
P23443	P23443:10:521-525	521	525	5	1
P23526	P23526:2:426-432	426	432	7	1
P23588	P23588:5:65-93	65	93	29	5
P23588	P23588:6:176-611	176	611	436	65
P23760	P23760:1:1-24	1	24	24	3
P23771	P23771:4:78-86	78	86	9	1
P24928	P24928:7:1601-1615	1601	1615	15	1
P24941	P24941:3:295-298	295	298	4	1
P25054	P25054:16:957-988	957	988	32	2
P25054	P25054:26:1395-1476	1395	1476	82	4
P25098	P25098:7:683-689	683	689	7	1
P25940	P25940:7:535-1429	535	1429	895	35
P26196	P26196:1:1-42	1	42	42	2
P26358	P26358:2:123-352	123	352	230	27
P26368	P26368:1:1-90	1	90	90	26
P26599	P26599:2:35-55	35	55	21	1
P27448	P27448:3:370-609	370	609	240	21
P27694	P27694:2:119-155	119	155	37	1
P27695	P27695:1:1-60	1	60	60	2
P27708	P27708:7:1805-1912	1805	1912	108	9
P28340	P28340:1:1-65	1	65	65	6
P28702	P28702:1:1-24	1	24	24	2
P28702	P28702:2:36-191	36	191	156	8
P29590	P29590:5:872-882	872	882	11	2
P29597	P29597:1:1-18	1	18	18	2
P29692	P29692:3:36-40	36	40	5	1
P30291	P30291:1:1-22	1	22	22	4
P30291	P30291:2:25-186	25	186	162	13
P30291	P30291:3:188-201	188	201	14	1
P30304	P30304:15:259-320	259	320	62	5
P31260	P31260:4:184-208	184	208	25	1
P31275	P31275:3:94-131	94	131	38	4
P31942	P31942:1:100-115	100	115	16	3
P31942	P31942:2:117-121	117	121	5	1
P31942	P31942:7:341-346	341	346	6	1
P31943	P31943:3:195-218	195	218	24	4
P31944	P31944:1:1-10	1	10	10	1
P33176	P33176:15:904-963	904	963	60	6
P33240	P33240:6:303-411	303	411	109	13
P33240	P33240:7:461-493	461	493	33	3
P33316	P33316:2:25-66	25	66	42	6
P33316	P33316:3:68-68	68	68	1	1
P33991	P33991:1:1-82	1	82	82	10
P33991	P33991:2:84-126	84	126	43	5
P33993	P33993:2:308-321	308	321	14	1
P35226	P35226:2:102-120	102	120	19	1
P35249	P35249:1:1-37	1	37	37	1
P35368	P35368:3:387-432	387	432	46	5
P35520	P35520:1:1-75	1	75	75	4
P35527	P35527:5:466-623	466	623	158	5
P35568	P35568:3:268-434	268	434	167	16
P35568	P35568:11:592-695	592	695	104	7
P35579	P35579:2:1922-1960	1922	1960	39	5
P35580	P35580:2:1929-1976	1929	1976	48	5
P35606	P35606:3:830-873	830	873	44	2
P35611	P35611:1:1-27	1	27	27	3
P35637	P35637:1:1-284	1	284	284	11
P35637	P35637:2:373-421	373	421	49	6
P35637	P35637:3:454-526	454	526	73	15
P35869	P35869:1:1-26	1	26	26	3
P35908	P35908:1:1-20	1	20	20	3
P35908	P35908:4:513-639	513	639	127	6
P36402	P36402:5:339-384	339	384	46	5
P36578	P36578:5:68-71	68	71	4	1
P36578	P36578:6:78-92	78	92	15	3
P36776	P36776:4:958-959	958	959	2	1
P36915	P36915:1:1-85	1	85	85	14
P37287	P37287:1:1-15	1	15	15	2
P38159	P38159:2:87-172	87	172	86	14
P38159	P38159:3:218-391	218	391	174	30
P38432	P38432:3:347-390	347	390	44	4
P38432	P38432:5:406-438	406	438	33	7
P38919	P38919:1:1-16	1	16	16	2
P38936	P38936:3:117-164	117	164	48	7
P39060	P39060:3:645-931	645	931	287	14
P39687	P39687:3:147-249	147	249	103	4
P40197	P40197:2:474-500	474	500	27	2
P40425	P40425:1:1-47	1	47	47	2
P41208	P41208:1:1-27	1	27	27	2
P41219	P41219:1:1-12	1	12	12	1
P42166	P42166:2:51-108	51	108	58	5
P42166	P42166:3:156-212	156	212	57	4
P42167	P42167:3:156-271	156	271	116	14
P42167	P42167:8:362-365	362	365	4	2
P42356	P42356:1:1-23	1	23	23	1
P42658	P42658:1:1-90	1	90	90	8
P42679	P42679:1:1-6	1	6	6	1
P42684	P42684:1:1-47	1	47	47	8
P42694	P42694:4:1157-1185	1157	1185	29	2
P42694	P42694:5:1242-1350	1242	1350	109	7
P42694	P42694:21:1699-1781	1699	1781	83	6
P42696	P42696:1:1-125	1	125	125	11
P42768	P42768:1:1-22	1	22	22	2
P42768	P42768:4:301-426	301	426	126	9
P43026	P43026:2:28-165	28	165	138	12
P43243	P43243:1:1-19	1	19	19	2
P43243	P43243:3:85-104	85	104	20	2
P43243	P43243:6:183-216	183	216	34	5
P43243	P43243:8:249-261	249	261	13	2
P43243	P43243:11:333-394	333	394	62	3
P43364	P43364:1:1-32	1	32	32	4
P45973	P45973:2:79-114	79	114	36	3
P45985	P45985:2:53-71	53	71	19	1
P46087	P46087:6:769-812	769	812	44	4
P46100	P46100:10:965-1512	965	1512	548	40
P46100	P46100:11:1913-2002	1913	2002	90	2
P46100	P46100:21:2461-2492	2461	2492	32	2
P46108	P46108:2:120-125	120	125	6	2
P46379	P46379:6:453-530	453	530	78	3
P46527	P46527:1:1-30	1	30	30	4
P46527	P46527:2:81-198	81	198	118	10
P46776	P46776:1:1-41	1	41	41	7
P46783	P46783:2:98-165	98	165	68	12
P46821	P46821:5:851-1164	851	1164	314	8
P46821	P46821:15:2091-2349	2091	2349	259	5
P48382	P48382:4:250-317	250	317	68	6
P48449	P48449:1:1-18	1	18	18	3
P48634	P48634:1:189-725	189	725	537	36
P48634	P48634:3:734-789	734	789	56	6
P48634	P48634:5:795-1799	795	1799	1005	107
P48634	P48634:7:1832-1880	1832	1880	49	2
P48634	P48634:21:2061-2094	2061	2094	34	3
P48668	P48668:1:1-16	1	16	16	3
P48730	P48730:2:299-415	299	415	117	20
P49189	P49189:2:19-21	19	21	3	1
P49321	P49321:4:112-267	112	267	156	4
P49450	P49450:1:1-46	1	46	46	12
P49589	P49589:2:652-688	652	688	37	5
P49591	P49591:3:472-514	472	514	43	2
P49593	P49593:4:94-116	94	116	23	2
P49674	P49674:2:301-416	301	416	116	18
P49736	P49736:1:1-61	1	61	61	7
P49750	P49750:1:1-384	1	384	384	7
P49750	P49750:4:524-1215	524	1215	692	60
P49750	P49750:16:1465-1832	1465	1832	368	44
P49756	P49756:8:271-694	271	694	424	91
P49757	P49757:5:196-203	196	203	8	1
P49790	P49790:35:1447-1475	1447	1475	29	4
P49792	P49792:20:1005-1038	1005	1038	34	1
P49792	P49792:23:1077-1101	1077	1101	25	1
P49840	P49840:1:1-97	1	97	97	3
P49848	P49848:6:523-545	523	545	23	1
P49959	P49959:3:551-619	551	619	69	12
P50238	P50238:2:64-77	64	77	14	1
P50548	P50548:4:184-226	184	226	43	4
P50548	P50548:5:228-250	228	250	23	3
P50570	P50570:4:745-870	745	870	126	11
P50579	P50579:1:1-125	1	125	125	7
P50749	P50749:5:111-164	111	164	54	9
P50750	P50750:2:343-372	343	372	30	4
P51114	P51114:2:375-378	375	378	4	1
P51114	P51114:3:449-460	449	460	12	3
P51116	P51116:4:578-673	578	673	96	15
P51148	P51148:1:1-16	1	16	16	2
P51610	P51610:23:1191-1204	1191	1204	14	2
P51610	P51610:24:1219-1220	1219	1220	2	1
P51610	P51610:25:1222-1251	1222	1251	30	2
P51610	P51610:35:1485-1517	1485	1517	33	2
P51617	P51617:2:104-138	104	138	35	2
P51617	P51617:7:687-712	687	712	26	1
P51858	P51858:2:93-240	93	240	148	6
P51991	P51991:1:1-34	1	34	34	7
P51991	P51991:2:206-227	206	227	22	3
P51991	P51991:5:241-258	241	258	18	2
P51991	P51991:9:281-297	281	297	17	1
P51991	P51991:13:334-378	334	378	45	3
P52272	P52272:2:150-154	150	154	5	1
P52272	P52272:10:390-412	390	412	23	2
P52272	P52272:17:510-512	510	512	3	1
P52298	P52298:2:121-156	121	156	36	6
P52597	P52597:4:202-210	202	210	9	1
P52597	P52597:5:212-212	212	212	1	1
P52701	P52701:1:1-88	1	88	88	8
P52746	P52746:10:1047-1094	1047	1094	48	3
P52824	P52824:1:1-59	1	59	59	6
P53365	P53365:6:45-87	45	87	43	2
P53667	P53667:2:259-321	259	321	63	5
P53814	P53814:3:127-457	127	457	331	26
P53814	P53814:6:528-542	528	542	15	1
P53814	P53814:8:620-793	620	793	174	21
P53992	P53992:1:1-351	1	351	351	9
P54098	P54098:7:716-736	716	736	21	1
P54253	P54253:1:1-67	1	67	67	6
P55042	P55042:1:1-88	1	88	88	9
P55196	P55196:2:134-196	134	196	63	4
P55196	P55196:6:225-245	225	245	21	5
P55196	P55196:12:1105-1196	1105	1196	92	7
P55198	P55198:9:590-595	590	595	6	2
P55201	P55201:10:797-1062	797	1062	266	25
P55212	P55212:1:1-21	1	21	21	2
P55265	P55265:1:1-12	1	12	12	1
P55265	P55265:2:26-36	26	36	11	1
P55265	P55265:5:91-96	91	96	6	2
P55265	P55265:6:100-121	100	121	22	5
P55789	P55789:1:1-22	1	22	22	2
P55789	P55789:2:26-69	26	69	44	7
P55795	P55795:3:195-218	195	218	24	4
P55884	P55884:1:1-177	1	177	177	9
P58107	P58107:12:2578-2638	2578	2638	61	8
P58107	P58107:18:3114-3179	3114	3179	66	9
P58107	P58107:22:3645-3707	3645	3707	63	9
P58107	P58107:28:4179-4241	4179	4241	63	9
P58107	P58107:32:4715-4779	4715	4779	65	9
P60323	P60323:4:123-173	123	173	51	5
P60900	P60900:1:1-8	1	8	8	1
P60900	P60900:2:244-246	244	246	3	1
P61073	P61073:3:328-352	328	352	25	1
P61254	P61254:1:1-21	1	21	21	3
P61978	P61978:3:247-329	247	329	83	19
P62304	P62304:1:1-8	1	8	8	1
P62314	P62314:1:94-119	94	119	26	11
P62316	P62316:1:1-28	1	28	28	1
P62318	P62318:2:85-98	85	98	14	1
P62318	P62318:3:110-126	110	126	17	6
P62633	P62633:2:22-33	22	33	12	4
P62714	P62714:2:294-309	294	309	16	4
P62805	P62805:1:1-20	1	20	20	3
P62888	P62888:2:106-115	106	115	10	1
P62995	P62995:2:197-238	197	238	42	9
P62995	P62995:3:240-288	240	288	49	13
P63162	P63162:7:134-147	134	147	14	1
P63162	P63162:8:161-240	161	240	80	8
P67775	P67775:2:294-309	294	309	16	4
P67809	P67809:2:129-324	129	324	196	35
P68371	P68371:1:1-2	1	2	2	1
P68431	P68431:1:1-43	1	43	43	6
P78317	P78317:1:1-34	1	34	34	6
P78332	P78332:1:1-203	1	203	203	28
P78332	P78332:2:206-398	206	398	193	24
P78344	P78344:1:1-72	1	72	72	5
P78344	P78344:5:385-427	385	427	43	3
P78344	P78344:6:450-466	450	466	17	1
P78344	P78344:7:494-542	494	542	49	1
P78345	P78345:1:1-18	1	18	18	3
P78347	P78347:3:206-206	206	206	1	1
P78368	P78368:1:1-37	1	37	37	4
P78524	P78524:14:261-282	261	282	22	3
P78549	P78549:1:1-85	1	85	85	13
P78559	P78559:23:2339-2687	2339	2687	349	28
P79522	P79522:1:1-154	1	154	154	13
P83369	P83369:2:66-151	66	151	86	19
P84103	P84103:2:84-164	84	164	81	31
P84243	P84243:1:1-43	1	43	43	6
P98082	P98082:5:282-488	282	488	207	7
P98153	P98153:2:69-94	69	94	26	4
P98170	P98170:3:243-257	243	257	15	1
P98174	P98174:1:1-88	1	88	88	5
P98174	P98174:2:90-217	90	217	128	11
P98175	P98175:1:1-128	1	128	128	21
P98179	P98179:2:86-157	86	157	72	12
Q00341	Q00341:6:1226-1268	1226	1268	43	2
Q00536	Q00536:1:1-114	1	114	114	11
Q00587	Q00587:1:1-18	1	18	18	1
Q00587	Q00587:3:73-82	73	82	10	2
Q00587	Q00587:4:93-114	93	114	22	2
Q00587	Q00587:5:221-339	221	339	119	3
Q00722	Q00722:2:856-877	856	877	22	2
Q00839	Q00839:2:43-267	43	267	225	9
Q00839	Q00839:3:484-492	484	492	9	2
Q00839	Q00839:5:670-755	670	755	86	10
Q00839	Q00839:6:760-801	760	801	42	7
Q01081	Q01081:3:183-240	183	240	58	23
Q01082	Q01082:2:2129-2196	2129	2196	68	4
Q01094	Q01094:2:40-126	40	126	87	8
Q01130	Q01130:1:1-13	1	13	13	1
Q01130	Q01130:2:93-221	93	221	129	40
Q01196	Q01196:2:180-254	180	254	75	7
Q01201	Q01201:1:1-17	1	17	17	2
Q01484	Q01484:5:898-907	898	907	10	2
Q01543	Q01543:10:430-452	430	452	23	1
Q01804	Q01804:6:316-450	316	450	135	10
Q01804	Q01804:23:907-1114	907	1114	208	23
Q01826	Q01826:1:1-58	1	58	58	3
Q01844	Q01844:6:121-360	121	360	240	11
Q01844	Q01844:7:448-517	448	517	70	10
Q01844	Q01844:8:550-656	550	656	107	20
Q02080	Q02080:2:94-365	94	365	272	21
Q02388	Q02388:4:1310-1488	1310	1488	179	11
Q02447	Q02447:22:611-611	611	611	1	1
Q02641	Q02641:5:591-596	591	596	6	1
Q02779	Q02779:13:756-900	756	900	145	17
Q02833	Q02833:3:122-150	122	150	29	2
Q02878	Q02878:5:123-123	123	123	1	1
Q02952	Q02952:3:419-604	419	604	186	4
Q02952	Q02952:12:938-1091	938	1091	154	7
Q03001	Q03001:53:7395-7468	7395	7468	74	8
Q03164	Q03164:1:1-110	1	110	110	8
Q03164	Q03164:19:698-703	698	703	6	2
Q03164	Q03164:20:712-782	712	782	71	9
Q03252	Q03252:1:1-40	1	40	40	8
Q04206	Q04206:2:292-306	292	306	15	4
Q04637	Q04637:1:1-79	1	79	79	4
Q04637	Q04637:4:159-602	159	602	444	14
Q04637	Q04637:7:666-715	666	715	50	8
Q04637	Q04637:12:1022-1230	1022	1230	209	30
Q04721	Q04721:5:1753-1798	1753	1798	46	2
Q04724	Q04724:1:1-17	1	17	17	1
Q04724	Q04724:4:174-349	174	349	176	11
Q04726	Q04726:1:1-17	1	17	17	1
Q04864	Q04864:10:397-439	397	439	43	2
Q05195	Q05195:4:172-204	172	204	33	1
Q06587	Q06587:4:142-268	142	268	127	9
Q06787	Q06787:1:543-548	543	548	6	2
Q07002	Q07002:4:458-474	458	474	17	3
Q07666	Q07666:1:1-96	1	96	96	11
Q07666	Q07666:4:280-321	280	321	42	9
Q07666	Q07666:5:323-365	323	365	43	6
Q07666	Q07666:6:416-443	416	443	28	4
Q07812	Q07812:1:1-18	1	18	18	1
Q07866	Q07866:11:505-508	505	508	4	1
Q07866	Q07866:14:551-573	551	573	23	5
Q07890	Q07890:12:1140-1332	1140	1332	193	13
Q07912	Q07912:11:838-845	838	845	8	1
Q07912	Q07912:12:878-957	878	957	80	6
Q07955	Q07955:2:92-112	92	112	21	4
Q08117	Q08117:1:1-17	1	17	17	1
Q08170	Q08170:2:73-97	73	97	25	6
Q08170	Q08170:4:178-494	178	494	317	75
Q08211	Q08211:4:126-141	126	141	16	1
Q08211	Q08211:9:1154-1155	1154	1155	2	1
Q08211	Q08211:11:1159-1172	1159	1172	14	2
Q08211	Q08211:14:1225-1255	1225	1255	31	5
Q08211	Q08211:17:1265-1270	1265	1270	6	1
Q08379	Q08379:1:1-115	1	115	115	5
Q08945	Q08945:3:617-656	617	656	40	4
Q08AD1	Q08AD1:20:925-1020	925	1020	96	10
Q09019	Q09019:3:454-518	454	518	65	5
Q09019	Q09019:4:521-574	521	574	54	8
Q09472	Q09472:8:191-262	191	262	72	3
Q09472	Q09472:19:652-716	652	716	65	2
Q09472	Q09472:20:722-1047	722	1047	326	6
Q09472	Q09472:25:2099-2169	2099	2169	71	1
Q09472	Q09472:27:2186-2243	2186	2243	58	1
Q09472	Q09472:31:2266-2414	2266	2414	149	3
Q09666	Q09666:10:313-348	313	348	36	2
Q09666	Q09666:25:545-566	545	566	22	1
Q12766	Q12766:12:524-532	524	532	9	1
Q12774	Q12774:1:479-1072	479	1072	594	48
Q12789	Q12789:24:1538-1549	1538	1549	12	1
Q12791	Q12791:10:1186-1236	1186	1236	51	6
Q12792	Q12792:1:316-350	316	350	35	4
Q12830	Q12830:1:1-233	1	233	233	26
Q12830	Q12830:17:1464-1538	1464	1538	75	4
Q12830	Q12830:27:2160-2186	2160	2186	27	2
Q12830	Q12830:28:2229-2272	2229	2272	44	1
Q12873	Q12873:16:1520-1709	1520	1709	190	19
Q12888	Q12888:20:1267-1479	1267	1479	213	19
Q12905	Q12905:1:1-21	1	21	21	6
Q12906	Q12906:5:600-663	600	663	64	9
Q12906	Q12906:6:686-894	686	894	209	3
Q12923	Q12923:2:191-221	191	221	31	5
Q12965	Q12965:2:926-1050	926	1050	125	13
Q12979	Q12979:1:1-10	1	10	10	1
Q13029	Q13029:5:508-550	508	550	43	3
Q13064	Q13064:2:69-89	69	89	21	2
Q13094	Q13094:2:79-419	79	419	341	22
Q13112	Q13112:1:384-409	384	409	26	2
Q13123	Q13123:1:1-75	1	75	75	8
Q13151	Q13151:4:176-214	176	214	39	6
Q13151	Q13151:6:259-305	259	305	47	2
Q13163	Q13163:1:115-146	115	146	32	2
Q13191	Q13191:1:1-20	1	20	20	3
Q13191	Q13191:13:768-857	768	857	90	5
Q13200	Q13200:1:1-55	1	55	55	3
Q13206	Q13206:6:561-632	561	632	72	3
Q13242	Q13242:1:1-13	1	13	13	1
Q13242	Q13242:2:93-103	93	103	11	3
Q13242	Q13242:3:188-221	188	221	34	6
Q13243	Q13243:2:75-107	75	107	33	12
Q13247	Q13247:1:74-104	74	104	31	7
Q13263	Q13263:3:408-481	408	481	74	4
Q13283	Q13283:2:141-333	141	333	193	13
Q13283	Q13283:3:417-466	417	466	50	10
Q13303	Q13303:1:1-19	1	19	19	2
Q13310	Q13310:2:420-480	420	480	61	7
Q13356	Q13356:5:454-520	454	520	67	3
Q13387	Q13387:4:40-356	40	356	317	18
Q13435	Q13435:3:61-140	61	140	80	3
Q13435	Q13435:8:189-375	189	375	187	18
Q13435	Q13435:18:844-895	844	895	52	3
Q13442	Q13442:1:1-84	1	84	84	5
Q13459	Q13459:9:1978-2157	1978	2157	180	19
Q13492	Q13492:1:1-10	1	10	10	1
Q13492	Q13492:12:635-637	635	637	3	1
Q13546	Q13546:3:466-493	466	493	28	3
Q13555	Q13555:4:375-423	375	423	49	4
Q13563	Q13563:3:54-181	54	181	128	16
Q13595	Q13595:2:201-282	201	282	82	18
Q13610	Q13610:3:36-113	36	113	78	4
Q13613	Q13613:3:641-665	641	665	25	2
Q13625	Q13625:10:353-362	353	362	10	2
Q13635	Q13635:7:1262-1361	1262	1361	100	14
Q13635	Q13635:8:1382-1404	1382	1404	23	2
Q13761	Q13761:3:207-266	207	266	60	5
Q13796	Q13796:8:246-481	246	481	236	16
Q13796	Q13796:11:877-1101	877	1101	225	27
Q13823	Q13823:1:1-36	1	36	36	4
Q13823	Q13823:9:622-731	622	731	110	16
Q13950	Q13950:4:231-305	231	305	75	6
Q13950	Q13950:5:308-344	308	344	37	3
Q14004	Q14004:18:1438-1512	1438	1512	75	4
Q14005	Q14005:18:729-972	729	972	244	17
Q14011	Q14011:2:86-172	86	172	87	16
Q14031	Q14031:11:548-659	548	659	112	3
Q14103	Q14103:1:79-94	79	94	16	2
Q14103	Q14103:2:267-288	267	288	22	4
Q14103	Q14103:4:337-355	337	355	19	2
Q14134	Q14134:7:482-496	482	496	15	2
Q14137	Q14137:1:1-133	1	133	133	8
Q14147	Q14147:3:116-121	116	121	6	1
Q14151	Q14151:12:524-953	524	953	430	80
Q14152	Q14152:6:784-1382	784	1382	599	161
Q14157	Q14157:1:1-34	1	34	34	3
Q14157	Q14157:2:101-235	101	235	135	22
Q14160	Q14160:2:454-488	454	488	35	4
Q14160	Q14160:13:1275-1630	1275	1630	356	32
Q14185	Q14185:4:1731-1865	1731	1865	135	7
Q14191	Q14191:17:1413-1432	1413	1432	20	1
Q14194	Q14194:3:509-572	509	572	64	5
Q14195	Q14195:2:503-570	503	570	68	6
Q14203	Q14203:1:1-26	1	26	26	4
Q14204	Q14204:10:2390-2411	2390	2411	22	3
Q14247	Q14247:4:335-423	335	423	89	10
Q14320	Q14320:1:1-41	1	41	41	4
Q14320	Q14320:5:121-175	121	175	55	4
Q14444	Q14444:4:81-83	81	83	3	1
Q14444	Q14444:11:686-709	686	709	24	4
Q14493	Q14493:1:1-88	1	88	88	18
Q14498	Q14498:1:1-147	1	147	147	33
Q14566	Q14566:4:314-316	314	316	3	1
Q14671	Q14671:10:228-288	228	288	61	2
Q14674	Q14674:9:1299-1356	1299	1356	58	7
Q14676	Q14676:5:261-335	261	335	75	6
Q14676	Q14676:10:427-432	427	432	6	1
Q14676	Q14676:20:771-1882	771	1882	1112	93
Q14677	Q14677:22:537-541	537	541	5	1
Q14680	Q14680:3:461-493	461	493	33	2
Q14686	Q14686:5:191-624	191	624	434	10
Q14686	Q14686:7:660-698	660	698	39	1
Q14686	Q14686:14:898-1279	898	1279	382	16
Q14686	Q14686:31:1705-1820	1705	1820	116	4
Q14687	Q14687:2:130-178	130	178	49	5
Q14687	Q14687:4:201-205	201	205	5	1
Q14687	Q14687:5:232-235	232	235	4	1
Q14687	Q14687:9:323-394	323	394	72	23
Q14687	Q14687:12:415-470	415	470	56	3
Q14687	Q14687:18:685-693	685	693	9	1
Q14690	Q14690:1:1-68	1	68	68	4
Q14692	Q14692:2:394-565	394	565	172	7
Q14697	Q14697:5:943-944	943	944	2	1
Q14746	Q14746:1:1-9	1	9	9	1
Q14781	Q14781:4:239-248	239	248	10	1
Q14807	Q14807:1:1-18	1	18	18	3
Q14938	Q14938:8:342-343	342	343	2	1
Q14966	Q14966:1:1-49	1	49	49	10
Q14966	Q14966:20:354-376	354	376	23	1
Q14966	Q14966:36:1384-1471	1384	1471	88	4
Q14980	Q14980:55:1802-1805	1802	1805	4	2
Q14980	Q14980:58:1826-1856	1826	1856	31	2
Q14980	Q14980:59:1858-1869	1858	1869	12	1
Q14980	Q14980:64:1953-2115	1953	2115	163	18
Q14999	Q14999:5:315-359	315	359	45	8
Q149N8	Q149N8:1:1-49	1	49	49	7
Q14C86	Q14C86:21:887-1030	887	1030	144	18
Q14CM0	Q14CM0:18:1101-1149	1101	1149	49	3
Q15014	Q15014:1:1-100	1	100	100	10
Q15020	Q15020:6:880-911	880	911	32	4
Q15021	Q15021:7:575-611	575	611	37	2
Q15021	Q15021:11:1303-1401	1303	1401	99	11
Q15025	Q15025:17:601-636	601	636	36	3
Q15032	Q15032:24:900-907	900	907	8	1
Q15032	Q15032:27:924-937	924	937	14	1
Q15047	Q15047:5:404-554	404	554	151	6
Q15056	Q15056:1:1-36	1	36	36	4
Q15056	Q15056:2:121-248	121	248	128	20
Q15058	Q15058:27:1187-1189	1187	1189	3	3
Q15061	Q15061:3:410-445	410	445	36	2
Q15070	Q15070:4:393-435	393	435	43	2
Q15084	Q15084:1:139-153	139	153	15	2
Q15084	Q15084:3:407-427	407	427	21	2
Q15149	Q15149:13:1603-1650	1603	1650	48	10
Q15149	Q15149:20:1790-1843	1790	1843	54	7
Q15149	Q15149:40:2216-2309	2216	2309	94	13
Q15149	Q15149:66:4611-4684	4611	4684	74	7
Q15233	Q15233:3:330-375	330	375	46	10
Q15233	Q15233:4:393-471	393	471	79	6
Q15269	Q15269:4:235-269	235	269	35	3
Q15287	Q15287:1:1-160	1	160	160	24
Q15291	Q15291:6:400-538	400	538	139	3
Q15424	Q15424:1:1-30	1	30	30	2
Q15424	Q15424:9:220-404	220	404	185	7
Q15424	Q15424:10:485-641	485	641	157	20
Q15424	Q15424:11:663-720	663	720	58	20
Q15424	Q15424:12:730-915	730	915	186	32
Q15427	Q15427:2:182-424	182	424	243	12
Q15428	Q15428:1:1-28	1	28	28	4
Q15435	Q15435:1:1-69	1	69	69	4
Q15459	Q15459:6:527-585	527	585	59	1
Q15459	Q15459:7:663-699	663	699	37	1
Q15532	Q15532:1:1-13	1	13	13	2
Q15554	Q15554:1:1-86	1	86	86	15
Q15569	Q15569:1:1-42	1	42	42	5
Q15569	Q15569:2:324-376	324	376	53	6
Q15596	Q15596:9:419-531	419	531	113	4
Q15596	Q15596:16:868-883	868	883	16	2
Q15596	Q15596:26:1169-1182	1169	1182	14	3
Q15596	Q15596:27:1248-1261	1248	1261	14	3
Q15637	Q15637:7:324-639	324	639	316	4
Q15654	Q15654:1:1-93	1	93	93	7
Q15654	Q15654:2:102-171	102	171	70	5
Q15654	Q15654:3:175-255	175	255	81	8
Q15723	Q15723:6:338-349	338	349	12	1
Q15735	Q15735:1:1-58	1	58	58	5
Q15735	Q15735:2:60-419	60	419	360	19
Q15746	Q15746:6:284-395	284	395	112	9
Q16181	Q16181:3:372-437	372	437	66	6
Q16236	Q16236:10:333-449	333	449	117	2
Q16555	Q16555:2:511-572	511	572	62	5
Q16629	Q16629:2:89-104	89	104	16	4
Q16629	Q16629:3:120-238	120	238	119	42
Q16630	Q16630:6:166-411	166	411	246	15
Q16637	Q16637:1:1-26	1	26	26	2
Q16637	Q16637:3:152-228	152	228	77	2
Q16695	Q16695:1:1-43	1	43	43	6
Q16832	Q16832:1:446-475	446	475	30	2
Q17RY0	Q17RY0:4:16-64	16	64	49	1
Q17RY0	Q17RY0:7:216-329	216	329	114	6
Q1ED39	Q1ED39:9:336-357	336	357	22	2
Q1KMD3	Q1KMD3:2:38-225	38	225	188	10
Q1KMD3	Q1KMD3:4:626-668	626	668	43	11
Q1KMD3	Q1KMD3:8:745-747	745	747	3	1
Q1MSJ5	Q1MSJ5:21:618-655	618	655	38	5
Q1W6H9	Q1W6H9:2:51-95	51	95	45	6
Q27J81	Q27J81:3:991-1078	991	1078	88	8
Q2KHR3	Q2KHR3:30:1170-1291	1170	1291	122	5
Q2M1P5	Q2M1P5:8:586-663	586	663	78	11
Q2M1P5	Q2M1P5:21:1218-1238	1218	1238	21	3
Q2M2I8	Q2M2I8:2:325-497	325	497	173	5
Q2M3V2	Q2M3V2:7:512-549	512	549	38	4
Q2QGD7	Q2QGD7:1:1-128	1	128	128	10
Q2TAC6	Q2TAC6:12:792-919	792	919	128	14
Q2TBE0	Q2TBE0:1:1-148	1	148	148	10
Q32P44	Q32P44:1:1-20	1	20	20	1
Q32P44	Q32P44:2:46-209	46	209	164	12
Q32P51	Q32P51:3:183-216	183	216	34	4
Q3B7T1	Q3B7T1:3:619-648	619	648	30	1
Q3B8N2	Q3B8N2:4:169-190	169	190	22	5
Q3KP66	Q3KP66:1:1-69	1	69	69	9
Q3KP66	Q3KP66:5:378-427	378	427	50	10
Q3KP66	Q3KP66:9:444-494	444	494	51	2
Q3KP66	Q3KP66:13:566-579	566	579	14	2
Q3KR16	Q3KR16:4:59-94	59	94	36	5
Q3MIN7	Q3MIN7:6:596-609	596	609	14	1
Q3SX64	Q3SX64:9:267-289	267	289	23	4
Q49A26	Q49A26:2:91-192	91	192	102	13
Q49AM3	Q49AM3:6:249-297	249	297	49	5
Q49AM3	Q49AM3:11:457-458	457	458	2	1
Q4G0J3	Q4G0J3:2:206-368	206	368	163	13
Q4G0P3	Q4G0P3:20:2476-2567	2476	2567	92	15
Q4KMQ1	Q4KMQ1:3:132-310	132	310	179	19
Q4VCS5	Q4VCS5:1:1-104	1	104	104	6
Q4VCS5	Q4VCS5:4:182-424	182	424	243	11
Q52LW3	Q52LW3:12:979-1019	979	1019	41	4
Q53EL6	Q53EL6:3:57-128	57	128	72	11
Q53ET0	Q53ET0:2:85-117	85	117	33	6
Q53GA4	Q53GA4:2:111-152	111	152	42	5
Q53GS9	Q53GS9:1:1-67	1	67	67	15
Q53TS8	Q53TS8:44:1750-1787	1750	1787	38	4
Q58WW2	Q58WW2:1:1-7	1	7	7	1
Q58WW2	Q58WW2:2:288-347	288	347	60	12
Q58WW2	Q58WW2:3:352-492	352	492	141	6
Q5BKZ1	Q5BKZ1:13:122-137	122	137	16	1
Q5BKZ1	Q5BKZ1:14:141-150	141	150	10	2
Q5BKZ1	Q5BKZ1:15:152-210	152	210	59	6
Q5C9Z4	Q5C9Z4:2:52-186	52	186	135	22
Q5CZC0	Q5CZC0:1:238-243	238	243	6	3
Q5EBM0	Q5EBM0:2:9-10	9	10	2	1
Q5H9F3	Q5H9F3:32:1027-1043	1027	1043	17	3
Q5JRA6	Q5JRA6:26:1638-1843	1638	1843	206	17
Q5JRA6	Q5JRA6:27:1846-1907	1846	1907	62	4
Q5JSZ5	Q5JSZ5:3:289-306	289	306	18	1
Q5JSZ5	Q5JSZ5:14:779-791	779	791	13	1
Q5JSZ5	Q5JSZ5:17:1058-1067	1058	1067	10	3
Q5JSZ5	Q5JSZ5:19:1073-1089	1073	1089	17	2
Q5JSZ5	Q5JSZ5:20:1103-1530	1103	1530	428	56
Q5JSZ5	Q5JSZ5:43:2090-2229	2090	2229	140	7
Q5JT82	Q5JT82:19:366-389	366	389	24	1
Q5JTH9	Q5JTH9:5:1046-1265	1046	1265	220	18
Q5JU85	Q5JU85:3:100-294	100	294	195	21
Q5JVS0	Q5JVS0:2:163-210	163	210	48	10
Q5PRF9	Q5PRF9:4:576-645	576	645	70	6
Q5QGS0	Q5QGS0:29:1239-1253	1239	1253	15	1
Q5SQI0	Q5SQI0:4:293-294	293	294	2	1
Q5SQI0	Q5SQI0:6:305-421	305	421	117	12
Q5SSJ5	Q5SSJ5:2:21-154	21	154	134	4
Q5SW79	Q5SW79:17:368-449	368	449	82	6
Q5T0F9	Q5T0F9:1:1-20	1	20	20	3
Q5T1R4	Q5T1R4:44:2042-2113	2042	2113	72	7
Q5T1R4	Q5T1R4:48:2263-2406	2263	2406	144	16
Q5T200	Q5T200:2:65-158	65	158	94	14
Q5T200	Q5T200:3:179-1113	179	1113	935	185
Q5T200	Q5T200:4:1125-1493	1125	1493	369	61
Q5T2E6	Q5T2E6:1:1-10	1	10	10	1
Q5T3I0	Q5T3I0:6:182-446	182	446	265	30
Q5T440	Q5T440:2:11-15	11	15	5	1
Q5T5P2	Q5T5P2:1:1-87	1	87	87	10
Q5T5P2	Q5T5P2:35:1606-1943	1606	1943	338	16
Q5T5U3	Q5T5U3:16:566-583	566	583	18	3
Q5T5U3	Q5T5U3:17:600-644	600	644	45	3
Q5T5X7	Q5T5X7:4:88-126	88	126	39	3
Q5T6F2	Q5T6F2:2:104-203	104	203	100	16
Q5T8P6	Q5T8P6:22:852-885	852	885	34	9
Q5TC82	Q5TC82:11:593-611	593	611	19	1
Q5TC82	Q5TC82:19:729-752	729	752	24	3
Q5TDH0	Q5TDH0:2:96-132	96	132	37	2
Q5TGY3	Q5TGY3:3:145-170	145	170	26	2
Q5TGY3	Q5TGY3:20:669-684	669	684	16	1
Q5TGY3	Q5TGY3:42:1251-1296	1251	1296	46	5
Q5TH69	Q5TH69:16:1089-1106	1089	1106	18	4
Q5TH74	Q5TH74:1:1-60	1	60	60	4
Q5TZA2	Q5TZA2:12:460-520	460	520	61	9
Q5TZA2	Q5TZA2:47:1442-1515	1442	1515	74	6
Q5VT06	Q5VT06:13:293-308	293	308	16	1
Q5VT52	Q5VT52:18:1011-1126	1011	1126	116	9
Q5VT52	Q5VT52:19:1130-1322	1130	1322	193	4
Q5VT52	Q5VT52:21:1332-1461	1332	1461	130	16
Q5VTB9	Q5VTB9:12:193-210	193	210	18	3
Q5VU43	Q5VU43:43:1878-1890	1878	1890	13	2
Q5VUA4	Q5VUA4:1:1-141	1	141	141	31
Q5VUA4	Q5VUA4:26:823-857	823	857	35	4
Q5VUJ6	Q5VUJ6:14:565-636	565	636	72	6
Q5VV67	Q5VV67:6:372-377	372	377	6	1
Q5VWX1	Q5VWX1:2:178-266	178	266	89	14
Q5VWX1	Q5VWX1:3:322-349	322	349	28	5
Q5VZ89	Q5VZ89:15:1026-1047	1026	1047	22	3
Q5XG87	Q5XG87:3:91-191	91	191	101	8
Q5XG87	Q5XG87:13:734-792	734	792	59	7
Q5XUX0	Q5XUX0:2:10-47	10	47	38	7
Q5XXA6	Q5XXA6:2:950-986	950	986	37	1
Q63ZY3	Q63ZY3:6:237-265	237	265	29	3
Q641Q2	Q641Q2:4:200-410	200	410	211	11
Q641Q2	Q641Q2:22:1080-1208	1080	1208	129	5
Q659C4	Q659C4:1:1-173	1	173	173	26
Q659C4	Q659C4:4:300-304	300	304	5	1
Q66K74	Q66K74:5:746-942	746	942	197	16
Q68CQ4	Q68CQ4:1:1-187	1	187	187	6
Q68CZ2	Q68CZ2:11:615-697	615	697	83	5
Q68DC2	Q68DC2:10:563-663	563	663	101	9
Q68DK7	Q68DK7:1:1-129	1	129	129	7
Q68DQ2	Q68DQ2:1:1-125	1	125	125	11
Q68EM7	Q68EM7:2:511-881	511	881	371	15
Q69YH5	Q69YH5:8:90-98	90	98	9	2
Q69YH5	Q69YH5:30:802-832	802	832	31	6
Q69YN4	Q69YN4:13:1610-1812	1610	1812	203	30
Q6DT37	Q6DT37:14:1451-1551	1451	1551	101	10
Q6F5E8	Q6F5E8:7:1112-1435	1112	1435	324	35
Q6GQQ9	Q6GQQ9:7:642-720	642	720	79	6
Q6GQQ9	Q6GQQ9:8:731-795	731	795	65	6
Q6IBS0	Q6IBS0:2:322-349	322	349	28	3
Q6ICC9	Q6ICC9:3:181-200	181	200	20	6
Q6IN84	Q6IN84:4:310-353	310	353	44	4
Q6IQ22	Q6IQ22:1:1-38	1	38	38	6
Q6IQ23	Q6IQ23:14:997-1032	997	1032	36	3
Q6IQ49	Q6IQ49:2:179-211	179	211	33	5
Q6KC79	Q6KC79:4:127-344	127	344	218	10
Q6N021	Q6N021:25:686-779	686	779	94	2
Q6NTE8	Q6NTE8:3:126-178	126	178	53	5
Q6NTE8	Q6NTE8:7:226-325	226	325	100	11
Q6NUN9	Q6NUN9:10:594-623	594	623	30	1
Q6NV74	Q6NV74:4:241-874	241	874	634	57
Q6NWY9	Q6NWY9:11:690-871	690	871	182	18
Q6NXE6	Q6NXE6:5:494-501	494	501	8	1
Q6NXT4	Q6NXT4:4:444-461	444	461	18	3
Q6NY19	Q6NY19:5:215-334	215	334	120	16
Q6NYC8	Q6NYC8:2:15-28	15	28	14	4
Q6NZ36	Q6NZ36:1:1-29	1	29	29	8
Q6P087	Q6P087:4:349-351	349	351	3	1
Q6P0Q8	Q6P0Q8:10:906-1013	906	1013	108	11
Q6P158	Q6P158:1:1-74	1	74	74	9
Q6P1J9	Q6P1J9:5:322-356	322	356	35	3
Q6P1N0	Q6P1N0:1:1-22	1	22	22	3
Q6P2E9	Q6P2E9:18:1007-1017	1007	1017	11	2
Q6P2H3	Q6P2H3:9:199-217	199	217	19	3
Q6P2H3	Q6P2H3:11:258-279	258	279	22	1
Q6P2Q9	Q6P2Q9:1:1-20	1	20	20	1
Q6P6C2	Q6P6C2:4:293-367	293	367	75	11
Q6P996	Q6P996:4:684-788	684	788	105	6
Q6PCT2	Q6PCT2:2:152-422	152	422	271	29
Q6PGN9	Q6PGN9:3:227-363	227	363	137	15
Q6PID8	Q6PID8:1:1-58	1	58	58	7
Q6PIY7	Q6PIY7:3:72-98	72	98	27	5
Q6PJG2	Q6PJG2:6:167-179	167	179	13	2
Q6PJG2	Q6PJG2:8:223-320	223	320	98	2
Q6PJG2	Q6PJG2:9:327-463	327	463	137	15
Q6PKG0	Q6PKG0:1:1-358	1	358	358	28
Q6R327	Q6R327:1:1-9	1	9	9	2
Q6SPF0	Q6SPF0:2:100-243	100	243	144	12
Q6STE5	Q6STE5:2:26-107	26	107	82	9
Q6UB98	Q6UB98:21:866-1075	866	1075	210	10
Q6UN15	Q6UN15:1:1-116	1	116	116	2
Q6UN15	Q6UN15:4:328-594	328	594	267	43
Q6UUV7	Q6UUV7:5:80-91	80	91	12	2
Q6UUV9	Q6UUV9:6:82-136	82	136	55	9
Q6VN20	Q6VN20:4:477-501	477	501	25	3
Q6W2J9	Q6W2J9:5:169-174	169	174	6	1
Q6W2J9	Q6W2J9:11:300-348	300	348	49	3
Q6XPR3	Q6XPR3:2:90-221	90	221	132	14
Q6XZF7	Q6XZF7:8:483-511	483	511	29	2
Q6Y7W6	Q6Y7W6:3:106-131	106	131	26	7
Q6Y7W6	Q6Y7W6:4:146-196	146	196	51	9
Q6ZNB6	Q6ZNB6:1:1-79	1	79	79	8
Q6ZP65	Q6ZP65:6:153-153	153	153	1	1
Q6ZRP7	Q6ZRP7:4:568-641	568	641	74	5
Q6ZRS2	Q6ZRS2:11:1016-1046	1016	1046	31	2
Q6ZRS2	Q6ZRS2:12:1049-1133	1049	1133	85	3
Q6ZRS2	Q6ZRS2:15:1319-1367	1319	1367	49	4
Q6ZRS2	Q6ZRS2:47:2759-3084	2759	3084	326	35
Q6ZRS2	Q6ZRS2:48:3094-3230	3094	3230	137	16
Q6ZRV2	Q6ZRV2:2:357-380	357	380	24	4
Q6ZRV2	Q6ZRV2:8:475-480	475	480	6	2
Q6ZRV2	Q6ZRV2:9:483-578	483	578	96	11
Q6ZRV2	Q6ZRV2:22:824-1028	824	1028	205	22
Q6ZSJ9	Q6ZSJ9:14:443-472	443	472	30	1
Q6ZSY5	Q6ZSY5:1:1-34	1	34	34	3
Q6ZU69	Q6ZU69:16:964-1099	964	1099	136	10
Q70EL1	Q70EL1:1:1-30	1	30	30	3
Q70EL1	Q70EL1:4:421-584	421	584	164	17
Q70EL1	Q70EL1:7:605-703	605	703	99	8
Q71DI3	Q71DI3:1:1-43	1	43	43	6
Q71F56	Q71F56:33:1004-1100	1004	1100	97	6
Q71H61	Q71H61:5:436-639	436	639	204	27
Q71RC2	Q71RC2:7:368-493	368	493	126	17
Q71RC2	Q71RC2:13:623-724	623	724	102	12
Q75N03	Q75N03:4:202-251	202	251	50	1
Q75N03	Q75N03:5:253-491	253	491	239	9
Q76L83	Q76L83:9:489-610	489	610	122	6
Q76L83	Q76L83:11:623-651	623	651	29	4
Q7KZ85	Q7KZ85:8:480-520	480	520	41	5
Q7KZF4	Q7KZF4:5:906-910	906	910	5	1
Q7KZI7	Q7KZI7:4:372-635	372	635	264	23
Q7L014	Q7L014:1:1-234	1	234	234	56
Q7L2J0	Q7L2J0:1:1-167	1	167	167	14
Q7L2J0	Q7L2J0:5:252-322	252	322	71	7
Q7L2J0	Q7L2J0:6:330-408	330	408	79	8
Q7L4I2	Q7L4I2:4:424-434	424	434	11	1
Q7L9B9	Q7L9B9:6:543-569	543	569	27	3
Q7LDG7	Q7LDG7:5:555-597	555	597	43	6
Q7RTP6	Q7RTP6:5:656-710	656	710	55	8
Q7RTT3	Q7RTT3:7:113-168	113	168	56	2
Q7RTU0	Q7RTU0:1:1-48	1	48	48	6
Q7Z333	Q7Z333:20:1157-1221	1157	1221	65	9
Q7Z3K3	Q7Z3K3:9:210-226	210	226	17	2
Q7Z3K3	Q7Z3K3:11:234-293	234	293	60	1
Q7Z406	Q7Z406:1:1-47	1	47	47	3
Q7Z434	Q7Z434:2:94-299	94	299	206	10
Q7Z434	Q7Z434:8:472-508	472	508	37	3
Q7Z460	Q7Z460:2:552-785	552	785	234	30
Q7Z460	Q7Z460:9:1214-1239	1214	1239	26	3
Q7Z591	Q7Z591:1:1-397	1	397	397	31
Q7Z5J4	Q7Z5J4:3:74-301	74	301	228	10
Q7Z5J4	Q7Z5J4:31:1344-1573	1344	1573	230	19
Q7Z5L9	Q7Z5L9:3:64-204	64	204	141	9
Q7Z5L9	Q7Z5L9:4:207-293	207	293	87	5
Q7Z628	Q7Z628:8:126-150	126	150	25	4
Q7Z6B7	Q7Z6B7:7:808-959	808	959	152	16
Q7Z6E9	Q7Z6E9:5:181-195	181	195	15	1
Q7Z6E9	Q7Z6E9:13:488-519	488	519	32	3
Q7Z6E9	Q7Z6E9:14:522-606	522	606	85	8
Q7Z6E9	Q7Z6E9:15:608-800	608	800	193	35
Q7Z6E9	Q7Z6E9:17:845-1291	845	1291	447	33
Q7Z6J6	Q7Z6J6:3:383-409	383	409	27	4
Q7Z6Z7	Q7Z6Z7:17:1901-1908	1901	1908	8	1
Q7Z6Z7	Q7Z6Z7:40:3153-3168	3153	3168	16	1
Q7Z6Z7	Q7Z6Z7:49:3781-3849	3781	3849	69	6
Q7Z794	Q7Z794:4:496-578	496	578	83	9
Q86TB9	Q86TB9:4:57-78	57	78	22	1
Q86TB9	Q86TB9:17:275-279	275	279	5	1
Q86TB9	Q86TB9:20:312-402	312	402	91	11
Q86TB9	Q86TB9:22:769-770	769	770	2	1
Q86TC9	Q86TC9:13:759-818	759	818	60	1
Q86TC9	Q86TC9:15:839-879	839	879	41	2
Q86TC9	Q86TC9:18:1045-1064	1045	1064	20	4
Q86U28	Q86U28:1:1-16	1	16	16	1
Q86U38	Q86U38:1:1-60	1	60	60	9
Q86U42	Q86U42:1:1-122	1	122	122	6
Q86U42	Q86U42:5:250-260	250	260	11	2
Q86U90	Q86U90:2:20-44	20	44	25	3
Q86UA6	Q86UA6:1:1-7	1	7	7	1
Q86UK7	Q86UK7:6:287-680	287	680	394	32
Q86US8	Q86US8:5:175-409	175	409	235	37
Q86US8	Q86US8:7:418-491	418	491	74	5
Q86US8	Q86US8:10:510-513	510	513	4	1
Q86UU0	Q86UU0:5:531-621	531	621	91	8
Q86UU0	Q86UU0:11:820-1092	820	1092	273	8
Q86UU1	Q86UU1:9:369-546	369	546	178	23
Q86UW9	Q86UW9:2:212-214	212	214	3	1
Q86UW9	Q86UW9:4:221-235	221	235	15	1
Q86UW9	Q86UW9:5:248-259	248	259	12	1
Q86UW9	Q86UW9:7:278-324	278	324	47	1
Q86V81	Q86V81:1:1-90	1	90	90	15
Q86VF7	Q86VF7:6:419-419	419	419	1	1
Q86VQ0	Q86VQ0:3:300-311	300	311	12	1
Q86W56	Q86W56:1:1-70	1	70	70	9
Q86W92	Q86W92:9:527-592	527	592	66	5
Q86WJ1	Q86WJ1:1:1-15	1	15	15	2
Q86WJ1	Q86WJ1:7:626-673	626	673	48	8
Q86XL3	Q86XL3:8:608-632	608	632	25	2
Q86XN7	Q86XN7:4:150-171	150	171	22	2
Q86XN8	Q86XN8:7:485-547	485	547	63	7
Q86XP3	Q86XP3:1:1-64	1	64	64	1
Q86XP3	Q86XP3:11:654-674	654	674	21	3
Q86XP3	Q86XP3:14:722-938	722	938	217	19
Q86Y22	Q86Y22:1:1-30	1	30	30	2
Q86Y37	Q86Y37:5:342-369	342	369	28	5
Q86Y38	Q86Y38:3:41-262	41	262	222	21
Q86YP4	Q86YP4:2:69-119	69	119	51	5
Q86YP4	Q86YP4:4:180-239	180	239	60	3
Q86YP4	Q86YP4:5:256-271	256	271	16	1
Q86YP4	Q86YP4:11:526-585	526	585	60	5
Q86YR5	Q86YR5:4:423-493	423	493	71	11
Q86YZ3	Q86YZ3:2:100-2838	100	2838	2739	161
Q86Z02	Q86Z02:24:1034-1078	1034	1078	45	4
Q8IU60	Q8IU60:2:247-346	247	346	100	6
Q8IU81	Q8IU81:2:60-127	60	127	68	4
Q8IU81	Q8IU81:5:355-421	355	421	67	6
Q8IUD2	Q8IUD2:1:1-55	1	55	55	7
Q8IUD2	Q8IUD2:2:72-96	72	96	25	1
Q8IUD2	Q8IUD2:19:736-736	736	736	1	1
Q8IUG5	Q8IUG5:3:41-512	41	512	472	28
Q8IVF2	Q8IVF2:4:195-457	195	457	263	28
Q8IVL0	Q8IVL0:5:203-630	203	630	428	12
Q8IVL0	Q8IVL0:18:876-1249	876	1249	374	17
Q8IVL1	Q8IVL1:5:194-691	194	691	498	19
Q8IVW6	Q8IVW6:6:368-398	368	398	31	2
Q8IWF6	Q8IWF6:1:1-48	1	48	48	5
Q8IWI9	Q8IWI9:45:1773-1782	1773	1782	10	1
Q8IWI9	Q8IWI9:68:2258-2318	2258	2318	61	4
Q8IWQ3	Q8IWQ3:4:351-475	351	475	125	13
Q8IWS0	Q8IWS0:3:331-365	331	365	35	3
Q8IWX8	Q8IWX8:3:323-636	323	636	314	15
Q8IWX8	Q8IWX8:4:744-838	744	838	95	26
Q8IWY9	Q8IWY9:3:62-294	62	294	233	25
Q8IWZ3	Q8IWZ3:4:136-138	136	138	3	1
Q8IWZ3	Q8IWZ3:36:2256-2304	2256	2304	49	2
Q8IWZ8	Q8IWZ8:17:637-645	637	645	9	2
Q8IX01	Q8IX01:3:188-206	188	206	19	2
Q8IX01	Q8IX01:7:688-691	688	691	4	1
Q8IX03	Q8IX03:11:824-967	824	967	144	13
Q8IX12	Q8IX12:8:279-357	279	357	79	28
Q8IX18	Q8IX18:1:1-28	1	28	28	7
Q8IXJ9	Q8IXJ9:11:606-606	606	606	1	1
Q8IXT5	Q8IXT5:1:85-106	85	106	22	4
Q8IXT5	Q8IXT5:8:598-886	598	886	289	58
Q8IY26	Q8IY26:1:1-41	1	41	41	4
Q8IY33	Q8IY33:3:249-722	249	722	474	40
Q8IY67	Q8IY67:1:1-45	1	45	45	4
Q8IY67	Q8IY67:3:391-480	391	480	90	5
Q8IY67	Q8IY67:7:574-606	574	606	33	3
Q8IY92	Q8IY92:24:902-1151	902	1151	250	17
Q8IYB7	Q8IYB7:1:1-49	1	49	49	5
Q8IYD1	Q8IYD1:2:71-127	71	127	57	4
Q8IZ40	Q8IZ40:4:387-523	387	523	137	10
Q8IZ83	Q8IZ83:1:1-8	1	8	8	1
Q8IZA3	Q8IZA3:2:140-346	140	346	207	13
Q8IZC6	Q8IZC6:10:1001-1278	1001	1278	278	15
Q8IZC6	Q8IZC6:12:1399-1561	1399	1561	163	9
Q8IZL2	Q8IZL2:15:528-608	528	608	81	2
Q8IZQ8	Q8IZQ8:18:551-554	551	554	4	1
Q8IZT6	Q8IZT6:1:1-31	1	31	31	6
Q8IZT6	Q8IZT6:15:1098-1104	1098	1104	7	1
Q8IZW8	Q8IZW8:11:195-253	195	253	59	4
Q8N122	Q8N122:2:696-713	696	713	18	1
Q8N122	Q8N122:3:716-716	716	716	1	1
Q8N163	Q8N163:1:1-38	1	38	38	3
Q8N163	Q8N163:3:178-219	178	219	42	7
Q8N1G1	Q8N1G1:4:155-613	155	613	459	34
Q8N1G2	Q8N1G2:1:1-70	1	70	70	3
Q8N2M8	Q8N2M8:4:252-674	252	674	423	92
Q8N3F8	Q8N3F8:3:226-670	226	670	445	21
Q8N3J3	Q8N3J3:12:280-363	280	363	84	6
Q8N3J3	Q8N3J3:13:379-410	379	410	32	4
Q8N3U4	Q8N3U4:7:1063-1090	1063	1090	28	3
Q8N4C8	Q8N4C8:6:393-944	393	944	552	56
Q8N5A5	Q8N5A5:7:385-413	385	413	29	7
Q8N5C8	Q8N5C8:4:139-190	139	190	52	2
Q8N5C8	Q8N5C8:7:223-348	223	348	126	3
Q8N5J2	Q8N5J2:1:1-109	1	109	109	6
Q8N5J2	Q8N5J2:5:440-469	440	469	30	5
Q8N5M4	Q8N5M4:1:1-7	1	7	7	1
Q8N5S9	Q8N5S9:4:102-102	102	102	1	1
Q8N5S9	Q8N5S9:6:460-505	460	505	46	3
Q8N612	Q8N612:9:571-647	571	647	77	7
Q8N612	Q8N612:19:901-909	901	909	9	1
Q8N684	Q8N684:13:437-471	437	471	35	10
Q8N6W0	Q8N6W0:2:127-133	127	133	7	2
Q8N7F7	Q8N7F7:1:140-174	140	174	35	2
Q8N7X1	Q8N7X1:3:144-209	144	209	66	8
Q8N7X1	Q8N7X1:8:351-1067	351	1067	717	88
Q8N8A6	Q8N8A6:2:9-154	9	154	146	20
Q8N8J7	Q8N8J7:1:1-70	1	70	70	7
Q8N8S7	Q8N8S7:10:401-552	401	552	152	14
Q8N954	Q8N954:2:58-86	58	86	29	5
Q8N983	Q8N983:1:1-7	1	7	7	1
Q8N9B5	Q8N9B5:2:63-179	63	179	117	16
Q8N9N5	Q8N9N5:8:323-365	323	365	43	3
Q8NAF0	Q8NAF0:1:1-43	1	43	43	11
Q8NBF2	Q8NBF2:1:1-13	1	13	13	2
Q8NC51	Q8NC51:2:152-188	152	188	37	10
Q8NC51	Q8NC51:4:328-408	328	408	81	10
Q8NC56	Q8NC56:2:126-160	126	160	35	7
Q8NC74	Q8NC74:4:365-664	365	664	300	23
Q8NC96	Q8NC96:3:170-275	170	275	106	2
Q8NCN4	Q8NCN4:1:1-67	1	67	67	7
Q8ND56	Q8ND56:3:141-283	141	283	143	17
Q8ND56	Q8ND56:4:401-448	401	448	48	14
Q8ND56	Q8ND56:5:452-463	452	463	12	1
Q8NDT2	Q8NDT2:1:1-133	1	133	133	18
Q8NDT2	Q8NDT2:2:219-256	219	256	38	3
Q8NDX5	Q8NDX5:25:827-847	827	847	21	4
Q8NEL9	Q8NEL9:1:1-28	1	28	28	3
Q8NEY1	Q8NEY1:11:624-844	624	844	221	10
Q8NEY8	Q8NEY8:1:1-55	1	55	55	8
Q8NEY8	Q8NEY8:2:58-276	58	276	219	27
Q8NEZ4	Q8NEZ4:15:882-913	882	913	32	7
Q8NEZ4	Q8NEZ4:34:1714-2450	1714	2450	737	48
Q8NEZ4	Q8NEZ4:35:2452-2472	2452	2472	21	2
Q8NEZ4	Q8NEZ4:40:2569-2646	2569	2646	78	7
Q8NEZ4	Q8NEZ4:82:4145-4152	4145	4152	8	1
Q8NF64	Q8NF64:13:239-417	239	417	179	5
Q8NFC6	Q8NFC6:4:479-1203	479	1203	725	48
Q8NFD5	Q8NFD5:6:484-553	484	553	70	2
Q8NFD5	Q8NFD5:8:566-1014	566	1014	449	15
Q8NFD5	Q8NFD5:11:1230-1648	1230	1648	419	22
Q8NFD5	Q8NFD5:12:1656-1690	1656	1690	35	2
Q8NFW1	Q8NFW1:6:499-794	499	794	296	14
Q8NFW1	Q8NFW1:9:1015-1044	1015	1044	30	2
Q8NHH9	Q8NHH9:1:1-47	1	47	47	5
Q8NHY3	Q8NHY3:4:448-463	448	463	16	2
Q8TAQ2	Q8TAQ2:1:275-419	275	419	145	6
Q8TAQ2	Q8TAQ2:7:750-856	750	856	107	5
Q8TAU3	Q8TAU3:1:1-12	1	12	12	2
Q8TB24	Q8TB24:1:1-26	1	26	26	2
Q8TBC3	Q8TBC3:9:628-707	628	707	80	8
Q8TBC5	Q8TBC5:5:254-412	254	412	159	9
Q8TC59	Q8TC59:9:146-153	146	153	8	1
Q8TCI5	Q8TCI5:3:93-104	93	104	12	1
Q8TCU4	Q8TCU4:35:2599-2623	2599	2623	25	5
Q8TCX5	Q8TCX5:7:616-637	616	637	22	2
Q8TCX5	Q8TCX5:8:639-670	639	670	32	1
Q8TD08	Q8TD08:5:447-453	447	453	7	1
Q8TD55	Q8TD55:4:173-406	173	406	234	8
Q8TD57	Q8TD57:3:134-172	134	172	39	5
Q8TDC3	Q8TDC3:5:368-551	368	551	184	19
Q8TDD1	Q8TDD1:5:596-702	596	702	107	15
Q8TDD1	Q8TDD1:6:775-881	775	881	107	22
Q8TDN6	Q8TDN6:1:1-46	1	46	46	7
Q8TE49	Q8TE49:7:665-772	665	772	108	14
Q8TE49	Q8TE49:11:870-883	870	883	14	2
Q8TEB9	Q8TEB9:5:279-315	279	315	37	6
Q8TEC5	Q8TEC5:2:78-105	78	105	28	5
Q8TER5	Q8TER5:2:194-507	194	507	314	21
Q8TER5	Q8TER5:7:954-1032	954	1032	79	8
Q8TER5	Q8TER5:9:1060-1079	1060	1079	20	4
Q8TES7	Q8TES7:6:210-546	210	546	337	22
Q8TEW8	Q8TEW8:23:1083-1100	1083	1100	18	1
Q8TEW8	Q8TEW8:24:1104-1205	1104	1205	102	10
Q8TF44	Q8TF44:2:13-40	13	40	28	2
Q8TF61	Q8TF61:8:345-545	345	545	201	25
Q8TF72	Q8TF72:7:271-294	271	294	24	3
Q8TF74	Q8TF74:2:62-391	62	391	330	29
Q8TF74	Q8TF74:5:419-440	419	440	22	4
Q8WUA2	Q8WUA2:13:422-492	422	492	71	13
Q8WUF5	Q8WUF5:2:41-274	41	274	234	22
Q8WUF5	Q8WUF5:3:278-372	278	372	95	11
Q8WUF5	Q8WUF5:5:391-510	391	510	120	3
Q8WUI4	Q8WUI4:7:260-297	260	297	38	4
Q8WUM0	Q8WUM0:1:1-69	1	69	69	9
Q8WUM4	Q8WUM4:2:708-868	708	868	161	4
Q8WUT4	Q8WUT4:9:388-471	388	471	84	6
Q8WUX9	Q8WUX9:2:391-420	391	420	30	3
Q8WVV9	Q8WVV9:1:1-72	1	72	72	7
Q8WWI1	Q8WWI1:17:911-927	911	927	17	2
Q8WWI1	Q8WWI1:32:1279-1531	1279	1531	253	27
Q8WWI1	Q8WWI1:33:1533-1609	1533	1609	77	6
Q8WWM7	Q8WWM7:1:1-115	1	115	115	6
Q8WWM7	Q8WWM7:6:334-701	334	701	368	22
Q8WWQ0	Q8WWQ0:7:652-693	652	693	42	6
Q8WX93	Q8WX93:12:607-846	607	846	240	10
Q8WX93	Q8WX93:21:1094-1134	1094	1134	41	10
Q8WXA9	Q8WXA9:8:173-508	173	508	336	68
Q8WXE0	Q8WXE0:2:354-397	354	397	44	4
Q8WXE0	Q8WXE0:5:647-1104	647	1104	458	31
Q8WXE0	Q8WXE0:6:1115-1144	1115	1144	30	3
Q8WXF1	Q8WXF1:1:1-7	1	7	7	1
Q8WXF1	Q8WXF1:8:370-384	370	384	15	2
Q8WXF1	Q8WXF1:9:394-523	394	523	130	8
Q8WXH2	Q8WXH2:11:526-599	526	599	74	12
Q8WXI9	Q8WXI9:4:269-309	269	309	41	2
Q8WXI9	Q8WXI9:5:328-346	328	346	19	1
Q8WXI9	Q8WXI9:7:506-521	506	521	16	2
Q8WYA6	Q8WYA6:1:1-50	1	50	50	9
Q8WYB5	Q8WYB5:9:360-411	360	411	52	4
Q8WYB5	Q8WYB5:17:1179-1619	1179	1619	441	15
Q8WYB5	Q8WYB5:34:2058-2073	2058	2073	16	2
Q8WYH8	Q8WYH8:3:115-165	115	165	51	7
Q8WZ19	Q8WZ19:2:279-303	279	303	25	2
Q8WZ42	Q8WZ42:131:11725-11972	11725	11972	248	7
Q92481	Q92481:2:29-140	29	140	112	7
Q92522	Q92522:4:121-213	121	213	93	7
Q92540	Q92540:15:888-912	888	912	25	5
Q92540	Q92540:17:941-943	941	943	3	1
Q92547	Q92547:16:1082-1118	1082	1118	37	6
Q92558	Q92558:8:273-401	273	401	129	4
Q92575	Q92575:4:240-241	240	241	2	1
Q92576	Q92576:21:460-503	460	503	44	1
Q92576	Q92576:52:1766-1830	1766	1830	65	3
Q92576	Q92576:55:1862-1877	1862	1877	16	2
Q92576	Q92576:57:1883-2039	1883	2039	157	31
Q92585	Q92585:2:74-186	74	186	113	6
Q92599	Q92599:1:1-22	1	22	22	2
Q92613	Q92613:6:604-631	604	631	28	3
Q92615	Q92615:5:398-433	398	433	36	5
Q92615	Q92615:6:444-445	444	445	2	1
Q92615	Q92615:7:448-543	448	543	96	10
Q92615	Q92615:9:589-738	589	738	150	13
Q92618	Q92618:10:543-751	543	751	209	14
Q92620	Q92620:3:55-323	55	323	269	47
Q92630	Q92630:1:1-54	1	54	54	4
Q92734	Q92734:2:120-175	120	175	56	1
Q92734	Q92734:3:179-400	179	400	222	5
Q92750	Q92750:6:76-88	76	88	13	1
Q92785	Q92785:2:85-114	85	114	30	1
Q92793	Q92793:6:209-230	209	230	22	2
Q92793	Q92793:20:518-586	518	586	69	1
Q92793	Q92793:23:726-780	726	780	55	2
Q92793	Q92793:28:2146-2437	2146	2437	292	10
Q92794	Q92794:17:1987-2004	1987	2004	18	2
Q92804	Q92804:1:1-233	1	233	233	12
Q92804	Q92804:2:322-353	322	353	32	7
Q92804	Q92804:3:386-592	386	592	207	32
Q92835	Q92835:13:868-1189	868	1189	322	19
Q92841	Q92841:3:20-75	20	75	56	3
Q92841	Q92841:4:78-108	78	108	31	6
Q92841	Q92841:5:553-630	553	630	78	12
Q92841	Q92841:6:657-729	657	729	73	3
Q92900	Q92900:8:1003-1064	1003	1064	62	4
Q92917	Q92917:1:1-99	1	99	99	8
Q92922	Q92922:10:1037-1105	1037	1105	69	1
Q92925	Q92925:1:1-91	1	91	91	5
Q92925	Q92925:3:95-113	95	113	19	1
Q92925	Q92925:4:121-140	121	140	20	4
Q92925	Q92925:7:529-531	529	531	3	1
Q92945	Q92945:1:1-78	1	78	78	2
Q92945	Q92945:3:216-231	216	231	16	1
Q92945	Q92945:5:314-315	314	315	2	1
Q92945	Q92945:8:392-422	392	422	31	4
Q92973	Q92973:2:334-375	334	375	42	4
Q92974	Q92974:14:891-986	891	986	96	11
Q92995	Q92995:1:1-9	1	9	9	2
Q92995	Q92995:3:101-107	101	107	7	1
Q93015	Q93015:4:210-270	210	270	61	3
Q93052	Q93052:2:128-220	128	220	93	3
Q93073	Q93073:8:318-394	318	394	77	9
Q969F0	Q969F0:3:38-91	38	91	54	6
Q969G3	Q969G3:1:1-29	1	29	29	1
Q969G3	Q969G3:2:39-64	39	64	26	2
Q969G9	Q969G9:12:361-376	361	376	16	2
Q969R2	Q969R2:1:1-20	1	20	20	3
Q969S3	Q969S3:3:133-247	133	247	115	4
Q96A46	Q96A46:1:1-29	1	29	29	2
Q96A46	Q96A46:2:35-66	35	66	32	4
Q96A47	Q96A47:1:151-188	151	188	38	4
Q96A65	Q96A65:3:35-44	35	44	10	1
Q96AE4	Q96AE4:5:346-373	346	373	28	3
Q96AG3	Q96AG3:1:1-32	1	32	32	5
Q96AH0	Q96AH0:2:113-204	113	204	92	8
Q96AP0	Q96AP0:3:240-368	240	368	129	6
Q96AP0	Q96AP0:4:381-407	381	407	27	4
Q96AT1	Q96AT1:1:1-4	1	4	4	1
Q96AY4	Q96AY4:12:2176-2340	2176	2340	165	8
Q96AY4	Q96AY4:14:2365-2384	2365	2384	20	1
Q96B54	Q96B54:1:1-160	1	160	160	12
Q96BH1	Q96BH1:5:311-459	311	459	149	18
Q96BK5	Q96BK5:1:1-23	1	23	23	3
Q96BP2	Q96BP2:1:1-9	1	9	9	2
Q96BP2	Q96BP2:2:11-19	11	19	9	2
Q96BZ8	Q96BZ8:3:86-264	86	264	179	25
Q96CT7	Q96CT7:1:1-130	1	130	130	14
Q96CU9	Q96CU9:4:16-18	16	18	3	2
Q96CX2	Q96CX2:2:138-205	138	205	68	4
Q96D05	Q96D05:2:12-59	12	59	48	7
Q96DH6	Q96DH6:3:261-289	261	289	29	2
Q96DN2	Q96DN2:10:812-892	812	892	81	3
Q96DN6	Q96DN6:3:119-225	119	225	107	5
Q96DN6	Q96DN6:4:236-624	236	624	389	15
Q96DN6	Q96DN6:9:799-1003	799	1003	205	30
Q96DR7	Q96DR7:3:67-248	67	248	182	13
Q96DT7	Q96DT7:1:1-156	1	156	156	13
Q96E39	Q96E39:2:87-172	87	172	86	13
Q96E39	Q96E39:3:218-390	218	390	173	28
Q96EK7	Q96EK7:9:861-910	861	910	50	8
Q96EP5	Q96EP5:3:191-237	191	237	47	2
Q96EP5	Q96EP5:4:240-407	240	407	168	4
Q96EV2	Q96EV2:5:195-225	195	225	31	3
Q96EV2	Q96EV2:7:233-391	233	391	159	18
Q96EV2	Q96EV2:8:400-719	400	719	320	19
Q96EV2	Q96EV2:16:990-1054	990	1054	65	3
Q96EV2	Q96EV2:17:1067-1081	1067	1081	15	4
Q96F86	Q96F86:2:94-191	94	191	98	6
Q96FS4	Q96FS4:1:1-87	1	87	87	13
Q96G74	Q96G74:1:1-119	1	119	119	8
Q96GE4	Q96GE4:13:321-375	321	375	55	7
Q96GE4	Q96GE4:20:540-555	540	555	16	1
Q96GF1	Q96GF1:2:90-129	90	129	40	5
Q96GM5	Q96GM5:1:1-131	1	131	131	9
Q96GS4	Q96GS4:1:1-197	1	197	197	20
Q96HA7	Q96HA7:7:801-821	801	821	21	2
Q96HB5	Q96HB5:6:208-347	208	347	140	13
Q96HB5	Q96HB5:12:606-617	606	617	12	1
Q96HC4	Q96HC4:8:289-342	289	342	54	2
Q96HC4	Q96HC4:10:354-408	354	408	55	3
Q96HJ3	Q96HJ3:1:1-139	1	139	139	9
Q96HN2	Q96HN2:2:606-611	606	611	6	1
Q96I24	Q96I24:5:337-349	337	349	13	4
Q96I25	Q96I25:4:56-84	56	84	29	2
Q96IQ9	Q96IQ9:2:208-312	208	312	105	7
Q96IU2	Q96IU2:3:18-42	18	42	25	2
Q96JM3	Q96JM3:2:86-519	86	519	434	13
Q96JP2	Q96JP2:13:1957-2231	1957	2231	275	19
Q96JP5	Q96JP5:1:1-307	1	307	307	37
Q96JY6	Q96JY6:3:110-149	110	149	40	2
Q96JY6	Q96JY6:4:164-208	164	208	45	6
Q96KQ4	Q96KQ4:14:372-602	372	602	231	10
Q96KQ7	Q96KQ7:2:148-262	148	262	115	9
Q96L34	Q96L34:5:369-614	369	614	246	28
Q96L73	Q96L73:56:2211-2424	2211	2424	214	17
Q96L91	Q96L91:14:1466-1593	1466	1593	128	7
Q96L91	Q96L91:15:1613-1623	1613	1623	11	1
Q96L91	Q96L91:46:3113-3159	3113	3159	47	2
Q96L96	Q96L96:19:1161-1260	1161	1260	100	12
Q96LA8	Q96LA8:1:1-41	1	41	41	6
Q96M27	Q96M27:1:1-72	1	72	72	1
Q96MS0	Q96MS0:11:1077-1386	1077	1386	310	31
Q96NL0	Q96NL0:1:1-24	1	24	24	2
Q96NM4	Q96NM4:10:345-476	345	476	132	2
Q96NU1	Q96NU1:21:406-503	406	503	98	7
Q96P50	Q96P50:2:366-401	366	401	36	5
Q96PC5	Q96PC5:24:1120-1412	1120	1412	293	24
Q96PE2	Q96PE2:2:22-368	22	368	347	41
Q96PE2	Q96PE2:3:377-469	377	469	93	11
Q96PE2	Q96PE2:11:1034-1060	1034	1060	27	1
Q96PK6	Q96PK6:5:282-315	282	315	34	1
Q96PK6	Q96PK6:16:618-635	618	635	18	2
Q96PK6	Q96PK6:17:662-669	662	669	8	2
Q96PU8	Q96PU8:4:240-242	240	242	3	1
Q96PV6	Q96PV6:4:326-508	326	508	183	27
Q96PV7	Q96PV7:20:578-662	578	662	85	2
Q96PV7	Q96PV7:22:679-845	679	845	167	12
Q96PZ0	Q96PZ0:1:1-101	1	101	101	2
Q96PZ0	Q96PZ0:4:655-661	655	661	7	1
Q96Q04	Q96Q04:7:485-515	485	515	31	3
Q96Q42	Q96Q42:7:429-481	429	481	53	4
Q96QC0	Q96QC0:15:612-905	612	905	294	23
Q96QE3	Q96QE3:13:231-253	231	253	23	1
Q96QS3	Q96QS3:3:86-95	86	95	10	3
Q96QS3	Q96QS3:4:112-255	112	255	144	6
Q96RK0	Q96RK0:1:1-199	1	199	199	12
Q96RK0	Q96RK0:22:1409-1570	1409	1570	162	8
Q96RK0	Q96RK0:25:1747-1788	1747	1788	42	1
Q96RL1	Q96RL1:5:223-239	223	239	17	1
Q96RT1	Q96RT1:22:1073-1195	1073	1195	123	14
Q96RT8	Q96RT8:3:152-203	152	203	52	3
Q96SB8	Q96SB8:3:1072-1091	1072	1091	20	3
Q96SL8	Q96SL8:8:382-413	382	413	32	3
Q96SN8	Q96SN8:7:265-289	265	289	25	3
Q96T23	Q96T23:23:1036-1428	1036	1428	393	45
Q96T37	Q96T37:1:1-168	1	168	168	25
Q96T37	Q96T37:5:555-776	555	776	222	40
Q96T51	Q96T51:1:1-58	1	58	58	7
Q96T58	Q96T58:2:82-94	82	94	13	1
Q96T58	Q96T58:3:103-124	103	124	22	1
Q96T58	Q96T58:5:143-168	143	168	26	3
Q96T58	Q96T58:7:181-334	181	334	154	23
Q96T58	Q96T58:9:624-630	624	630	7	1
Q96T58	Q96T58:11:672-872	672	872	201	37
Q96T58	Q96T58:42:2977-3048	2977	3048	72	3
Q96T58	Q96T58:45:3130-3157	3130	3157	28	2
Q96T58	Q96T58:49:3319-3492	3319	3492	174	4
Q96T88	Q96T88:10:612-679	612	679	68	8
Q99447	Q99447:1:1-20	1	20	20	3
Q99459	Q99459:5:246-283	246	283	38	4
Q99490	Q99490:1:1-12	1	12	12	3
Q99501	Q99501:3:279-524	279	524	246	45
Q99501	Q99501:4:529-681	529	681	153	13
Q99569	Q99569:2:69-350	69	350	282	23
Q99575	Q99575:1:1-96	1	96	96	7
Q99575	Q99575:4:137-138	137	138	2	1
Q99575	Q99575:15:819-839	819	839	21	4
Q99590	Q99590:5:291-433	291	433	143	14
Q99590	Q99590:12:681-701	681	701	21	1
Q99590	Q99590:15:724-1121	724	1121	398	60
Q99590	Q99590:16:1123-1149	1123	1149	27	2
Q99590	Q99590:17:1157-1205	1157	1205	49	3
Q99613	Q99613:3:892-913	892	913	22	4
Q99623	Q99623:3:9-17	9	17	9	2
Q99661	Q99661:5:171-185	171	185	15	1
Q99683	Q99683:6:66-88	66	88	23	2
Q99700	Q99700:1:1-256	1	256	256	24
Q99700	Q99700:6:478-959	478	959	482	37
Q99719	Q99719:1:1-6	1	6	6	1
Q99726	Q99726:1:1-61	1	61	61	5
Q99729	Q99729:1:234-270	234	270	37	4
Q99729	Q99729:2:272-332	272	332	61	2
Q99742	Q99742:9:575-590	575	590	16	2
Q99856	Q99856:2:14-224	14	224	211	16
Q99856	Q99856:6:542-593	542	593	52	1
Q99933	Q99933:1:1-143	1	143	143	28
Q99943	Q99943:5:267-283	267	283	17	1
Q99959	Q99959:2:40-52	40	52	13	1
Q99959	Q99959:5:125-142	125	142	18	3
Q99959	Q99959:13:285-315	285	315	31	4
Q99963	Q99963:2:250-273	250	273	24	4
Q99996	Q99996:26:1614-1627	1614	1627	14	3
Q99996	Q99996:52:3312-3344	3312	3344	33	3
Q9BPU6	Q9BPU6:7:548-564	548	564	17	2
Q9BQ52	Q9BQ52:2:15-53	15	53	39	9
Q9BQ52	Q9BQ52:6:188-233	188	233	46	7
Q9BQF6	Q9BQF6:4:83-91	83	91	9	1
Q9BQI0	Q9BQI0:1:1-8	1	8	8	1
Q9BRJ9	Q9BRJ9:3:178-187	178	187	10	1
Q9BRQ0	Q9BRQ0:2:106-326	106	326	221	6
Q9BRS2	Q9BRS2:4:81-109	81	109	29	1
Q9BRS8	Q9BRS8:1:1-85	1	85	85	6
Q9BSI4	Q9BSI4:3:264-280	264	280	17	4
Q9BST9	Q9BST9:9:511-563	511	563	53	8
Q9BTC0	Q9BTC0:1:1-260	1	260	260	27
Q9BTC0	Q9BTC0:18:1013-1046	1013	1046	34	2
Q9BTC0	Q9BTC0:25:1483-2240	1483	2240	758	95
Q9BTD8	Q9BTD8:4:130-134	130	134	5	1
Q9BTD8	Q9BTD8:5:173-214	173	214	42	3
Q9BTD8	Q9BTD8:6:216-225	216	225	10	1
Q9BTD8	Q9BTD8:7:318-356	318	356	39	4
Q9BTT0	Q9BTT0:3:146-268	146	268	123	3
Q9BTV7	Q9BTV7:1:1-127	1	127	127	13
Q9BU76	Q9BU76:1:1-7	1	7	7	1
Q9BU76	Q9BU76:5:136-263	136	263	128	18
Q9BUA3	Q9BUA3:4:139-267	139	267	129	12
Q9BUB5	Q9BUB5:6:444-465	444	465	22	5
Q9BUH6	Q9BUH6:2:143-204	143	204	62	6
Q9BUH8	Q9BUH8:13:379-395	379	395	17	1
Q9BUJ2	Q9BUJ2:2:39-190	39	190	152	13
Q9BUJ2	Q9BUJ2:5:593-813	593	813	221	16
Q9BUP0	Q9BUP0:1:1-57	1	57	57	5
Q9BV68	Q9BV68:4:93-140	93	140	48	12
Q9BVG8	Q9BVG8:2:15-78	15	78	64	10
Q9BW19	Q9BW19:2:22-104	22	104	83	7
Q9BW62	Q9BW62:4:95-184	95	184	90	13
Q9BW71	Q9BW71:1:1-12	1	12	12	2
Q9BW71	Q9BW71:2:15-16	15	16	2	1
Q9BWF3	Q9BWF3:9:358-364	358	364	7	2
Q9BWH6	Q9BWH6:2:33-54	33	54	22	3
Q9BX10	Q9BX10:3:10-64	10	64	55	4
Q9BX40	Q9BX40:5:158-240	158	240	83	12
Q9BX40	Q9BX40:6:351-385	351	385	35	10
Q9BXB4	Q9BXB4:1:1-50	1	50	50	1
Q9BXB5	Q9BXB5:1:1-73	1	73	73	9
Q9BXF3	Q9BXF3:12:555-775	555	775	221	19
Q9BXF3	Q9BXF3:13:795-825	795	825	31	1
Q9BXF3	Q9BXF3:14:831-857	831	857	27	2
Q9BXF3	Q9BXF3:30:1435-1484	1435	1484	50	2
Q9BXP5	Q9BXP5:1:1-117	1	117	117	28
Q9BXP5	Q9BXP5:6:852-857	852	857	6	2
Q9BY76	Q9BY76:6:158-174	158	174	17	3
Q9BY89	Q9BY89:8:353-432	353	432	80	5
Q9BY89	Q9BY89:29:1279-1448	1279	1448	170	16
Q9BYB0	Q9BYB0:5:741-1024	741	1024	284	33
Q9BYG3	Q9BYG3:4:267-293	267	293	27	4
Q9BYN0	Q9BYN0:1:1-34	1	34	34	3
Q9BYN7	Q9BYN7:6:301-315	301	315	15	3
Q9BYW2	Q9BYW2:12:270-564	270	564	295	41
Q9BYW2	Q9BYW2:30:1388-1448	1388	1448	61	5
Q9BZ76	Q9BZ76:4:687-700	687	700	14	3
Q9BZE4	Q9BZE4:8:524-586	524	586	63	11
Q9BZI7	Q9BZI7:2:209-483	209	483	275	46
Q9C0A6	Q9C0A6:21:1237-1442	1237	1442	206	11
Q9C0B5	Q9C0B5:5:285-329	285	329	45	4
Q9C0B5	Q9C0B5:6:331-715	331	715	385	26
Q9C0C2	Q9C0C2:1:1-151	1	151	151	12
Q9C0C2	Q9C0C2:3:168-456	168	456	289	16
Q9C0C2	Q9C0C2:11:726-885	726	885	160	11
Q9C0C7	Q9C0C7:4:320-414	320	414	95	7
Q9C0C7	Q9C0C7:16:738-797	738	797	60	11
Q9C0C7	Q9C0C7:22:1183-1298	1183	1298	116	10
Q9C0J8	Q9C0J8:12:730-1336	730	1336	607	72
Q9C0K0	Q9C0K0:6:259-264	259	264	6	1
Q9C0K0	Q9C0K0:9:302-327	302	327	26	2
Q9C0K0	Q9C0K0:12:626-682	626	682	57	3
Q9C0K0	Q9C0K0:14:735-795	735	795	61	5
Q9GZR2	Q9GZR2:2:77-195	77	195	119	7
Q9GZT3	Q9GZT3:1:1-13	1	13	13	2
Q9H074	Q9H074:1:1-114	1	114	114	13
Q9H089	Q9H089:1:1-32	1	32	32	8
Q9H089	Q9H089:8:581-581	581	581	1	1
Q9H0B6	Q9H0B6:11:474-551	474	551	78	11
Q9H0D6	Q9H0D6:3:806-806	806	806	1	1
Q9H0D6	Q9H0D6:6:863-879	863	879	17	2
Q9H0D6	Q9H0D6:7:904-950	904	950	47	7
Q9H0E3	Q9H0E3:1:1-97	1	97	97	7
Q9H0E3	Q9H0E3:22:439-451	439	451	13	1
Q9H0E3	Q9H0E3:23:457-477	457	477	21	2
Q9H0K1	Q9H0K1:10:547-549	547	549	3	1
Q9H0L4	Q9H0L4:6:251-521	251	521	271	24
Q9H165	Q9H165:11:252-276	252	276	25	2
Q9H1B7	Q9H1B7:7:514-578	514	578	65	5
Q9H1I8	Q9H1I8:14:697-757	697	757	61	10
Q9H1Z4	Q9H1Z4:9:98-116	98	116	19	5
Q9H211	Q9H211:4:381-414	381	414	34	2
Q9H2P0	Q9H2P0:4:274-288	274	288	15	1
Q9H2P0	Q9H2P0:8:349-397	349	397	49	3
Q9H2S1	Q9H2S1:6:550-579	550	579	30	6
Q9H2U1	Q9H2U1:1:1-61	1	61	61	7
Q9H307	Q9H307:3:393-717	393	717	325	35
Q9H329	Q9H329:5:18-51	18	51	34	4
Q9H361	Q9H361:3:430-472	430	472	43	6
Q9H3R5	Q9H3R5:1:1-34	1	34	34	1
Q9H3S7	Q9H3S7:2:702-761	702	761	60	7
Q9H3S7	Q9H3S7:7:857-1168	857	1168	312	12
Q9H3S7	Q9H3S7:11:1507-1636	1507	1636	130	5
Q9H3T2	Q9H3T2:6:715-763	715	763	49	5
Q9H3T3	Q9H3T3:3:651-679	651	679	29	4
Q9H425	Q9H425:2:135-306	135	306	172	13
Q9H4A4	Q9H4A4:1:1-19	1	19	19	2
Q9H4B6	Q9H4B6:7:71-75	71	75	5	1
Q9H4L4	Q9H4L4:2:159-192	159	192	34	3
Q9H4L4	Q9H4L4:4:206-233	206	233	28	2
Q9H4M7	Q9H4M7:3:156-357	156	357	202	28
Q9H4M7	Q9H4M7:6:685-767	685	767	83	6
Q9H4W6	Q9H4W6:1:1-18	1	18	18	1
Q9H5H4	Q9H5H4:9:236-258	236	258	23	5
Q9H6A9	Q9H6A9:7:252-521	252	521	270	29
Q9H6A9	Q9H6A9:9:539-625	539	625	87	14
Q9H6A9	Q9H6A9:10:685-711	685	711	27	1
Q9H6E5	Q9H6E5:1:1-13	1	13	13	1
Q9H6K5	Q9H6K5:1:1-408	1	408	408	39
Q9H6K5	Q9H6K5:10:695-1241	695	1241	547	9
Q9H6L4	Q9H6L4:3:186-198	186	198	13	3
Q9H6R0	Q9H6R0:1:1-61	1	61	61	7
Q9H6S0	Q9H6S0:1:1-29	1	29	29	2
Q9H6Y7	Q9H6Y7:3:273-350	273	350	78	3
Q9H788	Q9H788:8:235-303	235	303	69	9
Q9H7B2	Q9H7B2:1:1-6	1	6	6	1
Q9H7E2	Q9H7E2:6:234-372	234	372	139	16
Q9H7N4	Q9H7N4:7:375-1092	375	1092	718	88
Q9H7P9	Q9H7P9:24:1291-1339	1291	1339	49	6
Q9H7P9	Q9H7P9:28:1365-1386	1365	1386	22	1
Q9H7S9	Q9H7S9:2:95-294	95	294	200	6
Q9H845	Q9H845:2:619-620	619	620	2	1
Q9H8H2	Q9H8H2:7:797-851	797	851	55	4
Q9H8V3	Q9H8V3:1:1-13	1	13	13	1
Q9H8Y8	Q9H8Y8:12:366-452	366	452	87	1
Q9H992	Q9H992:1:1-64	1	64	64	7
Q9H992	Q9H992:4:319-345	319	345	27	3
Q9H992	Q9H992:6:396-474	396	474	79	11
Q9H9B1	Q9H9B1:3:143-236	143	236	94	7
Q9H9H4	Q9H9H4:2:174-220	174	220	47	4
Q9HA92	Q9HA92:1:1-10	1	10	10	2
Q9HAU0	Q9HAU0:11:422-424	422	424	3	1
Q9HAU4	Q9HAU4:2:213-234	213	234	22	4
Q9HAU4	Q9HAU4:3:236-250	236	250	15	3
Q9HB19	Q9HB19:4:311-334	311	334	24	3
Q9HB96	Q9HB96:3:150-159	150	159	10	1
Q9HBD1	Q9HBD1:13:640-685	640	685	46	2
Q9HBI1	Q9HBI1:1:1-27	1	27	27	4
Q9HBZ2	Q9HBZ2:3:35-62	35	62	28	3
Q9HBZ2	Q9HBZ2:11:546-717	546	717	172	4
Q9HC52	Q9HC52:5:96-242	96	242	147	29
Q9HCD6	Q9HCD6:16:1426-1587	1426	1587	162	13
Q9HCD6	Q9HCD6:19:1692-1709	1692	1709	18	2
Q9HCD6	Q9HCD6:23:1757-1806	1757	1806	50	3
Q9HCG8	Q9HCG8:1:1-130	1	130	130	24
Q9HCJ0	Q9HCJ0:7:427-931	427	931	505	15
Q9HCK8	Q9HCK8:20:2025-2120	2025	2120	96	5
Q9HD15	Q9HD15:1:1-61	1	61	61	5
Q9NP61	Q9NP61:13:511-516	511	516	6	1
Q9NPF5	Q9NPF5:1:1-49	1	49	49	2
Q9NPG1	Q9NPG1:2:537-666	537	666	130	15
Q9NQ55	Q9NQ55:2:319-473	319	473	155	23
Q9NQ87	Q9NQ87:3:239-310	239	310	72	8
Q9NQS7	Q9NQS7:22:886-902	886	902	17	2
Q9NQT8	Q9NQT8:26:1780-1796	1780	1796	17	3
Q9NQX0	Q9NQX0:3:150-163	150	163	14	1
Q9NR12	Q9NR12:2:86-233	86	233	148	11
Q9NR22	Q9NR22:3:49-63	49	63	15	1
Q9NR30	Q9NR30:2:716-783	716	783	68	15
Q9NR48	Q9NR48:49:1481-1508	1481	1508	28	5
Q9NRC8	Q9NRC8:1:1-28	1	28	28	8
Q9NRC8	Q9NRC8:4:348-389	348	389	42	6
Q9NRF2	Q9NRF2:6:169-223	169	223	55	3
Q9NRF8	Q9NRF8:1:563-586	563	586	24	2
Q9NRF9	Q9NRF9:2:89-147	89	147	59	4
Q9NRH2	Q9NRH2:12:491-640	491	640	150	13
Q9NRI5	Q9NRI5:1:1-28	1	28	28	2
Q9NRJ4	Q9NRJ4:20:949-965	949	965	17	1
Q9NRJ4	Q9NRJ4:21:968-978	968	978	11	2
Q9NRJ4	Q9NRJ4:22:1001-1029	1001	1029	29	2
Q9NRL2	Q9NRL2:24:1199-1422	1199	1422	224	28
Q9NRN7	Q9NRN7:3:247-265	247	265	19	1
Q9NRR4	Q9NRR4:1:1-101	1	101	101	9
Q9NRR4	Q9NRR4:2:126-407	126	407	282	39
Q9NS23	Q9NS23:2:18-24	18	24	7	2
Q9NSK0	Q9NSK0:13:571-592	571	592	22	3
Q9NSV4	Q9NSV4:1:1-61	1	61	61	7
Q9NSV4	Q9NSV4:5:558-622	558	622	65	1
Q9NSY1	Q9NSY1:5:446-504	446	504	59	2
Q9NTG7	Q9NTG7:3:49-75	49	75	27	5
Q9NU22	Q9NU22:20:4667-5261	4667	5261	595	14
Q9NU39	Q9NU39:13:379-408	379	408	30	6
Q9NUC0	Q9NUC0:2:33-55	33	55	23	1
Q9NUD5	Q9NUD5:1:1-160	1	160	160	19
Q9NV35	Q9NV35:1:1-8	1	8	8	1
Q9NVP1	Q9NVP1:3:627-650	627	650	24	1
Q9NVW2	Q9NVW2:2:76-280	76	280	205	31
Q9NVW2	Q9NVW2:5:329-363	329	363	35	7
Q9NVW2	Q9NVW2:6:365-365	365	365	1	1
Q9NW64	Q9NW64:7:371-420	371	420	50	2
Q9NW68	Q9NW68:9:247-400	247	400	154	5
Q9NW75	Q9NW75:5:159-159	159	159	1	1
Q9NW82	Q9NW82:4:536-582	536	582	47	7
Q9NWF9	Q9NWF9:14:858-866	858	866	9	2
Q9NWH9	Q9NWH9:5:463-602	463	602	140	13
Q9NWH9	Q9NWH9:9:713-1034	713	1034	322	54
Q9NWM3	Q9NWM3:1:1-40	1	40	40	5
Q9NX05	Q9NX05:15:935-953	935	953	19	2
Q9NX05	Q9NX05:17:970-1096	970	1096	127	11
Q9NXH9	Q9NXH9:5:535-599	535	599	65	12
Q9NXL9	Q9NXL9:12:1107-1109	1107	1109	3	1
Q9NXZ2	Q9NXZ2:1:1-60	1	60	60	10
Q9NYB9	Q9NYB9:2:167-447	167	447	281	14
Q9NYJ8	Q9NYJ8:15:427-453	427	453	27	2
Q9NYL2	Q9NYL2:10:650-800	650	800	151	20
Q9NYP3	Q9NYP3:1:1-117	1	117	117	18
Q9NYQ7	Q9NYQ7:3:53-86	53	86	34	3
Q9NYV4	Q9NYV4:1:1-706	1	706	706	60
Q9NYV4	Q9NYV4:15:1464-1490	1464	1490	27	5
Q9NYZ3	Q9NYZ3:2:172-308	172	308	137	11
Q9NYZ3	Q9NYZ3:4:401-522	401	522	122	9
Q9NYZ3	Q9NYZ3:6:531-640	531	640	110	14
Q9NZ52	Q9NZ52:7:533-550	533	550	18	1
Q9NZB2	Q9NZB2:12:957-973	957	973	17	4
Q9NZB2	Q9NZB2:13:975-988	975	988	14	3
Q9NZI8	Q9NZI8:2:157-191	157	191	35	4
Q9NZJ0	Q9NZJ0:12:644-707	644	707	64	5
Q9NZJ7	Q9NZJ7:1:1-76	1	76	76	9
Q9NZL4	Q9NZL4:2:350-359	350	359	10	1
Q9NZM4	Q9NZM4:24:1323-1560	1323	1560	238	15
Q9NZN4	Q9NZN4:1:1-15	1	15	15	2
Q9NZN5	Q9NZN5:1:1-63	1	63	63	5
Q9NZN5	Q9NZN5:6:571-719	571	719	149	10
Q9NZN8	Q9NZN8:4:83-192	83	192	110	7
Q9NZQ3	Q9NZQ3:1:100-132	100	132	33	4
Q9NZQ3	Q9NZQ3:4:148-309	148	309	162	7
Q9NZU7	Q9NZU7:1:1-204	1	204	204	29
Q9P0J7	Q9P0J7:2:141-151	141	151	11	1
Q9P0J7	Q9P0J7:3:153-194	153	194	42	6
Q9P0L2	Q9P0L2:1:1-41	1	41	41	3
Q9P0L2	Q9P0L2:9:533-650	533	650	118	13
Q9P107	Q9P107:7:761-883	761	883	123	5
Q9P107	Q9P107:8:895-939	895	939	45	5
Q9P1Y5	Q9P1Y5:3:328-389	328	389	62	3
Q9P1Y5	Q9P1Y5:7:629-986	629	986	358	36
Q9P1Y5	Q9P1Y5:8:988-1031	988	1031	44	8
Q9P1Y6	Q9P1Y6:7:320-398	320	398	79	17
Q9P1Y6	Q9P1Y6:15:642-874	642	874	233	23
Q9P1Y6	Q9P1Y6:17:960-1242	960	1242	283	61
Q9P219	Q9P219:29:1666-2022	1666	2022	357	25
Q9P227	Q9P227:4:174-195	174	195	22	2
Q9P227	Q9P227:21:1174-1368	1174	1368	195	26
Q9P227	Q9P227:23:1376-1406	1376	1406	31	10
Q9P258	Q9P258:1:1-93	1	93	93	10
Q9P258	Q9P258:2:503-522	503	522	20	1
Q9P281	Q9P281:14:319-332	319	332	14	1
Q9P281	Q9P281:33:710-751	710	751	42	5
Q9P281	Q9P281:35:825-827	825	827	3	1
Q9P286	Q9P286:10:251-304	251	304	54	5
Q9P291	Q9P291:6:130-184	130	184	55	7
Q9P2D1	Q9P2D1:7:85-288	85	288	204	9
Q9P2D1	Q9P2D1:8:291-312	291	312	22	2
Q9P2D1	Q9P2D1:12:326-460	326	460	135	5
Q9P2E3	Q9P2E3:1:1-142	1	142	142	24
Q9P2J2	Q9P2J2:6:1013-1080	1013	1080	68	8
Q9P2K1	Q9P2K1:1:1-130	1	130	130	17
Q9P2K3	Q9P2K3:4:345-495	345	495	151	8
Q9P2K8	Q9P2K8:1:1-20	1	20	20	3
Q9P2M7	Q9P2M7:1:1-19	1	19	19	1
Q9P2M7	Q9P2M7:6:186-266	186	266	81	12
Q9P2N2	Q9P2N2:11:207-238	207	238	32	1
Q9P2N5	Q9P2N5:3:88-159	88	159	72	11
Q9P2N5	Q9P2N5:9:311-417	311	417	107	4
Q9P2N5	Q9P2N5:10:432-438	432	438	7	1
Q9P2N5	Q9P2N5:11:440-444	440	444	5	1
Q9P2N5	Q9P2N5:14:510-525	510	525	16	2
Q9P2N5	Q9P2N5:31:938-973	938	973	36	7
Q9P2N6	Q9P2N6:1:1-11	1	11	11	2
Q9P2R6	Q9P2R6:4:561-1138	561	1138	578	19
Q9UBB4	Q9UBB4:1:1-11	1	11	11	2
Q9UBB5	Q9UBB5:1:1-144	1	144	144	24
Q9UBL3	Q9UBL3:2:270-332	270	332	63	4
Q9UBR4	Q9UBR4:1:1-11	1	11	11	2
Q9UBU6	Q9UBU6:1:1-112	1	112	112	11
Q9UBU9	Q9UBU9:1:1-114	1	114	114	20
Q9UBV8	Q9UBV8:1:1-113	1	113	113	1
Q9UBW8	Q9UBW8:1:226-275	226	275	50	3
Q9UDT6	Q9UDT6:1:1-72	1	72	72	2
Q9UEE5	Q9UEE5:1:1-40	1	40	40	4
Q9UEE9	Q9UEE9:1:1-159	1	159	159	5
Q9UEG4	Q9UEG4:5:606-652	606	652	47	4
Q9UEU0	Q9UEU0:2:98-109	98	109	12	1
Q9UGP4	Q9UGP4:5:67-87	67	87	21	3
Q9UGP4	Q9UGP4:6:102-175	102	175	74	4
Q9UGU0	Q9UGU0:1:1-337	1	337	337	12
Q9UGU0	Q9UGU0:14:919-1068	919	1068	150	13
Q9UH92	Q9UH92:1:1-65	1	65	65	9
Q9UHB7	Q9UHB7:4:75-897	75	897	823	37
Q9UHD8	Q9UHD8:1:1-51	1	51	51	7
Q9UHI6	Q9UHI6:12:641-746	641	746	106	9
Q9UHR4	Q9UHR4:7:450-511	450	511	62	6
Q9UHV7	Q9UHV7:27:953-1059	953	1059	107	6
Q9UIF8	Q9UIF8:19:1019-1047	1019	1047	29	5
Q9UIF9	Q9UIF9:33:1766-1789	1766	1789	24	6
Q9UIS9	Q9UIS9:9:588-605	588	605	18	2
Q9UJ96	Q9UJ96:2:129-159	129	159	31	6
Q9UJA3	Q9UJA3:1:1-9	1	9	9	2
Q9UJK0	Q9UJK0:1:1-24	1	24	24	7
Q9UJU2	Q9UJU2:7:241-297	241	297	57	3
Q9UJU2	Q9UJU2:8:369-399	369	399	31	4
Q9UJU6	Q9UJU6:4:182-287	182	287	106	18
Q9UJV9	Q9UJV9:3:50-113	50	113	64	5
Q9UJX5	Q9UJX5:1:1-3	1	3	3	1
Q9UJY1	Q9UJY1:1:1-23	1	23	23	4
Q9UJY1	Q9UJY1:3:62-69	62	69	8	1
Q9UJY1	Q9UJY1:4:71-71	71	71	1	1
Q9UJZ1	Q9UJZ1:3:321-356	321	356	36	2
Q9UK58	Q9UK58:4:315-526	315	526	212	41
Q9UKB3	Q9UKB3:4:178-187	178	187	10	2
Q9UKD1	Q9UKD1:6:354-365	354	365	12	3
Q9UKK3	Q9UKK3:16:1408-1454	1408	1454	47	2
Q9UKN7	Q9UKN7:14:557-563	557	563	7	1
Q9UKN7	Q9UKN7:24:1094-1111	1094	1111	18	3
Q9UKV3	Q9UKV3:1:1-30	1	30	30	6
Q9UKV3	Q9UKV3:6:156-467	156	467	312	27
Q9UKV3	Q9UKV3:7:469-533	469	533	65	1
Q9UKV3	Q9UKV3:9:542-870	542	870	329	33
Q9UKV3	Q9UKV3:11:890-956	890	956	67	4
Q9UKZ1	Q9UKZ1:1:1-62	1	62	62	6
Q9UL46	Q9UL46:1:1-10	1	10	10	1
Q9UL49	Q9UL49:3:139-215	139	215	77	7
Q9ULD9	Q9ULD9:5:411-546	411	546	136	16
Q9ULE0	Q9ULE0:4:486-510	486	510	25	3
Q9ULG1	Q9ULG1:18:1412-1472	1412	1472	61	6
Q9ULH7	Q9ULH7:19:799-807	799	807	9	1
Q9ULI4	Q9ULI4:1:1-66	1	66	66	5
Q9ULI4	Q9ULI4:23:1333-1730	1333	1730	398	38
Q9ULJ6	Q9ULJ6:12:314-562	314	562	249	9
Q9ULK2	Q9ULK2:14:767-861	767	861	95	6
Q9ULL5	Q9ULL5:2:29-39	29	39	11	1
Q9ULL5	Q9ULL5:18:191-245	191	245	55	3
Q9ULL5	Q9ULL5:21:325-588	325	588	264	7
Q9ULL5	Q9ULL5:31:1117-1261	1117	1261	145	21
Q9ULT8	Q9ULT8:3:339-361	339	361	23	4
Q9ULV3	Q9ULV3:6:119-475	119	475	357	15
Q9ULX3	Q9ULX3:6:392-412	392	412	21	5
Q9ULX6	Q9ULX6:8:179-190	179	190	12	3
Q9ULX6	Q9ULX6:9:195-200	195	200	6	1
Q9ULX6	Q9ULX6:10:208-208	208	208	1	1
Q9ULX6	Q9ULX6:14:263-381	263	381	119	8
Q9UMN6	Q9UMN6:1:1-71	1	71	71	11
Q9UMN6	Q9UMN6:2:76-240	76	240	165	33
Q9UMN6	Q9UMN6:3:242-304	242	304	63	7
Q9UMS0	Q9UMS0:1:1-9	1	9	9	2
Q9UMS4	Q9UMS4:4:186-197	186	197	12	2
Q9UN86	Q9UN86:3:410-482	410	482	73	18
Q9UNS1	Q9UNS1:6:808-819	808	819	12	3
Q9UNX3	Q9UNX3:1:1-22	1	22	22	3
Q9UNY4	Q9UNY4:9:387-408	387	408	22	2
Q9UNZ2	Q9UNZ2:2:54-117	54	117	64	6
Q9UPA5	Q9UPA5:19:2281-2370	2281	2370	90	5
Q9UPA5	Q9UPA5:27:2578-2659	2578	2659	82	16
Q9UPA5	Q9UPA5:52:3564-3904	3564	3904	341	25
Q9UPN3	Q9UPN3:35:7201-7388	7201	7388	188	19
Q9UPN6	Q9UPN6:18:882-1069	882	1069	188	19
Q9UPN6	Q9UPN6:19:1072-1073	1072	1073	2	1
Q9UPN6	Q9UPN6:22:1109-1120	1109	1120	12	1
Q9UPN6	Q9UPN6:23:1124-1143	1124	1143	20	4
Q9UPN9	Q9UPN9:6:525-566	525	566	42	2
Q9UPN9	Q9UPN9:7:600-667	600	667	68	3
Q9UPQ9	Q9UPQ9:13:1191-1226	1191	1226	36	3
Q9UPQ9	Q9UPQ9:16:1295-1308	1295	1308	14	2
Q9UPQ9	Q9UPQ9:17:1312-1359	1312	1359	48	2
Q9UPR0	Q9UPR0:1:1-82	1	82	82	7
Q9UPS6	Q9UPS6:2:235-304	235	304	70	3
Q9UPS6	Q9UPS6:11:1500-1551	1500	1551	52	6
Q9UPT8	Q9UPT8:1:1-389	1	389	389	48
Q9UPU9	Q9UPU9:10:571-606	571	606	36	6
Q9UPV0	Q9UPV0:34:1226-1252	1226	1252	27	3
Q9UPW6	Q9UPW6:3:343-349	343	349	7	1
Q9UPZ6	Q9UPZ6:2:259-315	259	315	57	12
Q9UQ26	Q9UQ26:1:1-25	1	25	25	2
Q9UQ26	Q9UQ26:8:1026-1215	1026	1215	190	30
Q9UQ35	Q9UQ35:1:1-23	1	23	23	2
Q9UQ35	Q9UQ35:3:29-34	29	34	6	3
Q9UQ35	Q9UQ35:6:683-2143	683	2143	1461	271
Q9UQ35	Q9UQ35:8:2151-2176	2151	2176	26	2
Q9UQ35	Q9UQ35:10:2310-2344	2310	2344	35	2
Q9UQ35	Q9UQ35:13:2374-2386	2374	2386	13	1
Q9UQ35	Q9UQ35:14:2389-2460	2389	2460	72	10
Q9UQ35	Q9UQ35:16:2465-2752	2465	2752	288	30
Q9UQF2	Q9UQF2:4:70-372	70	372	303	24
Q9Y215	Q9Y215:5:157-289	157	289	133	8
Q9Y242	Q9Y242:5:147-169	147	169	23	2
Q9Y247	Q9Y247:6:135-161	135	161	27	4
Q9Y252	Q9Y252:4:167-366	167	366	200	37
Q9Y283	Q9Y283:2:580-833	580	833	254	30
Q9Y2H5	Q9Y2H5:2:161-342	161	342	182	16
Q9Y2H5	Q9Y2H5:9:448-469	448	469	22	4
Q9Y2H5	Q9Y2H5:10:476-482	476	482	7	1
Q9Y2H5	Q9Y2H5:13:663-865	663	865	203	18
Q9Y2H6	Q9Y2H6:5:105-118	105	118	14	1
Q9Y2H6	Q9Y2H6:8:133-155	133	155	23	1
Q9Y2H9	Q9Y2H9:6:720-911	720	911	192	22
Q9Y2J4	Q9Y2J4:2:40-233	40	233	194	19
Q9Y2K2	Q9Y2K2:5:566-618	566	618	53	3
Q9Y2K2	Q9Y2K2:15:972-992	972	992	21	2
Q9Y2L6	Q9Y2L6:9:635-704	635	704	70	8
Q9Y2R0	Q9Y2R0:1:1-35	1	35	35	3
Q9Y2V2	Q9Y2V2:1:1-52	1	52	52	7
Q9Y2W2	Q9Y2W2:7:177-180	177	180	4	1
Q9Y2W2	Q9Y2W2:8:183-220	183	220	38	3
Q9Y2W2	Q9Y2W2:9:222-553	222	553	332	20
Q9Y2X9	Q9Y2X9:5:376-429	376	429	54	2
Q9Y2Y0	Q9Y2Y0:3:152-163	152	163	12	1
Q9Y303	Q9Y303:1:1-9	1	9	9	1
Q9Y324	Q9Y324:2:193-198	193	198	6	1
Q9Y3I1	Q9Y3I1:9:455-522	455	522	68	8
Q9Y3R0	Q9Y3R0:5:428-437	428	437	10	1
Q9Y3T6	Q9Y3T6:3:103-119	103	119	17	2
Q9Y3T6	Q9Y3T6:4:121-134	121	134	14	4
Q9Y3T6	Q9Y3T6:5:138-144	138	144	7	2
Q9Y3Y2	Q9Y3Y2:2:44-65	44	65	22	4
Q9Y3Y2	Q9Y3Y2:3:107-122	107	122	16	4
Q9Y3Y2	Q9Y3Y2:4:128-129	128	129	2	1
Q9Y3Y2	Q9Y3Y2:6:138-141	138	141	4	1
Q9Y3Y2	Q9Y3Y2:8:148-156	148	156	9	3
Q9Y446	Q9Y446:4:55-107	55	107	53	5
Q9Y446	Q9Y446:11:253-263	253	263	11	3
Q9Y483	Q9Y483:3:420-498	420	498	79	8
Q9Y4B4	Q9Y4B4:12:1241-1284	1241	1284	44	7
Q9Y4B5	Q9Y4B5:1:1-185	1	185	185	22
Q9Y4B5	Q9Y4B5:2:191-351	191	351	161	13
Q9Y4D1	Q9Y4D1:1:1-10	1	10	10	3
Q9Y4F4	Q9Y4F4:2:22-40	22	40	19	3
Q9Y4F5	Q9Y4F5:10:594-629	594	629	36	5
Q9Y4F5	Q9Y4F5:11:634-841	634	841	208	22
Q9Y4G2	Q9Y4G2:9:352-486	352	486	135	8
Q9Y4H2	Q9Y4H2:4:302-417	302	417	116	12
Q9Y4H2	Q9Y4H2:6:425-505	425	505	81	2
Q9Y4H2	Q9Y4H2:9:570-572	570	572	3	1
Q9Y4H2	Q9Y4H2:18:834-1103	834	1103	270	13
Q9Y4L5	Q9Y4L5:4:95-139	95	139	45	10
Q9Y4Z0	Q9Y4Z0:2:86-139	86	139	54	8
Q9Y4Z2	Q9Y4Z2:1:1-76	1	76	76	12
Q9Y520	Q9Y520:3:253-304	253	304	52	5
Q9Y520	Q9Y520:4:307-730	307	730	424	34
Q9Y520	Q9Y520:5:747-795	747	795	49	6
Q9Y520	Q9Y520:7:800-1119	800	1119	320	22
Q9Y520	Q9Y520:8:1121-1649	1121	1649	529	73
Q9Y520	Q9Y520:16:1893-2164	1893	2164	272	6
Q9Y520	Q9Y520:34:2665-2702	2665	2702	38	2
Q9Y520	Q9Y520:41:2814-2815	2814	2815	2	1
Q9Y520	Q9Y520:42:2820-2896	2820	2896	77	2
Q9Y566	Q9Y566:10:854-892	854	892	39	3
Q9Y570	Q9Y570:1:1-44	1	44	44	5
Q9Y572	Q9Y572:5:476-518	476	518	43	2
Q9Y580	Q9Y580:6:160-209	160	209	50	3
Q9Y580	Q9Y580:7:211-233	211	233	23	5
Q9Y5B9	Q9Y5B9:3:452-456	452	456	5	2
Q9Y5B9	Q9Y5B9:7:1017-1047	1017	1047	31	6
Q9Y5R2	Q9Y5R2:1:1-26	1	26	26	4
Q9Y5R6	Q9Y5R6:1:1-71	1	71	71	2
Q9Y5S9	Q9Y5S9:1:1-66	1	66	66	5
Q9Y5V3	Q9Y5V3:8:170-334	170	334	165	11
Q9Y617	Q9Y617:1:1-6	1	6	6	1
Q9Y618	Q9Y618:1:1-25	1	25	25	2
Q9Y618	Q9Y618:15:1226-1228	1226	1228	3	1
Q9Y618	Q9Y618:19:1334-1360	1334	1360	27	2
Q9Y618	Q9Y618:23:1505-1611	1505	1611	107	8
Q9Y618	Q9Y618:24:1743-1918	1743	1918	176	16
Q9Y620	Q9Y620:6:237-255	237	255	19	2
Q9Y6H1	Q9Y6H1:1:1-54	1	54	54	8
Q9Y6I3	Q9Y6I3:9:444-576	444	576	133	4
Q9Y6J0	Q9Y6J0:22:1666-1849	1666	1849	184	15
Q9Y6J9	Q9Y6J9:3:375-392	375	392	18	4
Q9Y6K5	Q9Y6K5:3:373-394	373	394	22	1
Q9Y6L7	Q9Y6L7:2:20-51	20	51	32	2
Q9Y6N7	Q9Y6N7:19:1121-1341	1121	1341	221	10
Q9Y6Q9	Q9Y6Q9:11:880-969	880	969	90	6
Q9Y6R9	Q9Y6R9:2:276-481	276	481	206	34
Q9Y6V7	Q9Y6V7:3:436-483	436	483	48	6
Q9Y6Y8	Q9Y6Y8:8:159-252	159	252	94	3
