canonical_UniProtAC	gene	architecture_class	clustered_adjacency_classes	original_edge_bins	max_sites_in_20aa_span	total_sites_in_clustered_bins	best_cluster_positions	median_domain_edge_distance	median_idr_segment_length	nearest_domain_classes
P16989	CSDA	broad across IDR	domain-distal >20 aa | domain-proximal <=20 aa	Domain edge 21-40 aa | Domain edge <=20 aa | Domain-distal >40 aa	8	34	169,174,176,179 ; 185,186,190 ; 326,327,330,331,336,337,338,340	26.0	197.0	Other domain
Q8NC51	SERBP1	broad across IDR	domain-distal >20 aa | domain-proximal <=20 aa	Domain edge <=20 aa | Domain-distal >40 aa	7	15	155,160,163,165,170,172,175 ; 364,367,370,373,376	34.0	59.0	Other domain
Q01844	EWSR1	broad across IDR	domain-distal >20 aa | domain-proximal <=20 aa	Domain edge 21-40 aa | Domain edge <=20 aa | Domain-distal >40 aa	6	35	455,461,464 ; 572,575,581,589 ; 300,302,304,309,314,317	29.5	107.0	Other domain; RRM / KH RNA-binding
Q15056	EIF4H	broad across IDR	domain-distal >20 aa | domain-proximal <=20 aa	Domain edge <=20 aa | Domain-distal >40 aa	6	14	19,22,31 ; 166,170,174,175,183,185	39.75	82.0	RRM / KH RNA-binding
P17844	DDX5	broad across IDR	domain-distal >20 aa | domain-proximal <=20 aa	Domain edge <=20 aa | Domain-distal >40 aa	6	11	478,482,484,486,496 ; 8,10,12,14,20,25	44.0	30.5	RNA helicase
P38159	RBMX	broad across IDR	domain-distal >20 aa | domain-proximal <=20 aa	Domain edge 21-40 aa | Domain edge <=20 aa | Domain-distal >40 aa	5	29	93,94,101,103 ; 107,110,113,120,125 ; 339,341,344,347,355	27.0	86.0	Other domain ; Other domain; RRM / KH RNA-binding
P35637	FUS	broad across IDR	domain-distal >20 aa | domain-proximal <=20 aa	Domain edge 21-40 aa | Domain edge <=20 aa | Domain-distal >40 aa	5	27	377,383,386,388 ; 476,481,485,487,491 ; 495,498,503,514	32.0	73.0	Other domain; RRM / KH RNA-binding
Q9BUJ2	HNRNPUL1	broad across IDR	domain-distal >20 aa | domain-proximal <=20 aa	Domain edge <=20 aa | Domain-distal >40 aa	5	16	171,173,179,181 ; 612,618,620,628,632	134.5	186.5	Other domain ; Ribosome / RNP structural
O00571	DDX3X	broad across IDR	domain-distal >20 aa | domain-proximal <=20 aa	Domain edge <=20 aa | Domain-distal >40 aa	5	15	585,587,592 ; 75,79,88,93,95	46.0	99.5	RNA helicase
P19338	NCL	broad across IDR	domain-distal >20 aa | domain-proximal <=20 aa	Domain edge 21-40 aa | Domain edge <=20 aa	5	11	656,660,666 ; 670,673,679,681,687	18.75	48.5	RRM / KH RNA-binding
P98179	RBM3	broad across IDR	domain-distal >20 aa | domain-proximal <=20 aa	Domain edge <=20 aa | Domain-distal >40 aa	5	9	87,90,99,101,105 ; 131,133,138,145	32.25	72.0	RRM / KH RNA-binding
Q92804	TAF15	broad across IDR	domain-distal >20 aa | domain-proximal <=20 aa	Domain edge <=20 aa | Domain-distal >40 aa	4	33	326,334,337,343 ; 175,185,187	58.25	163.25	Other domain; RRM / KH RNA-binding
Q96E39	RBMXL1	broad across IDR	domain-distal >20 aa | domain-proximal <=20 aa	Domain edge 21-40 aa | Domain edge <=20 aa | Domain-distal >40 aa	4	22	91,93,101,103 ; 107,113,120,125 ; 343,346,354	28.0	86.0	Other domain ; Other domain; RRM / KH RNA-binding
Q14011	CIRBP	broad across IDR	domain-distal >20 aa | domain-proximal <=20 aa	Domain edge 21-40 aa | Domain edge <=20 aa | Domain-distal >40 aa	4	13	94,101,105 ; 108,110,116,121 ; 127,131,139,145	28.0	87.0	RRM / KH RNA-binding
Q9Y3Y2	CHTOP	broad across IDR	domain-distal >20 aa | domain-proximal <=20 aa	Domain edge 21-40 aa | Domain edge <=20 aa	4	7	140,148,152,153 ; 118,121,128	21.5	12.5	Other domain
Q8ND56	LSM14A	broad across IDR	domain-distal >20 aa | domain-proximal <=20 aa	Domain edge <=20 aa | Domain-distal >40 aa	3	9	269,270,279 ; 442,445,456	28.0	71.75	Other domain
Q13151	HNRNPA0	broad across IDR	domain-distal >20 aa | domain-proximal <=20 aa	Domain edge 21-40 aa | Domain edge <=20 aa	3	6	189,192,195 ; 198,200,204	21.0	39.0	RRM / KH RNA-binding
Q13243	SRSF5	domain-proximal clustered	domain-proximal <=20 aa	Domain edge <=20 aa	6	6	75,80,82,88,92,93	11.0	33.0	RRM / KH RNA-binding
Q12905	ILF2	domain-proximal clustered	domain-proximal <=20 aa	Domain edge <=20 aa	5	5	5,7,9,12,16	13.0	21.0	Other domain
Q9BX40	LSM14B	domain-proximal clustered	domain-proximal <=20 aa	Domain edge <=20 aa	4	8	221,222,234,238	6.5	59.0	Other domain
Q92841	DDX17	domain-proximal clustered	domain-proximal <=20 aa	Domain edge <=20 aa	4	7	90,92,94,100	15.0	31.0	Other domain; RNA helicase
P62314	SNRPD1	domain-proximal clustered	domain-proximal <=20 aa	Domain edge <=20 aa	4	4	98,100,102,106	8.0	26.0	Ribosome / RNP structural
P62633	CNBP	domain-proximal clustered	domain-proximal <=20 aa	Domain edge <=20 aa	4	4	25,27,30,32	7.5	12.0	RNA-associated zinc finger
Q07955	SRSF1	domain-proximal clustered	domain-proximal <=20 aa	Domain edge <=20 aa	4	4	93,97,109,111	3.0	21.0	RRM / KH RNA-binding
Q14444	CAPRIN1	domain-proximal clustered	domain-proximal <=20 aa	Domain edge <=20 aa	4	4	688,690,695,698	7.5	24.0	Other domain
Q96I24	FUBP3	domain-proximal clustered	domain-proximal <=20 aa	Domain edge <=20 aa	4	4	337,339,341,343	13.0	13.0	RRM / KH RNA-binding
Q99729	HNRNPAB	domain-proximal clustered	domain-proximal <=20 aa	Domain edge <=20 aa	4	4	245,248,250,253	16.0	37.0	RRM / KH RNA-binding
Q9HAU4	SMURF2	domain-proximal clustered	domain-proximal <=20 aa	Domain edge <=20 aa	4	4	232,234,237,239	15.5	18.5	Other domain
Q9UQ35	SRRM2	domain-proximal clustered	domain-proximal <=20 aa	Domain edge <=20 aa	4	4	21,29,30,33	9.5	6.0	Other domain
Q92945	KHSRP	domain-proximal clustered	domain-proximal <=20 aa	Domain edge <=20 aa	3	6	394,411,413	7.5	31.0	RRM / KH RNA-binding
P51991	HNRNPA3	domain-proximal clustered	domain-proximal <=20 aa	Domain edge <=20 aa	3	5	16,17,21	14.0	34.0	RRM / KH RNA-binding
Q13242	SRSF9	domain-proximal clustered	domain-proximal <=20 aa	Domain edge <=20 aa	3	5	93,98,101	6.0	11.0	RRM / KH RNA-binding
Q13283	G3BP1	domain-proximal clustered	domain-proximal <=20 aa	Domain edge <=20 aa	3	5	427,429,435	11.0	50.0	RRM / KH RNA-binding
P51114	FXR1	domain-proximal clustered	domain-proximal <=20 aa	Domain edge <=20 aa	3	4	453,455,459	4.0	12.0	Other domain; Ribosome / RNP structural
Q01130	SRSF2	domain-proximal clustered	domain-proximal <=20 aa	Domain edge <=20 aa	3	4	94,103,109	10.0	129.0	RRM / KH RNA-binding
Q14103	HNRNPD	domain-proximal clustered	domain-proximal <=20 aa	Domain edge <=20 aa	3	4	272,278,280	14.0	22.0	RRM / KH RNA-binding
Q8IZT6	ASPM	domain-proximal clustered	domain-proximal <=20 aa	Domain edge <=20 aa	3	4	18,19,25	15.0	31.0	Other domain
O60885	BRD4	domain-proximal clustered	domain-proximal <=20 aa	Domain edge <=20 aa	3	3	179,181,183	15.0	60.0	Chromatin reader
P10301	RRAS	domain-proximal clustered	domain-proximal <=20 aa	Domain edge <=20 aa	3	3	11,13,15	16.0	28.0	Other domain
P31942	HNRNPH3	domain-proximal clustered	domain-proximal <=20 aa	Domain edge <=20 aa	3	3	104,105,110	8.0	16.0	RRM / KH RNA-binding
P31943	HNRNPH1	domain-proximal clustered	domain-proximal <=20 aa	Domain edge <=20 aa	3	3	199,206,212	14.0	24.0	RRM / KH RNA-binding
P35579	MYH9	domain-proximal clustered	domain-proximal <=20 aa	Domain edge <=20 aa	3	3	1923,1932,1933	11.0	39.0	Other domain
P35580	MYH10	domain-proximal clustered	domain-proximal <=20 aa	Domain edge <=20 aa	3	3	1930,1940,1943	12.0	48.0	Other domain
P55795	HNRNPH2	domain-proximal clustered	domain-proximal <=20 aa	Domain edge <=20 aa	3	3	199,206,212	14.0	24.0	RRM / KH RNA-binding
P68431	HIST1H3A	domain-proximal clustered	domain-proximal <=20 aa	Domain edge <=20 aa	3	3	27,41,43	3.0	43.0	Other domain
Q01094	E2F1	domain-proximal clustered	domain-proximal <=20 aa	Domain edge <=20 aa	3	3	109,111,113	16.0	87.0	DNA-binding
Q08170	SRSF4	domain-proximal clustered	domain-proximal <=20 aa	Domain edge <=20 aa	3	3	75,83,89	11.0	25.0	RRM / KH RNA-binding
Q32P51	HNRNPA1L2	domain-proximal clustered	domain-proximal <=20 aa	Domain edge <=20 aa	3	3	194,196,197	14.0	34.0	RRM / KH RNA-binding
Q3SX64	ODF3L2	domain-proximal clustered	domain-proximal <=20 aa	Domain edge <=20 aa	3	3	267,278,283	12.0	23.0	Repeat / superfamily
Q5JVS0	HABP4	domain-proximal clustered	domain-proximal <=20 aa	Domain edge <=20 aa	3	3	178,180,193	18.0	48.0	Other domain
Q71DI3	HIST1H3A	domain-proximal clustered	domain-proximal <=20 aa	Domain edge <=20 aa	3	3	27,41,43	3.0	43.0	Other domain
Q96AE4	FUBP1	domain-proximal clustered	domain-proximal <=20 aa	Domain edge <=20 aa	3	3	359,361,363	14.0	28.0	RRM / KH RNA-binding
Q9BYB0	SHANK3	domain-proximal clustered	domain-proximal <=20 aa	Domain edge <=20 aa	3	3	749,750,751	10.0	284.0	Other domain
Q9NR30	DDX21	domain-proximal clustered	domain-proximal <=20 aa	Domain edge <=20 aa	3	3	718,725,728	10.0	68.0	Other domain
Q9P2K8	EIF2AK4	domain-proximal clustered	domain-proximal <=20 aa	Domain edge <=20 aa	3	3	5,10,12	11.0	20.0	Other domain
Q9Y5B9	SUPT16H	domain-proximal clustered	domain-proximal <=20 aa	Domain edge <=20 aa	3	3	1029,1033,1036	17.0	31.0	Other domain
P67809	YBX1	domain-distal clustered	domain-distal >20 aa	Domain edge 21-40 aa | Domain-distal >40 aa	9	22	151,152,156 ; 185,186,189,190,192,199,200,204,205	63.5	196.0	Other domain
P49959	MRE11	domain-distal clustered	domain-distal >20 aa	Domain-distal >40 aa	7	12	570,572,574,576,577,580,587	122.5	69.0	DNA-binding
P48634	PRRC2A	domain-distal clustered	domain-distal >20 aa	Domain-distal >40 aa	6	43	1024,1026,1028,1034,1036,1039	892.0	1005.0	Other domain
Q9Y520	PRRC2C	domain-distal clustered	domain-distal >20 aa	Domain-distal >40 aa	6	34	1342,1344,1349,1350,1353,1358	1042.5	476.5	Other domain
P61978	HNRNPK	domain-distal clustered	domain-distal >20 aa	Domain-distal >40 aa	6	17	258,263,268,271,277,278	63.0	83.0	RRM / KH RNA-binding
Q8WWM7	ATXN2L	domain-distal clustered	domain-distal >20 aa	Domain edge 21-40 aa | Domain-distal >40 aa	6	16	355,357,361,365,370,373 ; 399,414,417	57.0	368.0	Other domain
Q14157	UBAP2L	domain-distal clustered	domain-distal >20 aa	Domain-distal >40 aa	6	11	168,172,174,177,179,187	72.0	135.0	Other domain
Q9H0D6	XRN2	domain-distal clustered	domain-distal >20 aa	Domain-distal >40 aa	6	9	921,922,925,928,933,936	139.0	47.0	Other domain
P49750	YLPM1	domain-distal clustered	domain-distal >20 aa	Domain-distal >40 aa	5	34	750,758,761,766,767	551.0	692.0	Repeat / superfamily
Q14152	EIF3A	domain-distal clustered	domain-distal >20 aa	Domain-distal >40 aa	5	25	956,959,960,966,976	565.0	599.0	Other domain
Q07666	KHDRBS1	domain-distal clustered	domain-distal >20 aa	Domain edge 21-40 aa | Domain-distal >40 aa	5	22	282,284,289,291 ; 302,304,310,315,320	43.75	69.0	Other domain; RRM / KH RNA-binding
O60506	SYNCRIP	domain-distal clustered	domain-distal >20 aa	Domain edge 21-40 aa | Domain-distal >40 aa	5	20	444,446,448 ; 496,498,501,504,510	78.0	80.5	RRM / KH RNA-binding
Q00839	HNRNPU	domain-distal clustered	domain-distal >20 aa	Domain-distal >40 aa	5	18	702,707,709,715,720	272.0	86.0	Other domain
Q5VT52	RPRD2	domain-distal clustered	domain-distal >20 aa	Domain-distal >40 aa	5	18	1404,1415,1418,1422,1424	1236.0	130.0	Other domain
P12270	TPR	domain-distal clustered	domain-distal >20 aa	Domain-distal >40 aa	5	15	2327,2333,2337,2343,2345	999.0	137.0	Protein-protein repeat / scaffold
P23246	SFPQ	domain-distal clustered	domain-distal >20 aa	Domain-distal >40 aa	5	15	7,9,18,19,25	157.0	289.0	Other domain; RRM / KH RNA-binding
Q9UPN6	SCAF8	domain-distal clustered	domain-distal >20 aa	Domain-distal >40 aa	5	14	1120,1124,1129,1133,1139	501.0	188.0	RRM / KH RNA-binding
O43390	HNRNPR	domain-distal clustered	domain-distal >20 aa	Domain edge 21-40 aa | Domain-distal >40 aa	5	13	441,447,449 ; 500,502,506,509,516	68.75	96.0	RRM / KH RNA-binding
O75525	KHDRBS3	domain-distal clustered	domain-distal >20 aa	Domain edge 21-40 aa | Domain-distal >40 aa	5	12	226,232,237,239,245 ; 193,195,204,206	37.5	43.5	Other domain; RRM / KH RNA-binding
Q8IXT5	RBM12B	domain-distal clustered	domain-distal >20 aa	Domain-distal >40 aa	5	11	732,733,740,741,749	169.0	289.0	RRM / KH RNA-binding
Q6PKG0	LARP1	domain-distal clustered	domain-distal >20 aa	Domain-distal >40 aa	5	10	334,340,344,346,348	87.5	358.0	Other domain
Q9H074	PAIP1	domain-distal clustered	domain-distal >20 aa	Domain-distal >40 aa	5	10	7,13,15,17,21	128.5	114.0	Other domain
Q96JP5	ZFP91	domain-distal clustered	domain-distal >20 aa	Domain-distal >40 aa	5	8	48,51,54,56,58	254.0	307.0	Other domain
P20290	BTF3	domain-distal clustered	domain-distal >20 aa	Domain-distal >40 aa	5	7	3,13,15,17,19	65.0	47.0	Other domain
Q12888	TP53BP1	domain-distal clustered	domain-distal >20 aa	Domain-distal >40 aa	5	7	1396,1398,1400,1401,1403	85.0	213.0	Chromatin reader
P33991	MCM4	domain-distal clustered	domain-distal >20 aa	Domain-distal >40 aa	5	6	10,11,14,15,17	148.5	82.0	Other domain
P79522	PRR3	domain-distal clustered	domain-distal >20 aa	Domain-distal >40 aa	5	6	83,87,88,93,99	67.5	154.0	RNA-associated zinc finger
Q659C4	LARP1B	domain-distal clustered	domain-distal >20 aa	Domain-distal >40 aa	5	6	138,145,149,153,155	62.0	173.0	Other domain
Q86UK7	ZNF598	domain-distal clustered	domain-distal >20 aa	Domain-distal >40 aa	5	6	311,314,320,324,331	52.0	394.0	Other domain
Q96LA8	PRMT6	domain-distal clustered	domain-distal >20 aa	Domain-distal >40 aa	5	6	29,35,37,38,41	50.0	41.0	Chromatin catalytic / remodeler
P14866	HNRNPL	domain-distal clustered	domain-distal >20 aa	Domain edge 21-40 aa	5	5	343,344,353,354,358	27.0	91.0	RRM / KH RNA-binding
P15880	RPS2	domain-distal clustered	domain-distal >20 aa	Domain-distal >40 aa	5	5	22,26,34,36,40	68.0	57.0	Ribosome / RNP structural
Q9C0J8	WDR33	domain-distal clustered	domain-distal >20 aa	Domain-distal >40 aa	4	30	1030,1035,1046,1047	359.5	607.0	Repeat / superfamily
Q8WUF5	PPP1R13L	domain-distal clustered	domain-distal >20 aa	Domain-distal >40 aa	4	23	66,69,82,86	464.0	234.0	Protein-protein repeat / scaffold
O14686	KMT2D	domain-distal clustered	domain-distal >20 aa	Domain-distal >40 aa	4	22	2903,2905,2915,2922	768.0	168.0	Chromatin reader; Other domain
Q04637	EIF4G1	domain-distal clustered	domain-distal >20 aa	Domain edge 21-40 aa | Domain-distal >40 aa	4	19	1205,1216,1218 ; 675,681,685,694	51.5	144.0	Other domain
Q15654	TRIP6	domain-distal clustered	domain-distal >20 aa	Domain-distal >40 aa	4	17	111,116,117,120	160.0	81.0	Other domain
Q69YN4	KIAA1429	domain-distal clustered	domain-distal >20 aa	Domain-distal >40 aa	4	17	1793,1803,1805,1808	1468.0	203.0	Other domain
Q8NEZ4	KMT2C	domain-distal clustered	domain-distal >20 aa	Domain-distal >40 aa	4	17	2226,2228,2235,2240	564.0	737.0	Chromatin reader; Other domain
Q5JSZ5	PRRC2B	domain-distal clustered	domain-distal >20 aa	Domain-distal >40 aa	4	14	1065,1067,1077,1079	921.0	140.0	Other domain
Q9H0L4	CSTF2T	domain-distal clustered	domain-distal >20 aa	Domain-distal >40 aa	4	14	396,403,410,413	160.0	271.0	Other domain
Q9UMN6	KMT2B	domain-distal clustered	domain-distal >20 aa	Domain-distal >40 aa	4	11	33,36,48,49	866.0	71.0	Other domain
P62995	TRA2B	domain-distal clustered	domain-distal >20 aa	Domain edge 21-40 aa | Domain-distal >40 aa	4	10	224,228,233 ; 238,241,251,256	46.0	45.5	RRM / KH RNA-binding
Q92576	PHF3	domain-distal clustered	domain-distal >20 aa	Domain-distal >40 aa	4	10	1911,1915,1920,1922	523.0	65.0	Chromatin reader; Other domain
Q96QC0	PPP1R10	domain-distal clustered	domain-distal >20 aa	Domain-distal >40 aa	4	10	688,693,705,707	200.0	294.0	RNA-associated zinc finger
O43823	AKAP8	domain-distal clustered	domain-distal >20 aa	Domain-distal >40 aa	4	9	188,190,194,198	194.0	60.0	Other domain
P14678	SNRPB	domain-distal clustered	domain-distal >20 aa	Domain-distal >40 aa	4	9	221,228,236,239	110.0	79.0	Other domain
Q08211	DHX9	domain-distal clustered	domain-distal >20 aa	Domain-distal >40 aa	4	9	1235,1242,1249,1253	162.0	31.0	RNA helicase
Q14966	ZNF638	domain-distal clustered	domain-distal >20 aa	Domain-distal >40 aa	4	9	33,41,47,49	390.0	49.0	Other domain
Q5BKZ1	ZNF326	domain-distal clustered	domain-distal >20 aa	Domain-distal >40 aa	4	9	188,200,202,204	139.0	59.0	Other domain
Q7Z6E9	RBBP6	domain-distal clustered	domain-distal >20 aa	Domain-distal >40 aa	4	9	522,523,530,534	209.0	85.0	Other domain
Q9Y4H2	IRS2	domain-distal clustered	domain-distal >20 aa	Domain-distal >40 aa	4	9	871,876,884,886	271.0	116.0	Other domain
P23588	EIF4B	domain-distal clustered	domain-distal >20 aa	Domain-distal >40 aa	4	8	261,268,273,279	101.0	436.0	RRM / KH RNA-binding
Q6Y7W6	GIGYF2	domain-distal clustered	domain-distal >20 aa	Domain-distal >40 aa	4	8	118,120,128,130	404.0	26.0	Other domain
Q99569	PKP4	domain-distal clustered	domain-distal >20 aa	Domain-distal >40 aa	4	8	207,210,211,218	333.0	282.0	Protein-protein repeat / scaffold
Q9BTD8	RBM42	domain-distal clustered	domain-distal >20 aa	Domain-distal >40 aa	4	8	321,323,325,328	102.0	39.0	RRM / KH RNA-binding
Q9NYL2	MLTK	domain-distal clustered	domain-distal >20 aa	Domain-distal >40 aa	4	8	693,695,707,709	284.0	151.0	Other domain
O43896	KIF1C	domain-distal clustered	domain-distal >20 aa	Domain-distal >40 aa	4	7	948,958,963,968	378.0	162.0	DNA-binding
P11940	PABPC1	domain-distal clustered	domain-distal >20 aa	Domain-distal >40 aa	4	7	455,460,467,475	73.0	43.0	Other domain; RRM / KH RNA-binding
Q12906	ILF3	domain-distal clustered	domain-distal >20 aa	Domain-distal >40 aa	4	7	640,642,649,655	65.0	64.0	dsRNA-binding
Q5T200	ZC3H13	domain-distal clustered	domain-distal >20 aa	Domain-distal >40 aa	4	7	607,611,614,618	547.0	935.0	RNA-associated zinc finger
Q86V81	ALYREF	domain-distal clustered	domain-distal >20 aa	Domain-distal >40 aa	4	7	38,50,56,58	56.0	90.0	RRM / KH RNA-binding
Q8IWX8	CHERP	domain-distal clustered	domain-distal >20 aa	Domain-distal >40 aa	4	7	546,550,559,564	87.0	314.0	Other domain
Q96PC5	MIA2	domain-distal clustered	domain-distal >20 aa	Domain-distal >40 aa	4	7	1308,1317,1322,1323	1205.0	293.0	Other domain
Q9P107	GMIP	domain-distal clustered	domain-distal >20 aa	Domain-distal >40 aa	4	7	862,867,874,878	121.0	123.0	Other domain
O14776	TCERG1	domain-distal clustered	domain-distal >20 aa	Domain-distal >40 aa	4	6	13,20,28,30	102.0	128.0	Other domain
O15523	DDX3Y	domain-distal clustered	domain-distal >20 aa	Domain-distal >40 aa	4	6	75,78,87,92	88.5	123.0	RNA helicase
P55789	GFER	domain-distal clustered	domain-distal >20 aa	Domain-distal >40 aa	4	6	35,37,41,42	59.0	44.0	Other domain
Q9BXP5	SRRT	domain-distal clustered	domain-distal >20 aa	Domain-distal >40 aa	4	6	41,45,47,52	110.0	117.0	Other domain
Q9ULX6	AKAP8L	domain-distal clustered	domain-distal >20 aa	Domain-distal >40 aa	4	6	179,185,188,199	197.5	12.0	Other domain
Q9Y580	RBM7	domain-distal clustered	domain-distal >20 aa	Domain-distal >40 aa	4	6	198,201,211,215	119.0	36.5	RRM / KH RNA-binding
O15357	INPPL1	domain-distal clustered	domain-distal >20 aa	Domain-distal >40 aa	4	5	1078,1080,1086,1096	107.0	223.0	Other domain
O43497	CACNA1G	domain-distal clustered	domain-distal >20 aa	Domain-distal >40 aa	4	5	2122,2128,2131,2132	267.0	44.0	Other domain
P50570	DNM2	domain-distal clustered	domain-distal >20 aa	Domain-distal >40 aa	4	5	849,850,857,862	106.0	126.0	Other domain
Q5T6F2	UBAP2	domain-distal clustered	domain-distal >20 aa	Domain-distal >40 aa	4	5	166,169,173,177	66.0	100.0	Other domain
Q96EK7	FAM120B	domain-distal clustered	domain-distal >20 aa	Domain-distal >40 aa	4	5	868,871,878,885	571.0	50.0	Other domain
Q96PV6	LENG8	domain-distal clustered	domain-distal >20 aa	Domain-distal >40 aa	4	5	374,382,392,394	174.0	183.0	Other domain
Q9H2U1	DHX36	domain-distal clustered	domain-distal >20 aa	Domain-distal >40 aa	4	5	34,47,50,52	158.0	61.0	RNA helicase
Q9NR12	PDLIM7	domain-distal clustered	domain-distal >20 aa	Domain-distal >40 aa	4	5	156,158,165,168	73.0	148.0	Other domain
Q9NZB2	FAM120A	domain-distal clustered	domain-distal >20 aa	Domain-distal >40 aa	4	5	964,967,982,984	652.0	14.0	Other domain
P35368	ADRA1B	domain-distal clustered	domain-distal >20 aa	Domain-distal >40 aa	4	4	389,393,399,403	48.0	46.0	Other domain
Q15554	TERF2	domain-distal clustered	domain-distal >20 aa	Domain edge 21-40 aa	4	4	59,60,70,72	31.0	86.0	Repeat / superfamily
Q16630	CPSF6	domain-distal clustered	domain-distal >20 aa	Domain-distal >40 aa	4	4	202,204,206,216	44.0	246.0	RRM / KH RNA-binding
Q5T8P6	RBM26	domain-distal clustered	domain-distal >20 aa	Domain edge 21-40 aa	4	4	855,857,862,864	26.5	34.0	RRM / KH RNA-binding
Q68CZ2	TNS3	domain-distal clustered	domain-distal >20 aa	Domain-distal >40 aa	4	4	628,635,640,645	336.5	83.0	Catalytic enzyme domain
Q6PIY7	PAPD4	domain-distal clustered	domain-distal >20 aa	Domain-distal >40 aa	4	4	73,75,90,92	73.5	27.0	Other domain
Q7Z5L9	IRF2BP2	domain-distal clustered	domain-distal >20 aa	Domain-distal >40 aa	4	4	109,116,125,128	57.5	141.0	Other domain
Q86U42	PABPN1	domain-distal clustered	domain-distal >20 aa	Domain-distal >40 aa	4	4	17,23,24,25	148.5	122.0	RRM / KH RNA-binding
Q8WUA2	PPIL4	domain-distal clustered	domain-distal >20 aa	Domain-distal >40 aa	4	4	435,437,441,443	121.0	71.0	RRM / KH RNA-binding
Q9P0J7	KCMF1	domain-distal clustered	domain-distal >20 aa	Domain edge 21-40 aa	4	4	159,165,167,168	29.0	42.0	Other domain
Q9Y4Z0	LSM4	domain-distal clustered	domain-distal >20 aa	Domain edge 21-40 aa	4	4	102,109,115,117	35.0	54.0	Sm / Lsm
Q9BTC0	DIDO1	domain-distal clustered	domain-distal >20 aa	Domain-distal >40 aa	3	23	1835,1845,1853	698.0	758.0	Chromatin reader; Other domain
Q96EV2	RBM33	domain-distal clustered	domain-distal >20 aa	Domain-distal >40 aa	3	18	279,286,298	639.0	320.0	RRM / KH RNA-binding
Q15424	SAFB	domain-distal clustered	domain-distal >20 aa	Domain-distal >40 aa	3	17	754,756,764	327.0	186.0	Other domain; RRM / KH RNA-binding
Q14151	SAFB2	domain-distal clustered	domain-distal >20 aa	Domain-distal >40 aa	3	15	773,783,784	357.0	430.0	RRM / KH RNA-binding
P33240	CSTF2	domain-distal clustered	domain-distal >20 aa	Domain-distal >40 aa	3	14	303,308,319	129.5	109.0	Other domain
O75376	NCOR1	domain-distal clustered	domain-distal >20 aa	Domain-distal >40 aa	3	13	564,570,572	820.0	104.0	Other domain
Q12830	BPTF	domain-distal clustered	domain-distal >20 aa	Domain-distal >40 aa	3	12	63,68,74	216.5	233.0	Chromatin reader; Other domain
Q99590	SCAF11	domain-distal clustered	domain-distal >20 aa	Domain-distal >40 aa	3	12	956,965,969	258.5	96.0	Other domain
O60293	ZFC3H1	domain-distal clustered	domain-distal >20 aa	Domain-distal >40 aa	3	11	55,56,62	1086.0	133.0	Other domain
O94913	PCF11	domain-distal clustered	domain-distal >20 aa	Domain-distal >40 aa	3	11	1051,1062,1065	103.0	68.0	Repeat / superfamily
Q6ZRV2	FAM83H	domain-distal clustered	domain-distal >20 aa	Domain-distal >40 aa	3	10	361,374,378	205.0	60.0	Other domain
O14979	HNRNPDL	domain-distal clustered	domain-distal >20 aa	Domain edge 21-40 aa | Domain-distal >40 aa	3	9	336,338,340 ; 68,81,82	57.0	79.0	RRM / KH RNA-binding
O95429	BAG4	domain-distal clustered	domain-distal >20 aa	Domain-distal >40 aa	3	9	40,51,53	326.0	107.0	Other domain
P78332	RBM6	domain-distal clustered	domain-distal >20 aa	Domain-distal >40 aa	3	9	166,176,178	278.0	203.0	RRM / KH RNA-binding
Q13435	SF3B2	domain-distal clustered	domain-distal >20 aa	Domain-distal >40 aa	3	9	205,216,222	164.0	187.0	Other domain
Q9C0C7	AMBRA1	domain-distal clustered	domain-distal >20 aa	Domain-distal >40 aa	3	9	392,393,408	590.0	60.0	Protein-protein repeat / scaffold
Q9P2N5	RBM27	domain-distal clustered	domain-distal >20 aa	Domain-distal >40 aa	3	9	943,961,963	132.0	36.0	Other domain; RNA-associated zinc finger; RRM / KH RNA-binding
O15027	SEC16A	domain-distal clustered	domain-distal >20 aa	Domain-distal >40 aa	3	8	1214,1220,1224	452.0	76.5	Other domain
Q14686	NCOA6	domain-distal clustered	domain-distal >20 aa	Domain-distal >40 aa	3	8	1047,1058,1067	872.5	382.0	Other domain
Q99700	ATXN2	domain-distal clustered	domain-distal >20 aa	Domain-distal >40 aa	3	8	622,635,640	196.5	482.0	Other domain
O95817	BAG3	domain-distal clustered	domain-distal >20 aa	Domain-distal >40 aa	3	7	123,133,139	154.0	207.0	Other domain
P10070	GLI2	domain-distal clustered	domain-distal >20 aa	Domain-distal >40 aa	3	7	1005,1008,1021	414.0	108.0	Other domain
Q13310	PABPC4	domain-distal clustered	domain-distal >20 aa	Domain-distal >40 aa	3	7	432,436,442	76.0	61.0	Other domain; RRM / KH RNA-binding
Q5JRA6	MIA3	domain-distal clustered	domain-distal >20 aa	Domain-distal >40 aa	3	7	1833,1843,1851	1736.0	206.0	Other domain
Q6PJG2	C14orf43	domain-distal clustered	domain-distal >20 aa	Domain-distal >40 aa	3	7	447,455,456	377.0	137.0	Other domain
Q8TDC3	BRSK1	domain-distal clustered	domain-distal >20 aa	Domain-distal >40 aa	3	7	466,481,484	99.0	184.0	Other domain
Q96BH1	RNF25	domain-distal clustered	domain-distal >20 aa	Domain-distal >40 aa	3	7	344,348,352	220.0	149.0	Other domain
Q96FS4	SIPA1	domain-distal clustered	domain-distal >20 aa	Domain-distal >40 aa	3	7	44,47,61	274.0	87.0	Other domain
Q9UN86	G3BP2	domain-distal clustered	domain-distal >20 aa	Domain edge 21-40 aa | Domain-distal >40 aa	3	7	432,438,447 ; 452,457,468	41.25	73.0	RRM / KH RNA-binding
Q9Y618	NCOR2	domain-distal clustered	domain-distal >20 aa	Domain-distal >40 aa	3	7	1556,1563,1568	895.0	107.0	Other domain
A7E2V4	KIAA0913	domain-distal clustered	domain-distal >20 aa	Domain-distal >40 aa	3	6	1162,1165,1175	491.0	220.0	Other domain
Q15596	NCOA2	domain-distal clustered	domain-distal >20 aa	Domain-distal >40 aa	3	6	1169,1173,1177	59.0	15.0	Other domain
Q15735	INPP5J	domain-distal clustered	domain-distal >20 aa	Domain-distal >40 aa	3	6	56,65,76	360.5	209.0	Catalytic enzyme domain
Q5VWX1	KHDRBS2	domain-distal clustered	domain-distal >20 aa	Domain edge 21-40 aa	3	6	230,240,246	28.5	89.0	Other domain; RRM / KH RNA-binding
Q66K74	MAP1S	domain-distal clustered	domain-distal >20 aa	Domain-distal >40 aa	3	6	854,861,863	412.5	197.0	Other domain
Q71RC2	LARP4	domain-distal clustered	domain-distal >20 aa	Domain-distal >40 aa	3	6	443,445,450	146.5	126.0	RRM / KH RNA-binding
Q9C0B5	ZDHHC5	domain-distal clustered	domain-distal >20 aa	Domain-distal >40 aa	3	6	602,615,617	386.5	385.0	Catalytic enzyme domain
P08651	NFIC	domain-distal clustered	domain-distal >20 aa	Domain-distal >40 aa	3	5	345,354,365	170.0	68.0	DNA-binding
P53814	SMTN	domain-distal clustered	domain-distal >20 aa	Domain-distal >40 aa	3	5	419,424,436	152.0	331.0	Other domain
P78344	EIF4G2	domain-distal clustered	domain-distal >20 aa	Domain-distal >40 aa	3	5	393,400,402	85.0	43.0	Other domain
P98174	FGD1	domain-distal clustered	domain-distal >20 aa	Domain-distal >40 aa	3	5	90,101,109	272.0	128.0	Other domain
Q01804	OTUD4	domain-distal clustered	domain-distal >20 aa	Domain-distal >40 aa	3	5	1050,1061,1068	906.0	208.0	Other domain
Q15427	SF3B4	domain-distal clustered	domain-distal >20 aa	Domain-distal >40 aa	3	5	390,398,409	228.0	243.0	RRM / KH RNA-binding
Q1KMD3	HNRNPUL2	domain-distal clustered	domain-distal >20 aa	Domain-distal >40 aa	3	5	656,665,666	246.0	43.0	Other domain
Q7Z460	CLASP1	domain-distal clustered	domain-distal >20 aa	Domain-distal >40 aa	3	5	660,662,664	111.0	234.0	Other domain
Q86UU0	BCL9L	domain-distal clustered	domain-distal >20 aa	Domain-distal >40 aa	3	5	593,602,610	178.0	91.0	Other domain
Q8IZ40	RCOR2	domain-distal clustered	domain-distal >20 aa	Domain-distal >40 aa	3	5	479,491,498	113.0	137.0	Other domain
Q96MS0	ROBO3	domain-distal clustered	domain-distal >20 aa	Domain-distal >40 aa	3	5	1363,1365,1367	494.0	310.0	Other domain
Q9H6K5	PRR36	domain-distal clustered	domain-distal >20 aa	Domain-distal >40 aa	3	5	240,254,260	1049.0	408.0	Other domain
Q9NYV4	CDK12	domain-distal clustered	domain-distal >20 aa	Domain-distal >40 aa	3	5	329,330,331	397.0	706.0	Catalytic enzyme domain
Q9UBB5	MBD2	domain-distal clustered	domain-distal >20 aa	Domain-distal >40 aa	3	5	50,61,69	84.0	144.0	Other domain
Q9UPT8	ZC3H4	domain-distal clustered	domain-distal >20 aa	Domain-distal >40 aa	3	5	326,328,345	64.0	389.0	RNA-associated zinc finger
Q9Y3I1	FBXO7	domain-distal clustered	domain-distal >20 aa	Domain-distal >40 aa	3	5	479,481,498	120.0	68.0	Other domain
O00192	ARVCF	domain-distal clustered	domain-distal >20 aa	Domain-distal >40 aa	3	4	206,211,214	180.5	112.0	Protein-protein repeat / scaffold
O60716	CTNND1	domain-distal clustered	domain-distal >20 aa	Domain-distal >40 aa	3	4	242,249,253	151.5	24.0	Protein-protein repeat / scaffold
O95071	UBR5	domain-distal clustered	domain-distal >20 aa	Domain-distal >40 aa	3	4	977,984,997	180.5	67.0	Catalytic enzyme domain
P05783	KRT18	domain-distal clustered	domain-distal >20 aa	Domain edge 21-40 aa	3	4	45,50,55	31.5	6.0	Other domain
P11831	SRF	domain-distal clustered	domain-distal >20 aa	Domain-distal >40 aa	3	4	24,37,43	110.5	99.0	Other domain
Q5TC82	RC3H1	domain-distal clustered	domain-distal >20 aa	Domain-distal >40 aa	3	4	729,734,740	290.5	24.0	RNA-associated zinc finger
Q6GQQ9	OTUD7B	domain-distal clustered	domain-distal >20 aa	Domain-distal >40 aa	3	4	700,712,713	83.5	79.0	Other domain
Q7KZI7	MARK2	domain-distal clustered	domain-distal >20 aa	Domain-distal >40 aa	3	4	584,589,594	147.5	264.0	Catalytic enzyme domain
Q92540	SMG7	domain-distal clustered	domain-distal >20 aa	Domain-distal >40 aa	3	4	892,902,910	476.0	25.0	Other domain
Q92620	DHX38	domain-distal clustered	domain-distal >20 aa	Domain-distal >40 aa	3	4	281,282,289	248.5	269.0	RNA helicase
Q92734	TFG	domain-distal clustered	domain-distal >20 aa	Domain-distal >40 aa	3	4	383,385,400	293.0	222.0	Other domain
Q99933	BAG1	domain-distal clustered	domain-distal >20 aa	Domain-distal >40 aa	3	4	58,61,68	84.5	143.0	Other domain
A0AV96	RBM47	domain-distal clustered	domain-distal >20 aa	Domain-distal >40 aa	3	3	381,383,389	65.0	11.0	RRM / KH RNA-binding
A1L390	PLEKHG3	domain-distal clustered	domain-distal >20 aa	Domain-distal >40 aa	3	3	1099,1105,1107	709.0	79.0	Other domain
C9JLR9	C11orf95	domain-distal clustered	domain-distal >20 aa	Domain-distal >40 aa	3	3	15,26,28	80.0	101.0	Other domain
O43719	HTATSF1	domain-distal clustered	domain-distal >20 aa	Domain edge 21-40 aa	3	3	380,383,384	34.0	379.0	RRM / KH RNA-binding
O43824	GTPBP6	domain-distal clustered	domain-distal >20 aa	Domain-distal >40 aa	3	3	42,55,58	65.0	70.0	Other domain
O60241	ADGRB2	domain-distal clustered	domain-distal >20 aa	Domain-distal >40 aa	3	3	1375,1383,1384	177.0	32.0	Other domain
O60269	GPRIN2	domain-distal clustered	domain-distal >20 aa	Domain-distal >40 aa	3	3	119,126,131	247.0	78.0	Other domain
O75385	ULK1	domain-distal clustered	domain-distal >20 aa	Domain-distal >40 aa	3	3	529,532,535	254.0	168.0	Catalytic enzyme domain
O75937	DNAJC8	domain-distal clustered	domain-distal >20 aa	Domain-distal >40 aa	3	3	224,239,243	115.0	74.0	Other domain
O95835	LATS1	domain-distal clustered	domain-distal >20 aa	Domain-distal >40 aa	3	3	243,252,259	111.0	138.0	Other domain
O95985	TOP3B	domain-distal clustered	domain-distal >20 aa	Domain-distal >40 aa	3	3	824,829,835	174.0	37.0	Other domain
P07910	HNRNPC	domain-distal clustered	domain-distal >20 aa	Domain-distal >40 aa	3	3	142,151,160	64.0	53.0	RRM / KH RNA-binding
P0DI83	RAB34	domain-distal clustered	domain-distal >20 aa	Domain-distal >40 aa	3	3	178,183,186	66.0	78.0	Other domain
P15924	DSP	domain-distal clustered	domain-distal >20 aa	Domain edge 21-40 aa	3	3	2826,2830,2834	31.0	63.0	Repeat / superfamily
P18583	SON	domain-distal clustered	domain-distal >20 aa	Domain-distal >40 aa	3	3	950,957,964	1346.0	4.0	Other domain
P36578	RPL4	domain-distal clustered	domain-distal >20 aa	Domain-distal >40 aa	3	3	71,80,86	195.0	15.0	Ribosome / RNP structural
P46783	RPS10	domain-distal clustered	domain-distal >20 aa	Domain-distal >40 aa	3	3	153,158,160	61.0	68.0	Other domain
P50548	ERF	domain-distal clustered	domain-distal >20 aa	Domain-distal >40 aa	3	3	218,224,233	113.0	43.0	Other domain
P50749	RASSF2	domain-distal clustered	domain-distal >20 aa	Domain edge 21-40 aa	3	3	142,144,151	30.0	54.0	Other domain
P62318	SNRPD3	domain-distal clustered	domain-distal >20 aa	Domain edge 21-40 aa	3	3	110,112,114	35.0	17.0	Other domain
P84103	SRSF3	domain-distal clustered	domain-distal >20 aa	Domain-distal >40 aa	3	3	125,131,133	48.0	81.0	RRM / KH RNA-binding
Q08379	GOLGA2	domain-distal clustered	domain-distal >20 aa	Domain-distal >40 aa	3	3	18,30,35	351.0	115.0	Other domain
Q14004	CDK13	domain-distal clustered	domain-distal >20 aa	Domain-distal >40 aa	3	3	1504,1506,1508	508.0	75.0	Catalytic enzyme domain
Q14498	RBM39	domain-distal clustered	domain-distal >20 aa	Domain edge 21-40 aa	3	3	122,123,124	30.0	147.0	RRM / KH RNA-binding
Q15058	KIF14	domain-distal clustered	domain-distal >20 aa	Domain-distal >40 aa	3	3	1187,1188,1189	74.0	3.0	Other domain
Q2KHR3	QSER1	domain-distal clustered	domain-distal >20 aa	Domain-distal >40 aa	3	3	1171,1178,1185	345.0	122.0	Other domain
Q58WW2	DCAF6	domain-distal clustered	domain-distal >20 aa	Domain-distal >40 aa	3	3	364,366,368	85.0	141.0	Protein-protein repeat / scaffold
Q68CQ4	DIEXF	domain-distal clustered	domain-distal >20 aa	Domain-distal >40 aa	3	3	25,36,39	253.0	187.0	Catalytic enzyme domain
Q6P6C2	ALKBH5	domain-distal clustered	domain-distal >20 aa	Domain-distal >40 aa	3	3	357,358,359	84.0	75.0	Other domain
Q8IWF6	DENND6A	domain-distal clustered	domain-distal >20 aa	Domain-distal >40 aa	3	3	4,14,15	49.0	48.0	Other domain
Q8WXE0	CASKIN2	domain-distal clustered	domain-distal >20 aa	Domain-distal >40 aa	3	3	851,855,862	231.0	458.0	Repeat / superfamily
Q96L96	ALPK3	domain-distal clustered	domain-distal >20 aa	Domain-distal >40 aa	3	3	1210,1212,1213	62.0	100.0	Other domain
Q9BST9	RTKN	domain-distal clustered	domain-distal >20 aa	Domain-distal >40 aa	3	3	531,533,547	115.0	53.0	Other domain
Q9BZ76	CNTNAP3	domain-distal clustered	domain-distal >20 aa	Domain-distal >40 aa	3	3	688,689,693	54.0	14.0	Other domain
Q9P258	RCC2	domain-distal clustered	domain-distal >20 aa	Domain-distal >40 aa	3	3	22,26,28	80.0	93.0	Other domain
Q9P2K3	RCOR3	domain-distal clustered	domain-distal >20 aa	Domain-distal >40 aa	3	3	440,445,457	109.0	151.0	Other domain
Q9UH92	MLX	domain-distal clustered	domain-distal >20 aa	Domain-distal >40 aa	3	3	26,29,31	100.0	65.0	DNA-binding
