relative_position	amino_acid	target_count	background_count	odds_ratio	log2_odds_ratio	p_value	q_value
-7	A	963	14484	1.0377040506469228	0.05339505107284367	0.2926685380566735	0.3645955516468729
-7	C	116	3371	0.5333485978197792	-0.9068493049514718	2.6972773349268834e-13	1.1169007555894418e-12
-7	D	584	9785	0.9258986784862032	-0.11107376753927381	0.07581985420387832	0.1071684477689434
-7	E	793	16829	0.7159860379448054	-0.4819966403366397	1.4956155076706085e-20	1.0225836261747881e-19
-7	F	368	6063	0.9438748055097653	-0.08333258005461808	0.2877182470302415	0.35995389202932343
-7	G	1354	12931	1.7037534925594813	0.7687166144438842	1.7831506263682956e-62	3.0838016714839933e-61
-7	H	267	5049	0.8204292586262344	-0.2855491519210344	0.0013352135166525237	0.0026704270333050475
-7	I	434	7473	0.9011519034660912	-0.1501577791864538	0.03632683234049246	0.05476968568258862
-7	K	629	11795	0.8215262035315323	-0.28362150254574064	1.61621462680088e-06	4.399695372957951e-06
-7	L	961	18038	0.8154456929834433	-0.2943392952921251	1.2981039290971132e-09	4.4377041297040845e-09
-7	M	300	4069	1.1523617894218459	0.20459372881282173	0.02264929907005446	0.035994021224843305
-7	N	358	6462	0.8591046173176183	-0.2190942688843282	0.004855736272459981	0.008758199166277512
-7	P	1055	12592	1.3312393372781084	0.41276996994497245	1.463635611318853e-16	7.054243766028571e-16
-7	Q	622	10301	0.9370617571757859	-0.09378396286713286	0.12199247540825305	0.16681761753500648
-7	R	1242	14829	1.3359903975602951	0.41790963846920454	1.8782950275279895e-19	1.0619591117177478e-18
-7	S	1027	16649	0.956642486128548	-0.063948229586722	0.1871465678899954	0.24562987035561895
-7	T	578	9802	0.9142757757823456	-0.12929869946874464	0.038438089030603084	0.05736445774110308
-7	U	0	0	15.558085230589608	3.959592610332608	1.0	1.0
-7	V	604	10904	0.8556523752962629	-0.22490330094501954	0.00021285577699444485	0.000485113166173386
-7	W	86	2073	0.6466324397156223	-0.6289822096892015	2.3307792559927375e-05	5.807195773405634e-05
-7	Y	317	4589	1.078196067267509	0.10861955244457822	0.21371733137492965	0.2731865018444753
-6	A	1053	14904	1.1085590895038655	0.14868567220085846	0.002225889089403246	0.004277198642382708
-6	C	124	3651	0.5258479388129456	-0.9272824239563577	8.776366662518308e-15	4.1616964496457785e-14
-6	D	554	9859	0.8693175084228774	-0.20204489349223956	0.0014427479771883678	0.0028467644650562425
-6	E	767	15566	0.75225782409761	-0.410700888040455	1.032982547795654e-14	4.7452635789362855e-14
-6	F	388	5907	1.0238434550796889	0.03399514517656696	0.6674079291418207	0.7460757839075866
-6	G	1422	12668	1.8398878310950852	0.8796178149477148	5.298960013290195e-83	1.1983801876210134e-81
-6	H	293	4838	0.9423921231178265	-0.08560061427834922	0.32767871910155866	0.404443218593921
-6	I	437	7723	0.8770745061473842	-0.18922869225877192	0.00793743474998455	0.01334295727105805
-6	K	530	12058	0.6708443570527849	-0.5759500100632731	1.218298245314406e-20	8.528087717200842e-20
-6	L	1029	19143	0.8224239050804173	-0.2820458954823414	1.9843259937545766e-09	6.7056533582051214e-09
-6	M	338	4150	1.2760898271945293	0.3517298876347408	4.308509681180704e-05	0.00010555848718892723
-6	N	376	6394	0.9134711919155031	-0.1305688635014754	0.09188042243391166	0.12863259140747632
-6	P	1054	12218	1.3733084920113683	0.4576557404911183	7.238888750291403e-20	4.528155941671644e-19
-6	Q	599	9758	0.9535891464544548	-0.06856027943695622	0.27148219919608185	0.342556938041408
-6	R	1047	15480	1.0573905951798608	0.08050840002922682	0.09909730415334558	0.13807870815679432
-6	S	985	16521	0.92201732474468	-0.11713423567698893	0.016337382907441866	0.026684392082155048
-6	T	583	9520	0.9512893947655249	-0.07204380019388465	0.25672717318135974	0.3253352970487921
-6	U	0	0	15.558085230589608	3.959592610332608	1.0	1.0
-6	V	697	11177	0.9691476386084605	-0.045211634341356076	0.43943136061716664	0.5230478543378422
-6	W	91	2122	0.6683153146203162	-0.5813991605871163	6.387403840824905e-05	0.0001539259614100428
-6	Y	342	4723	1.131580076609205	0.17833868097181738	0.03398195152547784	0.05176525258285225
-5	A	1016	14579	1.0919646192196597	0.12692611220715672	0.010258309330494092	0.01713603944980263
-5	C	125	3614	0.5356407883239004	-0.9006622707597312	5.695765790699986e-14	2.462581091861464e-13
-5	D	593	9733	0.9461310202757668	-0.0798881129996569	0.2038262975405963	0.26282864682866364
-5	E	836	15844	0.8089074694920203	-0.3059534119352211	3.043132174848452e-09	9.83165779566423e-09
-5	F	386	6057	0.9924226477227948	-0.010973436053086112	0.8943710862320207	0.9698165521953406
-5	G	1482	12652	1.9302182025629322	0.9487639469552348	1.3204637015116427e-98	5.545947546348899e-97
-5	H	258	4799	0.8345965938366141	-0.2608490622144664	0.0041174590800310586	0.007661601072969184
-5	I	393	7723	0.7860789177311831	-0.3472539369784481	2.2279427405675467e-06	5.950192059791484e-06
-5	K	470	11942	0.5982074546168952	-0.7412822060419069	7.4253909015129516e-31	7.04214491949938e-30
-5	L	944	19794	0.7218861848930364	-0.4701567002041778	1.090798493382954e-22	8.017368926364711e-22
-5	M	282	4238	1.0377533251068165	0.053463554545644325	0.5699275447297798	0.6545261646506065
-5	N	413	6175	1.0430893164775765	0.060862696613502985	0.43055874017077933	0.5145702016675168
-5	P	1060	12543	1.3436915614256237	0.4262020117255267	1.221608096909052e-17	6.19228931881485e-17
-5	Q	683	9784	1.091652235856576	0.1265133347267082	0.033559008722029174	0.05165627520563653
-5	R	945	14903	0.9859585837832152	-0.020401048918557953	0.6901704441193224	0.7685989036783364
-5	S	1090	16539	1.0281437120706216	0.04004193593318402	0.3998640351695334	0.4837861166248676
-5	T	626	9564	1.0200355263485203	0.028619400034295688	0.654480193871861	0.7344167061004853
-5	U	0	1	5.186002464811572	2.374622891877784	1.0	1.0
-5	V	712	11162	0.9926240667217773	-0.01068066088577578	0.8583992894171742	0.9381761750507406
-5	W	120	2162	0.8656444025101534	-0.20815359198159966	0.12189654635300168	0.16681761753500648
-5	Y	308	4935	0.9717654687128295	-0.0413199270976083	0.6385909612905232	0.7220990100746685
-4	A	1035	14707	1.1037048491438428	0.14235442066095055	0.0036881773943994315	0.006906523273588745
-4	C	127	3177	0.6204930857594921	-0.6885129605930829	1.640767222279881e-08	4.872581447982677e-08
-4	D	679	10365	1.0209664652738917	0.029935480145589236	0.6224788888897728	0.7093364082697411
-4	E	852	17761	0.728714835263817	-0.4565737333351789	1.0857387453056843e-19	6.384143822397424e-19
-4	F	426	5651	1.180051398710648	0.23884969946002121	0.001525072181036184	0.0029693458359247556
-4	G	1494	13079	1.8800094051032938	0.9107398792762855	2.630078041575631e-92	9.665536802790444e-91
-4	H	284	4832	0.914001338796431	-0.12973181639443623	0.14541480266362472	0.19493797377980246
-4	I	403	7520	0.8293536953431657	-0.26994059425989003	0.00023394005433739838	0.0005210483028423873
-4	K	346	11596	0.4500216047027403	-1.1519338306688092	9.434103194478066e-60	1.4598033364087112e-58
-4	L	1007	18090	0.8550675089780138	-0.22588976725964238	2.2465010837988256e-06	5.950192059791484e-06
-4	M	301	4126	1.1399848180906613	0.18901461122233212	0.035279880208776884	0.053465385471033015
-4	N	387	6325	0.9515933126325223	-0.07158296169703109	0.34868429393121636	0.42536590214015607
-4	P	1058	13064	1.283874470402683	0.3605041512291176	3.7138734373351155e-13	1.516498320245172e-12
-4	Q	632	9834	1.0006021767409565	0.0008684959301286627	1.0	1.0
-4	R	905	15756	0.8860326969073993	-0.17456815593125818	0.0005478092710311249	0.001158675724339214
-4	S	1048	16295	1.0011064223036115	0.0015953475691410722	0.9867306039567791	1.0
-4	T	634	9538	1.0366967524051962	0.051993948363938974	0.4054829650730226	0.4885737366043797
-4	U	0	1	5.186002464811572	2.374622891877784	1.0	1.0
-4	V	656	10743	0.9480124391564297	-0.07702210560395803	0.19586696487039496	0.2548003879287439
-4	W	103	2157	0.7442681361150633	-0.42610562281172853	0.002502897682185072	0.004778259211444228
-4	Y	395	4454	1.3934098389685046	0.47861965541538737	2.556335807188572e-09	8.444525025993709e-09
-3	A	1017	15036	1.0572940572640048	0.08037667847689141	0.10167842773644925	0.14100687620054755
-3	C	133	3316	0.6223167390145039	-0.6842790426707068	9.263034503773716e-09	2.8075589114530644e-08
-3	D	640	10469	0.9492429688856497	-0.07515068715453092	0.2120831439676693	0.272281416272903
-3	E	1035	19025	0.8333140915443614	-0.26306771825862285	2.2284650902771184e-08	6.486819173677949e-08
-3	F	460	5900	1.2221364708441562	0.2894053938448384	7.57064554319566e-05	0.00018095689347150603
-3	G	1547	12820	1.998088725445922	0.9986206476542436	2.609002818849402e-112	1.2784113812362069e-110
-3	H	305	4927	0.9636869185611134	-0.05336357333059665	0.537248163232996	0.6218541731909482
-3	I	387	6969	0.8607900441685272	-0.21626670299625855	0.004161900529807505	0.007695589658889349
-3	K	368	12220	0.4534493973660029	-1.1409865325402193	6.679213510170251e-62	1.0909382066611409e-60
-3	L	1006	17448	0.8887015402410233	-0.17022910632695218	0.00039785885577175355	0.0008537992963277047
-3	M	302	3978	1.1873054295510002	0.24769111022586437	0.00583520487377524	0.010334639957168197
-3	N	407	6340	0.9998678799010108	-0.00019062160436342904	1.0	1.0
-3	P	1136	12586	1.4440478989520935	0.5301185970966603	1.6895330828521648e-27	1.505220382904656e-26
-3	Q	578	10042	0.8912992210668942	-0.1660182498067686	0.007942236470867886	0.01334295727105805
-3	R	828	15527	0.8183906741091157	-0.28913838980068673	2.5169313092808297e-08	7.254684362044745e-08
-3	S	1052	16374	0.9999859251124158	-2.030591342085944e-05	1.0	1.0
-3	T	526	9407	0.8651664892388528	-0.20895030885840005	0.0013038688925945622	0.0026322673840259775
-3	U	0	0	15.558085230589608	3.959592610332608	1.0	1.0
-3	V	550	10292	0.8245864392520009	-0.2782573593280816	1.0329513551033583e-05	2.6407625947859768e-05
-3	W	110	2035	0.8432134808329772	-0.24603016271368802	0.07562977254555744	0.1071684477689434
-3	Y	423	4719	1.4095390166564734	0.4952234128907718	2.0732380983903895e-10	7.619150011584682e-10
-2	A	1146	14731	1.2314386686467207	0.30034477672635157	2.532122815507426e-10	9.190667997026954e-10
-2	C	99	3751	0.4080434317755556	-1.2932053753562307	3.257633349239307e-24	2.5884978504766385e-23
-2	D	743	8652	1.3575307341446021	0.440984860641848	7.62703179547469e-14	3.2497787650283463e-13
-2	E	910	14889	0.9476389887177601	-0.07759053827563411	0.12669143042124542	0.17244111362891737
-2	F	447	6265	1.115174209096878	0.15726910114833628	0.03271996763080216	0.05062984464976756
-2	G	1493	13193	1.861217312037558	0.8962465114397853	1.0878980121140867e-89	2.9076546869231044e-88
-2	H	259	5011	0.801574644988489	-0.31909122024632636	0.00039297318560748773	0.0008495155630044221
-2	I	365	8192	0.6851252076373509	-0.5455604280832566	1.900333820636961e-13	7.981402046675236e-13
-2	K	342	12270	0.41875405553800327	-1.2558249321878394	1.0405224015324159e-71	1.9119599128158142e-70
-2	L	999	20385	0.7427736040434872	-0.42900554777800354	6.383646442521409e-20	4.079982726307161e-19
-2	M	326	4275	1.1929587296261377	0.2545441339018778	0.0032526482030659663	0.006129990844239706
-2	N	405	6077	1.039260304517192	0.05555705270334868	0.4746139680246204	0.5581460263969537
-2	P	924	11682	1.2490739258837575	0.32085886473589237	1.0854105159161757e-09	3.798936805706615e-09
-2	Q	579	9722	0.9238561024957214	-0.11425993630081697	0.06825025268604375	0.09740570043542165
-2	R	1122	17395	1.004271606142964	0.006149500208366881	0.8972452455684783	0.9698165521953406
-2	S	1035	15348	1.053949775351606	0.07580611879902839	0.1203399468282444	0.16610302519954862
-2	T	555	9554	0.900201446476314	-0.15168021198735018	0.01755300377648198	0.02851150889660609
-2	U	0	0	15.558085230589608	3.959592610332608	1.0	1.0
-2	V	606	11289	0.8276527850566845	-0.27290243626378663	5.6782492933789804e-06	1.4773498161534692e-05
-2	W	128	2335	0.8545249633940318	-0.22680545665625976	0.08096944243582468	0.11389959845039453
-2	Y	353	4728	1.1676850323394699	0.2236511787034665	0.006671136171368588	0.011605408487469614
-1	A	801	13699	0.9042304237496965	-0.1452376354759841	0.006748062570863703	0.01167017879902311
-1	C	122	3889	0.4850752610589753	-1.043719491231019	1.5968008399723462e-18	8.383204409854819e-18
-1	D	1403	8345	2.814602354292472	1.4929311134198566	8.757335148651067e-207	1.2873282668517068e-204
-1	E	650	15951	0.6149376141376282	-0.7014880394592	9.844297127215484e-37	1.1131628290005202e-35
-1	F	299	6411	0.7202153344469765	-0.4734997779263847	9.634543098553584e-09	2.8903629295660754e-08
-1	G	1734	13369	2.177301424118419	1.1225411470660298	5.01969125127946e-153	3.6894730696904033e-151
-1	H	197	5465	0.5553475556007256	-0.8485371526013089	1.3601086167681471e-18	7.270398787815186e-18
-1	I	520	8016	1.0105552881242466	0.015148254642600046	0.834669232460755	0.9190739863051011
-1	K	326	12341	0.39623813010102954	-1.335560377050775	7.938436841529283e-79	1.6670717367211495e-77
-1	L	1357	19943	1.065923514726282	0.09210392132045106	0.03377496529390836	0.051717915606297175
-1	M	272	3544	1.2003053258137466	0.26340143584034026	0.005444604823476581	0.009737785879008136
-1	N	436	6314	1.0780916775799185	0.10847986562858222	0.14587195316855966	0.19493797377980246
-1	P	1233	12119	1.6453757967457292	0.7184171269290368	7.929567209955533e-51	1.1101394093937747e-49
-1	Q	450	10460	0.6580210679148772	-0.603794319301105	1.3390411047833552e-19	7.719178133456988e-19
-1	R	770	16343	0.7164404100623911	-0.48108138158299557	5.691651197016373e-20	3.718545448717364e-19
-1	S	970	16983	0.879945598516549	-0.18451376111066634	0.00015524712844767357	0.0003622432997112383
-1	T	375	8525	0.6757437825299996	-0.5654517621997595	9.696963420389442e-15	4.525249596181739e-14
-1	U	0	0	15.558085230589608	3.959592610332608	1.0	1.0
-1	V	575	10699	0.8291480047857501	-0.2702984458661194	1.2424678926901964e-05	3.149013452163084e-05
-1	W	59	2188	0.42028645527883124	-1.2505551318948172	3.52852877356211e-14	1.5717991809503946e-13
-1	Y	296	5278	0.8709062755413784	-0.19941062645033272	0.02096093217444303	0.033491924235251366
1	A	846	14361	0.9111416037657758	-0.1342528090542919	0.010415808849916625	0.017300835038844564
1	C	107	3728	0.44390099695746815	-1.1716901460712132	5.363378694596741e-21	3.84593496636937e-20
1	D	394	10578	0.5668816901838397	-0.8188804228504476	2.5574455479990107e-32	2.6853178253989613e-31
1	E	446	15772	0.4202669778383061	-1.250621992621935	1.204685530633678e-90	3.935306066736681e-89
1	F	462	5986	1.2094702112627875	0.27437523678977876	0.00016246144044985614	0.0003760918385217142
1	G	3488	11921	5.876572219837135	2.5549748823692457	0.0	0.0
1	H	281	5296	0.822977181013735	-0.2810756658136357	0.0012791965459328387	0.002611692947946212
1	I	428	7945	0.8334610642332101	-0.26281329069631765	0.00021618749971332943	0.0004889163455055296
1	K	492	13481	0.5511338638357818	-0.8595253201266888	9.329883140225602e-44	1.1429106846776364e-42
1	L	970	19048	0.7756950285987181	-0.3664385393925862	1.863885838161589e-14	8.430499021838572e-14
1	M	316	3837	1.290265679672892	0.3676681627660242	3.3317118148278934e-05	8.231288013104207e-05
1	N	333	7061	0.72768065430138	-0.45862263833022276	5.00652629328859e-09	1.54938813708089e-08
1	P	804	11662	1.0780740626233831	0.10845629321949898	0.04811766345643094	0.07108840731754118
1	Q	394	9802	0.6142657449292086	-0.7030651625031498	1.2341269846477801e-23	9.548245618064404e-23
1	R	872	16241	0.8237899237505854	-0.27965161500792945	3.6273032614605234e-08	1.0353661736596057e-07
1	S	831	15754	0.8087245993047182	-0.3062795997236065	3.0795421349047386e-09	9.841145518065143e-09
1	T	417	9663	0.6611324390214862	-0.5969887914136738	6.139185635576515e-18	3.166527327823676e-17
1	U	0	0	15.558085230589608	3.959592610332608	1.0	1.0
1	V	540	10731	0.7740610479897622	-0.36948074278261656	4.1764276475612055e-09	1.3202900305193489e-08
1	W	71	2157	0.5128684937615632	-0.9633391476510358	7.619325790116792e-10	2.7318070515784597e-09
1	Y	329	4599	1.1175270709145009	0.16030977959746548	0.060615306157947135	0.08735735299233557
2	A	1096	14184	1.2215456321679914	0.28870775805692	2.502323060527083e-09	8.36003386130639e-09
2	C	138	3635	0.5882491278113896	-0.7655008184996098	3.928259714872154e-11	1.5398778082298845e-10
2	D	384	8011	0.7388443555562947	-0.43665761565385547	2.7665488197736257e-09	9.03739281126051e-09
2	E	580	13919	0.63219380165756	-0.661561204475285	2.0099382488657854e-29	1.8466307661454404e-28
2	F	479	6512	1.1511026718933468	0.20301651950424324	0.004240254028166801	0.007791466776756498
2	G	1696	12771	2.2288413069379547	1.1562939006515518	4.859331960334206e-158	4.762145321127522e-156
2	H	280	5883	0.7359508725120265	-0.4423186307094726	2.1285732996816137e-07	6.017312981792255e-07
2	I	434	7958	0.8441016116251482	-0.24451141613981794	0.000538322638948409	0.001146861274281393
2	K	413	12102	0.5159677852205835	-0.9546471020166623	1.1505881261876345e-46	1.4707517786920197e-45
2	L	969	21792	0.6669909019020636	-0.5842610124434618	9.268874088944572e-36	1.0092774007961866e-34
2	M	271	3971	1.0649161213694487	0.0907398003572508	0.32878207225832357	0.404443218593921
2	N	330	5961	0.8588637586486526	-0.21949879974113543	0.006654379653956255	0.011605408487469614
2	P	1136	12265	1.4843796958787001	0.5698601723462386	2.898881912901604e-31	2.9388664910105916e-30
2	Q	614	10373	0.9176495065474077	-0.12398486904823243	0.04175827231805106	0.06200470738134854
2	R	1162	17356	1.0461872798613205	0.06514113413011965	0.16016345032833415	0.2121083531375236
2	S	1031	15669	1.0262346835282214	0.0373606900539683	0.44640476688668296	0.5292056510672773
2	T	524	8934	0.909614596992516	-0.13667268889847	0.03790549456968878	0.05685824185453318
2	U	0	0	15.558085230589608	3.959592610332608	1.0	1.0
2	V	673	10774	0.9709578793326317	-0.04251938276088709	0.48021462325819064	0.562482467083299
2	W	163	2272	1.120857828224385	0.16460329551765604	0.17096627281101656	0.22539948074636262
2	Y	418	5013	1.3087137194276366	0.3881495428658522	5.765740857164307e-07	1.5842316000058935e-06
3	A	983	14831	1.0342664980683378	0.04860797085952602	0.3312817108954609	0.40582009584693957
3	C	141	3448	0.6343340649843161	-0.6566852750808938	1.764204922997366e-08	5.186762473612256e-08
3	D	522	9527	0.8469703766229676	-0.23961658370830305	0.0002231480336320539	0.0005008055105940752
3	E	699	16325	0.647397031407501	-0.6272773446993987	4.045225434197823e-31	3.964320925513866e-30
3	F	477	6295	1.186952133450494	0.2472617561878945	0.0005611840426326062	0.0011701284293190511
3	G	1555	12615	2.0447389082592147	1.0319166378822324	1.1949160991043047e-119	7.026106662733312e-118
3	H	281	4995	0.8739147809720748	-0.19443549143519828	0.028121537684308216	0.04374461417559056
3	I	403	7474	0.8346572972236748	-0.26074413332859087	0.0003597594999991067	0.0007834762444424991
3	K	576	11565	0.7649409785079018	-0.38657965858388166	1.9921687952345636e-10	7.413893997455212e-10
3	L	1037	19166	0.8282754990292582	-0.27181738154117996	6.914655641172305e-09	2.1176132901090186e-08
3	M	262	3756	1.088959476716065	0.1229502682618515	0.19236227250903082	0.25135336941180025
3	N	334	6022	0.8604583314030809	-0.21682276495039057	0.007489579459857633	0.012876820825720142
3	P	1067	12399	1.3701339876978291	0.4543169836494218	9.005982264708987e-20	5.516164137134254e-19
3	Q	563	10584	0.8203765940064879	-0.2856417637137615	4.279246609977908e-06	1.1233022351192007e-05
3	R	1071	15284	1.0988865819593796	0.13604249084709844	0.004817113401825491	0.008742168766275892
3	S	1134	17915	0.9837453974986089	-0.023643113971396273	0.6100521134726754	0.6978806278636831
3	T	556	9227	0.9354607444975472	-0.09625098114015179	0.13380581371836398	0.1812852960055254
3	U	0	0	15.558085230589608	3.959592610332608	1.0	1.0
3	V	590	10889	0.8360975073082477	-0.25825689288390313	2.319039807907801e-05	5.807195773405634e-05
3	W	105	2131	0.768125648370475	-0.3805857716309005	0.006437403208039495	0.011332913432117434
3	Y	415	4669	1.3971789326352022	0.48251679432991024	7.730166429951546e-10	2.7381553378382585e-09
4	A	923	14554	0.986146964210902	-0.020125429279510464	0.6998801785503439	0.7764708395992495
4	C	111	3512	0.4894233444860255	-1.0308451782452959	1.2851933196913957e-16	6.29744726648784e-16
4	D	593	9730	0.9464376526817537	-0.07942062448874042	0.20378927975851902	0.26282864682866364
4	E	859	17976	0.7254777746362432	-0.46299667758117785	2.4467434551885437e-20	1.634869490512345e-19
4	F	384	5996	0.99748427753742	-0.0036339932993038736	0.9787110749942561	1.0
4	G	1318	13353	1.5974308810004316	0.6757535087652518	2.3359830627839487e-48	3.121722820265822e-47
4	H	257	4665	0.855765569036685	-0.22471246030466577	0.014176987447143845	0.023415923086855566
4	I	395	7781	0.7840745755931268	-0.35093721513664505	1.6989093831018438e-06	4.582379436990295e-06
4	K	552	11029	0.7694055259941855	-0.378183903547898	1.1744135135814747e-09	4.062089094034748e-09
4	L	1015	19318	0.8021625489877529	-0.31803348307413154	1.6057235986088484e-11	6.379496459337857e-11
4	M	216	3825	0.8784119361274043	-0.18703043663394053	0.06188027479837138	0.08874536971083506
4	N	344	6076	0.8787644190968584	-0.18645163822553013	0.019225758401567716	0.031056994340994005
4	P	1432	12468	1.8862040422983697	0.9154857496553553	9.21972554992209e-90	2.7105993116770945e-88
4	Q	619	9827	0.9797279828066573	-0.029546848037229446	0.6430993407054107	0.7244107515991983
4	R	1128	15535	1.1426270394426683	0.19235457577340545	4.785992452039648e-05	0.00011628775048757492
4	S	1002	16177	0.9610405988120594	-0.0573307164714413	0.24230291416855165	0.30838552712361117
4	T	595	9581	0.9653076816707382	-0.050939235335386336	0.4177483216581518	0.5012979859897821
4	U	0	0	15.558085230589608	3.959592610332608	1.0	1.0
4	V	583	10872	0.8270800159671349	-0.27390118501350397	7.544550776817408e-06	1.9456999371792262e-05
4	W	91	2075	0.6836118417407961	-0.548750706836514	0.0001950228956302827	0.0004479432134008056
4	Y	336	4496	1.1686800861988245	0.2248800614185148	0.00785392237322428	0.01334295727105805
5	A	1023	14379	1.1166405228855616	0.15916481758517798	0.0013071804015911317	0.0026322673840259775
5	C	125	3355	0.577746539257307	-0.7914913820140572	7.162591135937954e-11	2.770791834165472e-10
5	D	551	9811	0.8688515826629656	-0.20281833815052305	0.0014065739761359997	0.002794140195837729
5	E	734	16546	0.6718385948955227	-0.5738134188966583	3.4487900847409e-27	2.9821890732759544e-26
5	F	408	6021	1.0572459118641742	0.08031098179524583	0.28771647911283277	0.35995389202932343
5	G	1471	13248	1.8221193191901024	0.8656174353021456	3.462281611668057e-83	8.482589948586741e-82
5	H	282	5140	0.851714527789566	-0.23155813668402425	0.00788514503036359	0.01334295727105805
5	I	382	7677	0.7681883600822281	-0.38046799118353847	2.89295889323748e-07	8.023867118979426e-07
5	K	645	11564	0.8614172336411381	-0.21521590824757303	0.0002522367643978551	0.0005575760055110481
5	L	937	19141	0.7432299419940697	-0.4281194711320553	7.489484870907546e-19	4.1545444378241855e-18
5	M	238	3697	1.0035736280808918	0.00514646520128682	0.9730530783819681	1.0
5	N	417	6548	0.9915974691469037	-0.012173505646945366	0.8780507976374645	0.9560997574274613
5	P	1110	12486	1.4199194606213048	0.5058091008162279	9.03878991754802e-25	7.592583530740336e-24
5	Q	576	10057	0.8866784862078699	-0.17351702355127807	0.00546508391168824	0.009737785879008136
5	R	1146	14703	1.2339702898040485	0.3033076592617553	1.7413070463299478e-10	6.563388097705188e-10
5	S	1068	17097	0.969743324418177	-0.044325155413934766	0.3532871535282174	0.4292000956086608
5	T	562	9510	0.9164959576529342	-0.12579957733761488	0.04863842398842519	0.07149848326298502
5	U	0	0	15.558085230589608	3.959592610332608	1.0	1.0
5	V	634	10778	0.9114545708651715	-0.1337573442958533	0.026271098150666937	0.04130322383046032
5	W	109	2102	0.8086177936622045	-0.3064701443747421	0.027755785296739107	0.043405323815113285
5	Y	314	4683	1.0458188389055625	0.06463296358467054	0.45258638285990244	0.5343791026538607
6	A	994	14557	1.0680868425312657	0.09502895245216564	0.05667556863612104	0.08289859293044571
6	C	142	3661	0.6010500763595608	-0.7344429011123232	1.487437336279261e-10	5.679306193066269e-10
6	D	542	9314	0.9019699031831426	-0.14884880026795216	0.02052258512468872	0.03297071052818844
6	E	764	15846	0.734776661755292	-0.4446222911172188	4.839930207973189e-17	2.411761832447657e-16
6	F	412	6263	1.02539858443577	0.03618481120662878	0.6384222679511309	0.7220990100746685
6	G	1396	12767	1.787238291155655	0.8377320006633814	8.405355377196286e-75	1.647449653930472e-73
6	H	305	5035	0.9424956241025573	-0.08544217475560471	0.32257600205215287	0.40015757216596176
6	I	426	7700	0.8569192621997813	-0.22276881296628778	0.001862996331106269	0.0036034271141134415
6	K	658	11874	0.8553267216783172	-0.2254524822484753	0.00011011879311699933	0.00025899940141118244
6	L	912	19285	0.7159341639077449	-0.4821011690889459	3.423054799836472e-23	2.5804566952613403e-22
6	M	223	3829	0.9063498491181379	-0.14186005988764214	0.1522715151491546	0.20256934594502918
6	N	411	6400	1.0002290269048448	0.000330378148551345	1.0	1.0
6	P	988	12683	1.2302004042604895	0.29889335514333976	4.382926216502559e-09	1.3708301145231408e-08
6	Q	606	10016	0.9391360624695185	-0.09059390353699864	0.14352723468487807	0.19356425228144106
6	R	1227	15301	1.274238873608556	0.34963575598228086	4.156437019903855e-14	1.8238693788831843e-13
6	S	1036	16220	0.9936204161007145	-0.009233277705122838	0.8545156132170295	0.9374163816634578
6	T	603	9622	0.9745338591954918	-0.037215783550098615	0.5513785573662522	0.6357070426105025
6	U	0	0	15.558085230589608	3.959592610332608	1.0	1.0
6	V	626	11075	0.8738813352343908	-0.1944907061132193	0.0011363677685058409	0.002352761436202234
6	W	101	2113	0.7451301823196784	-0.42443559282996085	0.0026377821530355113	0.00500327711608026
6	Y	337	4712	1.1172797343600076	0.15999043993802578	0.05953565236198594	0.08622404824839343
7	A	928	14553	0.9919755638256259	-0.011623512966546932	0.819853363901935	0.9061537179968755
7	C	131	3581	0.5667830056244497	-0.819131593633714	3.887640795261456e-12	1.5657073887765315e-11
7	D	556	10084	0.8521159385069813	-0.2308783586503002	0.0002569831408875872	0.0005638286822459002
7	E	766	16118	0.7233163709074231	-0.4673012901638633	8.619250530409298e-19	4.6927030665561735e-18
7	F	390	5870	1.0359642339357957	0.05097419567488077	0.5180527653862568	0.6020059803302746
7	G	1346	13420	1.626577199586223	0.7018392962906002	1.0832519161436748e-52	1.592380316731202e-51
7	H	290	5054	0.8916968570355374	-0.16537476274967786	0.058650412011087345	0.08536248084782021
7	I	372	7510	0.7647904479024811	-0.38686359046224156	2.455932999903972e-07	6.876612399731122e-07
7	K	672	11923	0.8706949161244053	-0.1997607952325643	0.0005551428339316324	0.0011657999512564281
7	L	854	18433	0.7013165700285646	-0.5118622798728196	1.1163942287607555e-24	9.117219534879503e-24
7	M	271	3618	1.1709091884542377	0.2276291898894608	0.01581685412171341	0.025978520177562806
7	N	415	6447	1.0026685427403363	0.003844765695638278	0.9589230302307502	1.0
7	P	1073	12487	1.3681799800564929	0.452258025001368	9.967965873486499e-20	5.9807795240919e-19
7	Q	600	10240	0.9079879260988973	-0.13925498137233738	0.024061009909595095	0.03803191888935999
7	R	1364	14708	1.4959327187947074	0.5810452899020079	5.408050454403896e-38	6.359867334378983e-37
7	S	1045	16600	0.9780247812581039	-0.03205707414213461	0.5092274721924668	0.5940987175578779
7	T	544	9548	0.8821685558018285	-0.18087375726072985	0.004707661409738776	0.008596599096044722
7	U	0	0	15.558085230589608	3.959592610332608	1.0	1.0
7	V	613	11132	0.8502051840696667	-0.23411703914622117	0.00010139523218427268	0.00024040482469496908
7	W	97	2077	0.7280726727358465	-0.45784563434952236	0.0015111917724605576	0.002961935874022693
7	Y	355	4617	1.2033968231507395	0.2671124533124109	0.0012596655592495044	0.0025898019190164637
