occupancy_k	distance_aa	sites_with_at_least_k_neighbors	sites_total	observed_fraction	null_mean_fraction	null_q025_fraction	null_q975_fraction	empirical_p_greater	log2_observed_over_null	delta_fraction_vs_null	q_value
1	1	706	12826	0.055044440979260874	0.02132948697957274	0.01794986745672852	0.02455948853890535	0.00398406374501992	1.3677476050573858	0.03371495399968813	0.00649575610601074
1	2	1825	12826	0.14228910026508654	0.0518050834242944	0.047559644472165916	0.05605800717292998	0.00398406374501992	1.4576595758769704	0.09048401684079213	0.00649575610601074
1	3	2455	12826	0.19140807734289725	0.07354311554654608	0.0682208014969593	0.07844222672696087	0.00398406374501992	1.3799895116374445	0.11786496179635117	0.00649575610601074
1	4	3012	12826	0.23483549041010449	0.09310868548261343	0.08732262591610791	0.09849719320130984	0.00398406374501992	1.3346627992368973	0.14172680492749107	0.00649575610601074
1	5	3555	12826	0.27717137065336034	0.1108411040074848	0.10502105099017621	0.11675892717916732	0.00398406374501992	1.3222852619185748	0.16633026664587552	0.00649575610601074
1	6	4026	12826	0.313893653516295	0.13030968345548105	0.12431389365351629	0.13648448464057383	0.00398406374501992	1.2683315638306694	0.18358397006081395	0.00649575610601074
1	8	4923	12826	0.3838297208794636	0.16443630126305941	0.15805590207391237	0.17066895368782162	0.00398406374501992	1.2229376010693622	0.21939341961640418	0.00649575610601074
1	10	5472	12826	0.42663340090441293	0.19199469826914078	0.18506744113519413	0.19865897395914547	0.00398406374501992	1.1519304449391614	0.23463870263527214	0.00649575610601074
1	15	6325	12826	0.49313893653516294	0.2484665523156089	0.2406576485264307	0.25645758615312647	0.00398406374501992	0.9889425131402972	0.24467238421955403	0.00649575610601074
1	20	6730	12826	0.5247154217994698	0.2913170123187276	0.28411040074847965	0.3001871199126774	0.00398406374501992	0.8489452381640754	0.23339840948074225	0.00649575610601074
1	30	7283	12826	0.5678309683455481	0.358938406362077	0.35072898799313895	0.3669713862466864	0.00398406374501992	0.6617252332676659	0.20889256198347111	0.00649575610601074
1	40	7695	12826	0.5999532200218306	0.41008732262591613	0.40191018244191484	0.41803952908155306	0.00398406374501992	0.5489188691550474	0.18986589739591447	0.00649575610601074
1	50	7956	12826	0.6203025105254951	0.4524285046000312	0.44479182909714643	0.4602448152190862	0.00398406374501992	0.4552821367889592	0.16787400592546392	0.00649575610601074
1	75	8484	12826	0.6614688913145174	0.5288305005457664	0.5211211601434586	0.5364708404802744	0.00398406374501992	0.3228679212255347	0.13263839076875095	0.00649575610601074
1	100	8847	12826	0.6897707781069702	0.5829118977077811	0.5762084827693748	0.5903633244971153	0.00398406374501992	0.2428391623037812	0.10685888039918912	0.00649575610601074
2	1	8	12826	0.0006237330422579137	0.0005099017620458444	0.0002338998908467176	0.0008576329331046312	0.3147410358565737	0.29070936427664235	0.00011383128021206926	0.48174648345393933
2	2	122	12826	0.009511928894433183	0.0034383283954467487	0.002434508030562919	0.004600031186652113	0.00398406374501992	1.4680305868927281	0.006073600498986434	0.00649575610601074
2	3	271	12826	0.021128956806486823	0.007301418992671137	0.005691564010603461	0.009122095743021986	0.00398406374501992	1.5329727626857759	0.013827537813815686	0.00649575610601074
2	4	529	12826	0.041244347419304536	0.013710587868392328	0.011478637143302666	0.015983159207859036	0.00398406374501992	1.5889059792232596	0.02753375955091221	0.00649575610601074
2	5	746	12826	0.05816310619055044	0.01952752222048963	0.01709223452362389	0.022220489630438173	0.00398406374501992	1.5745954159204503	0.03863558397006081	0.00649575610601074
2	6	991	12826	0.07726493060969905	0.027089037891782318	0.02432558864805863	0.030173085919226572	0.00398406374501992	1.5121045901734929	0.05017589271791673	0.00649575610601074
2	8	1542	12826	0.12022454389521285	0.0429284266334009	0.039624590675191015	0.04641548417277405	0.00398406374501992	1.4857262502068356	0.07729611726181196	0.00649575610601074
2	10	2008	12826	0.1565569936067363	0.05739934508030563	0.053268750974582876	0.06104787151099329	0.00398406374501992	1.4475817758715053	0.09915764852643068	0.00649575610601074
2	15	2858	12826	0.22282862934663963	0.09099610166848589	0.0857554966474349	0.09561242788086699	0.00398406374501992	1.2920579583808809	0.13183252767815373	0.00649575610601074
2	20	3420	12826	0.2666458755652581	0.11836519569624201	0.11305161390924684	0.12418329954779354	0.00398406374501992	1.1716800820073197	0.14828067986901608	0.00649575610601074
2	30	4085	12826	0.31849368470294714	0.16659348198970841	0.1609582098861687	0.17297286761266178	0.00398406374501992	0.9349328100675023	0.15190020271323873	0.00649575610601074
2	40	4566	12826	0.3559956338687042	0.20603680024949322	0.20023584905660377	0.21339271791673164	0.00398406374501992	0.7889575069734313	0.14995883361921097	0.00649575610601074
2	50	4891	12826	0.3813347887104319	0.2420074847965071	0.2360829564946203	0.24881685638546702	0.00398406374501992	0.6560064845907249	0.1393273039139248	0.00649575610601074
2	75	5542	12826	0.43209106502416966	0.3111448619990644	0.3052744425385935	0.3177822392016217	0.00398406374501992	0.4737489756374428	0.12094620302510528	0.00649575610601074
2	100	5948	12826	0.46374551691875876	0.3638431311398721	0.3572099641353501	0.3707215811632621	0.00398406374501992	0.35001676024542316	0.09990238577888666	0.00649575610601074
3	1	0	12826	0.0	0.0	0.0	0.0	1.0		0.0	1.0
3	2	1	12826	7.79666302822392e-05	0.00024200842039607049	0.0	0.0005457664119756744	0.9561752988047809	-1.6341285575250406	-0.00016404179011383126	1.0
3	3	16	12826	0.0012474660845158273	0.0007110556681740216	0.00017347575237798226	0.0013078902229845632	0.05179282868525897	0.810966175609983	0.0005364104163418057	0.08092629482071713
3	4	67	12826	0.005223764228910027	0.0021921097770154375	0.0013254327147980665	0.003118665211289568	0.00398406374501992	1.2527697355355678	0.0030316544518945894	0.00649575610601074
3	5	142	12826	0.011071261500077966	0.0038362700764072977	0.002572898799313894	0.005223764228910027	0.00398406374501992	1.5290434215407778	0.007234991423670668	0.00649575610601074
3	6	251	12826	0.019569624200842038	0.006370809293622329	0.004833931077498831	0.008030562919070637	0.00398406374501992	1.619067494900443	0.013198814907219709	0.00649575610601074
3	8	544	12826	0.04241384687353813	0.01260408545142679	0.0105605800717293	0.014640184001247466	0.00398406374501992	1.7506438987026962	0.02980976142211134	0.00649575610601074
3	10	826	12826	0.06440043661312958	0.020129424606268518	0.01722282862934664	0.022766256042413845	0.00398406374501992	1.677764535524704	0.044271012006861066	0.00649575610601074
3	15	1498	12826	0.11679401216279432	0.039238733821924214	0.0358042257913613	0.04286410416341806	0.00398406374501992	1.573615917802423	0.07755527834087012	0.00649575610601074
3	20	1966	12826	0.15328239513488226	0.05730516139092468	0.05303485108373616	0.06128177140184001	0.00398406374501992	1.4194550180398013	0.09597723374395759	0.00649575610601074
3	30	2627	12826	0.20481833775144237	0.09026227974426945	0.08548651177296117	0.09471191330110713	0.00398406374501992	1.1821497660732643	0.11455605800717292	0.00649575610601074
3	40	3049	12826	0.23772025573054734	0.11946764384843288	0.11422111336348043	0.1241228754093248	0.00398406374501992	0.9926449008588188	0.11825261188211446	0.00649575610601074
3	50	3398	12826	0.2649306096990488	0.14682020895056916	0.1412151099329487	0.15264111960081087	0.00398406374501992	0.851563979776485	0.11811040074847964	0.00649575610601074
3	75	4007	12826	0.3124122875409325	0.20493778262903478	0.19900592546390145	0.21072625916107907	0.00398406374501992	0.6082652112445825	0.1074745049118977	0.00649575610601074
3	100	4437	12826	0.3459379385622953	0.24806174957118352	0.2425035084983627	0.2539977389677218	0.00398406374501992	0.4798139480349878	0.0978761889911118	0.00649575610601074
4	1	0	12826	0.0	0.0	0.0	0.0	1.0		0.0	1.0
4	2	0	12826	0.0	1.6840792140963668e-05	0.0	0.0001559332605644784	1.0		-1.6840792140963668e-05	1.0
4	3	0	12826	0.0	0.00011227194760642445	0.0	0.0003722906595976926	1.0		-0.00011227194760642445	1.0
4	4	6	12826	0.0004677997816934352	0.0002875409324808982	0.0	0.0007016996725401528	0.27091633466135456	0.7021238449539052	0.00018025884921253702	0.4189427855587957
4	5	21	12826	0.0016372992359270232	0.0006948386090753158	0.0001559332605644784	0.001169499454233588	0.00398406374501992	1.2365681901008154	0.0009424606268517074	0.00649575610601074
4	6	49	12826	0.003820364883829721	0.0015356307500389835	0.0008576329331046312	0.002338998908467176	0.00398406374501992	1.3148790822928378	0.0022847341337907372	0.00649575610601074
4	8	160	12826	0.012474660845158272	0.0038016528925619835	0.0025124746608451583	0.004989864338063309	0.00398406374501992	1.714301874041875	0.008673007952596288	0.00649575610601074
4	10	330	12826	0.025728987993138937	0.007471074380165289	0.005925463901450179	0.008966162482457508	0.00398406374501992	1.784007081929516	0.018257913612973648	0.00649575610601074
4	15	774	12826	0.060346171838453144	0.018800249493216903	0.016450958989552473	0.021448619990644006	0.00398406374501992	1.682510446421067	0.04154592234523624	0.00649575610601074
4	20	1183	12826	0.09223452362388898	0.03084297520661157	0.027522220489630437	0.034192265710276004	0.00398406374501992	1.5803649175869177	0.06139154841727741	0.00649575610601074
4	30	1784	12826	0.13909246842351475	0.05360548885077187	0.04968228598159987	0.057816154685794485	0.00398406374501992	1.375591667092817	0.08548697957274287	0.00649575610601074
4	40	2197	12826	0.17129268673007952	0.07544425385934819	0.07059488538905348	0.07986316856385467	0.00398406374501992	1.182980628935113	0.09584843287073133	0.00649575610601074
4	50	2504	12826	0.19522844222672697	0.09645095898955247	0.09147239981288008	0.10174645251832216	0.00398406374501992	1.0172957621411163	0.0987774832371745	0.00649575610601074
4	75	3071	12826	0.2394355215967566	0.14544269452674255	0.14033993450803056	0.1510720411663808	0.00398406374501992	0.7191863672154991	0.09399282707001405	0.00649575610601074
4	100	3405	12826	0.2654763761110245	0.18143926399501012	0.17567636051769842	0.18732652424762203	0.00398406374501992	0.5490967928098746	0.08403711211601436	0.00649575610601074
5	1	0	12826	0.0	0.0	0.0	0.0	1.0		0.0	1.0
5	2	0	12826	0.0	0.0	0.0	0.0	1.0		0.0	1.0
5	3	0	12826	0.0	9.979728676126618e-06	0.0	0.0001559332605644784	1.0		-9.979728676126618e-06	1.0
5	4	0	12826	0.0	2.463745516918759e-05	0.0	0.0003118665211289568	1.0		-2.463745516918759e-05	1.0
5	5	0	12826	0.0	0.00011663807890222985	0.0	0.0006061905504444103	1.0		-0.00011663807890222985	1.0
5	6	5	12826	0.000389833151411196	0.00038421955403087477	1.7542491813503862e-05	0.0008576329331046312	0.5179282868525896	0.020925838854547896	5.613597380321224e-06	0.7847398285645296
5	8	26	12826	0.0020271323873382193	0.0011514111960081086	0.0006237330422579137	0.0019316232652424768	0.01593625498007968	0.8160371651574049	0.0008757211913301107	0.02543019411714843
5	10	94	12826	0.007328863246530485	0.002722906595976922	0.0017152658662092624	0.003820364883829721	0.00398406374501992	1.428441950123195	0.004605956650553563	0.00649575610601074
5	15	373	12826	0.02908155309527522	0.009084671760486511	0.0071729299859660065	0.010819819117417745	0.00398406374501992	1.678598023889614	0.01999688133478871	0.00649575610601074
5	20	683	12826	0.053251208482769374	0.01725806954623421	0.014735693123343208	0.01972555746140652	0.00398406374501992	1.6255431697190883	0.03599313893653516	0.00649575610601074
5	30	1201	12826	0.09363792296896928	0.03429814439419929	0.03111843131139872	0.037640339934508035	0.00398406374501992	1.4489624081396095	0.05933977857476999	0.00649575610601074
5	40	1608	12826	0.12537034149384063	0.05115328239513488	0.047733120224543894	0.055104865117729614	0.00398406374501992	1.293297371564672	0.07421705909870575	0.00649575610601074
5	50	1924	12826	0.15000779666302821	0.06698643380633089	0.06297169811320755	0.07094963355683767	0.00398406374501992	1.1630966333314845	0.08302136285669733	0.00649575610601074
5	75	2433	12826	0.18969281147668798	0.10344051146109466	0.09864532979884609	0.10832098861687199	0.00398406374501992	0.8748636943111001	0.08625230001559332	0.00649575610601074
5	100	2724	12826	0.2123811008888196	0.13326025261188212	0.12864493996569468	0.1383810229221893	0.00398406374501992	0.6724088575270724	0.07912084827693747	0.00649575610601074
6	1	0	12826	0.0	0.0	0.0	0.0	1.0		0.0	1.0
6	2	0	12826	0.0	0.0	0.0	0.0	1.0		0.0	1.0
6	3	0	12826	0.0	0.0	0.0	0.0	1.0		0.0	1.0
6	4	0	12826	0.0	0.0	0.0	0.0	1.0		0.0	1.0
6	5	0	12826	0.0	0.0	0.0	0.0	1.0		0.0	1.0
6	6	0	12826	0.0	3.149851863402464e-05	0.0	7.79666302822392e-05	1.0		-3.149851863402464e-05	1.0
6	8	3	12826	0.0002338998908467176	0.00026914080773428973	0.0	0.0005457664119756744	0.7051792828685259	-0.20246996379571186	-3.524091688757213e-05	1.0
6	10	23	12826	0.0017932324964915016	0.0009090909090909091	0.0004677997816934352	0.0014033993450803055	0.00796812749003984	0.9800660726312411	0.0008841415874005925	0.012851818532322324
6	15	168	12826	0.013098393887416186	0.00403586464992983	0.0026684079214096368	0.005440121627943241	0.00398406374501992	1.6984402237527703	0.009062529237486357	0.00649575610601074
6	20	386	12826	0.03009511928894433	0.00929175113051614	0.007406829876812724	0.011365585529393419	0.00398406374501992	1.6955071164512963	0.02080336815842819	0.00649575610601074
6	30	822	12826	0.06408857009200063	0.022013722126929675	0.01937080929362233	0.024637455169187587	0.00398406374501992	1.5416639818202722	0.04207484796507095	0.00649575610601074
6	40	1165	12826	0.09083112427880867	0.03557274286605333	0.032295727428660534	0.03882738188055512	0.00398406374501992	1.3524145185837146	0.05525838141275534	0.00649575610601074
6	50	1421	12826	0.11079058163106191	0.04812537034149384	0.044596912521440824	0.05183026664587557	0.00398406374501992	1.2029656944010525	0.06266521128956806	0.00649575610601074
6	75	1924	12826	0.15000779666302821	0.07815437392795883	0.07369600810852955	0.08262708560736005	0.00398406374501992	0.9406389654545864	0.07185342273506938	0.00649575610601074
6	100	2203	12826	0.17176048651177295	0.10340059254639014	0.09841142990799938	0.10812217370965227	0.00398406374501992	0.7321537295803013	0.0683598939653828	0.00649575610601074
7	1	0	12826	0.0	0.0	0.0	0.0	1.0		0.0	1.0
7	2	0	12826	0.0	0.0	0.0	0.0	1.0		0.0	1.0
7	3	0	12826	0.0	0.0	0.0	0.0	1.0		0.0	1.0
7	4	0	12826	0.0	0.0	0.0	0.0	1.0		0.0	1.0
7	5	0	12826	0.0	0.0	0.0	0.0	1.0		0.0	1.0
7	6	0	12826	0.0	0.0	0.0	0.0	1.0		0.0	1.0
7	8	0	12826	0.0	5.145797598627787e-05	0.0	0.0001559332605644784	1.0		-5.145797598627787e-05	1.0
7	10	3	12826	0.0002338998908467176	0.00034274130672072356	0.0	0.0007016996725401528	0.8247011952191236	-0.551228885565988	-0.00010884141587400595	1.0
7	15	69	12826	0.005379697489474505	0.0014950881022922189	0.0007016996725401528	0.002399423046935912	0.00398406374501992	1.8472945477911233	0.0038846093871822865	0.00649575610601074
7	20	211	12826	0.016450958989552473	0.004411975674411352	0.002902307812256354	0.006063854670201154	0.00398406374501992	1.898674944931933	0.012038983315141121	0.00649575610601074
7	30	538	12826	0.04194604709184469	0.0140689225011695	0.012162794324029315	0.016043583346327772	0.00398406374501992	1.57602301960534	0.027877124590675192	0.00649575610601074
7	40	868	12826	0.06767503508498363	0.025203181038515515	0.022723374395758614	0.027738577888663653	0.00398406374501992	1.425017894320503	0.04247185404646811	0.00649575610601074
7	50	1097	12826	0.0855293934196164	0.035313893653516296	0.032001403399345076	0.0385759394978949	0.00398406374501992	1.2761844092214483	0.05021549976610011	0.00649575610601074
7	75	1578	12826	0.12303134258537346	0.06059566505535631	0.0565180102915952	0.06432246998284734	0.00398406374501992	1.0217393993154762	0.06243567753001715	0.00649575610601074
7	100	1858	12826	0.14486199906440045	0.08232901917979105	0.07690238577888664	0.08683728364260097	0.00398406374501992	0.8152062455619454	0.0625329798846094	0.00649575610601074
8	1	0	12826	0.0	0.0	0.0	0.0	1.0		0.0	1.0
8	2	0	12826	0.0	0.0	0.0	0.0	1.0		0.0	1.0
8	3	0	12826	0.0	0.0	0.0	0.0	1.0		0.0	1.0
8	4	0	12826	0.0	0.0	0.0	0.0	1.0		0.0	1.0
8	5	0	12826	0.0	0.0	0.0	0.0	1.0		0.0	1.0
8	6	0	12826	0.0	0.0	0.0	0.0	1.0		0.0	1.0
8	8	0	12826	0.0	0.0	0.0	0.0	1.0		0.0	1.0
8	10	0	12826	0.0	8.669889287384999e-05	0.0	0.0003118665211289568	1.0		-8.669889287384999e-05	1.0
8	15	13	12826	0.0010135661936691096	0.0004309995322002183	0.0	0.0009355995633868704	0.02390438247011952	1.2336821024149207	0.0005825666614688913	0.037743761794925564
8	20	104	12826	0.008108529549352877	0.0017498830500545766	0.0006412755340714175	0.002806798690160611	0.00398406374501992	2.2121818053330986	0.0063586464992983005	0.00649575610601074
8	30	329	12826	0.025651021362856696	0.00850241696553875	0.006878605956650553	0.010256510213628568	0.00398406374501992	1.5930713548931528	0.017148604397317947	0.00649575610601074
8	40	600	12826	0.04677997816934352	0.017983159207859034	0.015766801808825823	0.01994191486043973	0.00398406374501992	1.379244698551396	0.028796818961484484	0.00649575610601074
8	50	831	12826	0.06479026976454078	0.026413846873538125	0.023953297988460936	0.028908077342897243	0.00398406374501992	1.2944827359315514	0.038376422891002654	0.00649575610601074
8	75	1287	12826	0.10034305317324185	0.046238577888663646	0.042484016840792144	0.04966474348978637	0.00398406374501992	1.117771809091593	0.05410447528457821	0.00649575610601074
8	100	1528	12826	0.1191330110712615	0.06453173241852486	0.060285747699984404	0.0692343676906284	0.00398406374501992	0.8844925693877218	0.05460127865273663	0.00649575610601074
9	1	0	12826	0.0	0.0	0.0	0.0	1.0		0.0	1.0
9	2	0	12826	0.0	0.0	0.0	0.0	1.0		0.0	1.0
9	3	0	12826	0.0	0.0	0.0	0.0	1.0		0.0	1.0
9	4	0	12826	0.0	0.0	0.0	0.0	1.0		0.0	1.0
9	5	0	12826	0.0	0.0	0.0	0.0	1.0		0.0	1.0
9	6	0	12826	0.0	0.0	0.0	0.0	1.0		0.0	1.0
9	8	0	12826	0.0	0.0	0.0	0.0	1.0		0.0	1.0
9	10	0	12826	0.0	0.0	0.0	0.0	1.0		0.0	1.0
9	15	0	12826	0.0	0.000101044752845782	0.0	0.000389833151411196	1.0		-0.000101044752845782	1.0
9	20	36	12826	0.002806798690160611	0.0005230001559332606	7.79666302822392e-05	0.001169499454233588	0.00398406374501992	2.424042312540053	0.0022837985342273504	0.00649575610601074
9	30	211	12826	0.016450958989552473	0.00487010759394979	0.003430531732418525	0.006315297052861375	0.00398406374501992	1.756146135806386	0.011580851395602682	0.00649575610601074
9	40	440	12826	0.03430531732418525	0.012363012630594106	0.010447528457820054	0.014345859971932013	0.00398406374501992	1.4724018680883157	0.021942304693591146	0.00649575610601074
9	50	627	12826	0.04888507718696398	0.019804459691252146	0.01787190082644628	0.02212498050834243	0.00398406374501992	1.3035687888190437	0.029080617495711832	0.00649575610601074
9	75	1048	12826	0.08170902853578668	0.03545080305629191	0.032295727428660534	0.03874941525027288	0.00398406374501992	1.2046771907061349	0.04625822547949477	0.00649575610601074
9	100	1336	12826	0.10416341805707158	0.05169655387494152	0.04790659597692187	0.055650631529705286	0.00398406374501992	1.010708677631645	0.052466864182130056	0.00649575610601074
10	1	0	12826	0.0	0.0	0.0	0.0	1.0		0.0	1.0
10	2	0	12826	0.0	0.0	0.0	0.0	1.0		0.0	1.0
10	3	0	12826	0.0	0.0	0.0	0.0	1.0		0.0	1.0
10	4	0	12826	0.0	0.0	0.0	0.0	1.0		0.0	1.0
10	5	0	12826	0.0	0.0	0.0	0.0	1.0		0.0	1.0
10	6	0	12826	0.0	0.0	0.0	0.0	1.0		0.0	1.0
10	8	0	12826	0.0	0.0	0.0	0.0	1.0		0.0	1.0
10	10	0	12826	0.0	0.0	0.0	0.0	1.0		0.0	1.0
10	15	0	12826	0.0	0.0	0.0	0.0	1.0		0.0	1.0
10	20	6	12826	0.0004677997816934352	6.20614377046624e-05	0.0	0.0002338998908467176	0.00398406374501992	2.9141221648395943	0.0004057383439887728	0.00649575610601074
10	30	134	12826	0.010447528457820054	0.0025984718540464683	0.0014813659753625447	0.003820364883829721	0.00398406374501992	2.0074263510792125	0.007849056603773585	0.00649575610601074
10	40	288	12826	0.02245438952128489	0.008157804459691253	0.006410806174957118	0.009962186184313115	0.00398406374501992	1.460744667721446	0.014296585061593635	0.00649575610601074
10	50	473	12826	0.03687821612349914	0.014832995477935445	0.012864493996569469	0.0168836737876189	0.00398406374501992	1.313958896223488	0.022045220645563697	0.00649575610601074
10	75	861	12826	0.06712926867300795	0.028022142523000157	0.025434663963823483	0.03076173397785748	0.00398406374501992	1.2603746594601954	0.03910712615000779	0.00649575610601074
10	100	1148	12826	0.0895056915640106	0.04151567129268673	0.03845509122095743	0.045454545454545456	0.00398406374501992	1.1083233983093204	0.04799002027132387	0.00649575610601074
