nearest_distance_bin	second_nearest_distance_bin	observed_probability	arginine_null_probability	log2_observed_over_null
1	1	0.0	0.0	
1	2	0.0	0.0	
1	3	0.0	0.0	
1	4	0.0	0.0	
1	5	0.0	0.0	
1	6	0.0	0.0	
1	7-8	0.0	0.0	
1	9-10	0.0	0.0	
1	11-15	0.0	0.0	
1	16-20	0.0	0.0	
1	21-30	0.0	0.0	
1	31-40	0.0	0.0	
1	41-60	0.0	0.0	
1	61-80	0.0	0.0	
1	81-100	0.0	0.0	
1	>100/none	0.0	0.0	
2	1	0.0	0.0	
2	2	0.0006237330422579137	0.0005099017620458437	0.2907093642766442
2	3	0.00389833151411196	0.001744893185716513	1.1597180585730555
2	4	0.00389833151411196	0.0015003898331514124	1.377519390354589
2	5	0.003118665211289568	0.0012315608919382492	1.3404407270891021
2	6	0.002261032278184937	0.000859504132231405	1.395405107085368
2	7-8	0.0037423982535474817	0.0015842819273351	1.2401340037237154
2	9-10	0.003976298144394199	0.0012736628722906595	1.6424424757557814
2	11-15	0.005145797598627788	0.0022682052081709034	1.1818435430587242
2	16-20	0.0018711991267737408	0.0012998596600654912	0.5256072231047358
2	21-30	0.0020271323873382193	0.0016257601746452527	0.318325858207166
2	31-40	0.0017932324964915016	0.0011211601434585991	0.6775701853924405
2	41-60	0.002572898799313894	0.0015225323561515668	0.756921824239387
2	61-80	0.0018711991267737408	0.0009524403555278339	0.974262438586392
2	81-100	0.0006237330422579137	0.0006783096834554802	-0.12101540096136405
2	>100/none	0.01762045844378606	0.003157024793388431	2.480613964478326
3	1	0.0	0.0	
3	2	0.0	0.0	
3	3	0.004989864338063309	0.0011835334476843892	2.075900114359261
3	4	0.006003430531732418	0.0018425074068298757	1.7041167145921998
3	5	0.011227194760642444	0.003139872134726334	1.8382197849434214
3	6	0.0054576641197567445	0.001716201465772649	1.669064688277693
3	7-8	0.0097458287852799	0.00372150319663184	1.3888994023133507
3	9-10	0.006237330422579136	0.002503040698581006	1.3172469387694548
3	11-15	0.007874629658506159	0.003091844690472477	1.348744223943555
3	16-20	0.004210198035240917	0.0017583034461250578	1.2597040242551343
3	21-30	0.0036644316232652425	0.002354904101044753	0.6379211344575887
3	31-40	0.003118665211289568	0.0015091220957430228	1.0472191556726496
3	41-60	0.003430531732418525	0.002685482613441449	0.3532508303453541
3	61-80	0.002572898799313894	0.0010020271323873376	1.3604731385491295
3	81-100	0.0012474660845158273	0.0006714486199906434	0.8936516804948547
3	>100/none	0.017464525183221582	0.0032958053952908137	2.4057244554728645
4	1	0.0	0.0	
4	2	0.0	0.0	
4	3	0.0	0.0	
4	4	0.0017152658662092624	0.0005201933572430994	1.7213123298547222
4	5	0.004054264774676439	0.0014957118353344776	1.4386080593889548
4	6	0.004288164665523156	0.001510993294869795	1.504863047884304
4	7-8	0.006003430531732418	0.0027135506003430534	1.1456053222468994
4	9-10	0.004132231404958678	0.0019953220021830657	1.0502994621096124
4	11-15	0.005535630750038983	0.0028841415874005932	0.9406057216660898
4	16-20	0.00194916575705598	0.0016407297676594421	0.24851913970202194
4	21-30	0.002806798690160611	0.001959145485732106	0.5187010584524353
4	31-40	0.0016372992359270232	0.0012839544674879155	0.35072397411957756
4	41-60	0.0016372992359270232	0.0015534071417433334	0.07588201176826036
4	61-80	0.0010915328239513489	0.0008713550600343044	0.3250229013102295
4	81-100	0.0012474660845158273	0.0005598004054264768	1.156016155951675
4	>100/none	0.013020427257133947	0.0027497271167940115	2.243416432763651
5	1	0.0	0.0	
5	2	0.0	0.0	
5	3	0.0	0.0	
5	4	0.0	0.0	
5	5	0.0017152658662092624	0.000542024013722126	1.6620035364849866
5	6	0.0027288320598783723	0.0012159675658818007	1.16617886220942
5	7-8	0.008030562919070637	0.0028077342897239975	1.516094707525861
5	9-10	0.00389833151411196	0.0016273195072508966	1.2603592456193597
5	11-15	0.005535630750038983	0.0026633400904412896	1.055511049658917
5	16-20	0.0021830656479026977	0.0014442538593481995	0.5960311650159974
5	21-30	0.0021830656479026977	0.0020692343676906267	0.07725845646213655
5	31-40	0.00194916575705598	0.001239357554966473	0.6532643171871434
5	41-60	0.0014033993450803055	0.001717448931857165	-0.29134160704647905
5	61-80	0.0017932324964915016	0.0008145953531888341	1.138407059172671
5	81-100	0.0006237330422579137	0.0005426477467643841	0.20091269392599853
5	>100/none	0.011383128021206923	0.002881646655231562	1.9819317072386837
6	1	0.0	0.0	
6	2	0.0	0.0	
6	3	0.0	0.0	
6	4	0.0	0.0	
6	5	0.0	0.0	
6	6	0.0021830656479026977	0.0005142678933416492	2.0857635232822256
6	7-8	0.007952596288788399	0.002387961952284423	1.7356460846620296
6	9-10	0.003430531732418525	0.0015980040542647753	1.1021611429577371
6	11-15	0.008108529549352877	0.00293528769686574	1.4659383975788824
6	16-20	0.003196631841571807	0.001718696397941681	0.895237877447665
6	21-30	0.003196631841571807	0.0019716201465772645	0.6971709693756726
6	31-40	0.0017932324964915016	0.001197567441135194	0.5824556451105816
6	41-60	0.0010135661936691096	0.0013775144238266025	-0.4426271142369742
6	61-80	0.0006237330422579137	0.000819273351005769	-0.39341620047154374
6	81-100	0.0007016996725401528	0.0005014813659753622	0.48465759492547167
6	>100/none	0.010135661936691097	0.0027107438016528928	1.9026796385092586
7-8	1	0.0	0.0	
7-8	2	0.0	0.0	
7-8	3	0.0	0.0	
7-8	4	0.0	0.0	
7-8	5	0.0	0.0	
7-8	6	0.0	0.0	
7-8	7-8	0.008498362700764072	0.0025417121472009973	1.7413842654332115
7-8	9-10	0.010525495088102292	0.004576329331046312	1.2016253118910356
7-8	11-15	0.01832215811632621	0.00785279900202713	1.222310568620708
7-8	16-20	0.007718696397941681	0.004037112116014346	0.935033559954223
7-8	21-30	0.006159363792296897	0.005053796974894746	0.2854136326339869
7-8	31-40	0.003430531732418525	0.0026206143770466242	0.3885271345037216
7-8	41-60	0.004132231404958678	0.003224699828473413	0.35775617402298965
7-8	61-80	0.0008576329331046312	0.001699360673631686	-0.9865598722771435
7-8	81-100	0.001559332605644784	0.0011641977233743956	0.4215925862463798
7-8	>100/none	0.018400124746608452	0.005622641509433963	1.710395576287172
9-10	1	0.0	0.0	
9-10	2	0.0	0.0	
9-10	3	0.0	0.0	
9-10	4	0.0	0.0	
9-10	5	0.0	0.0	
9-10	6	0.0	0.0	
9-10	7-8	0.0	0.0	
9-10	9-10	0.0028847653204428503	0.0013304225791361296	1.1165693999504656
9-10	11-15	0.012552627475440512	0.006181818181818182	1.0218862483258682
9-10	16-20	0.006237330422579136	0.003904568844534538	0.6757654377294692
9-10	21-30	0.006237330422579136	0.004577888663651956	0.44624631139525306
9-10	31-40	0.002806798690160611	0.0024016840792140956	0.2248792048078252
9-10	41-60	0.004132231404958678	0.00297770154373928	0.47272188814350957
9-10	61-80	0.002650865429596133	0.001724933728364261	0.6199224991965006
9-10	81-100	0.0006237330422579137	0.0010843598939653818	-0.7978430670655393
9-10	>100/none	0.012318727584593793	0.005370965226882891	1.1975999598851614
11-15	1	0.0	0.0	
11-15	2	0.0	0.0	
11-15	3	0.0	0.0	
11-15	4	0.0	0.0	
11-15	5	0.0	0.0	
11-15	6	0.0	0.0	
11-15	7-8	0.0	0.0	
11-15	9-10	0.0	0.0	
11-15	11-15	0.012474660845158272	0.006476532044285039	0.9457071804339607
11-15	16-20	0.014501793232496491	0.008813347887104318	0.7184692505488169
11-15	21-30	0.012084827693747077	0.011556525806954623	0.06448915194708828
11-15	31-40	0.0043661312958053955	0.0059404334944643715	-0.4442126985506434
11-15	41-60	0.005223764228910027	0.0072365507562763155	-0.47021242886604464
11-15	61-80	0.0024949321690316546	0.003963823483549041	-0.667892125230234
11-15	81-100	0.00194916575705598	0.002625604241384688	-0.4297926918876833
11-15	>100/none	0.022766256042413845	0.0131673163885857	0.7899357148207129
16-20	1	0.0	0.0	
16-20	2	0.0	0.0	
16-20	3	0.0	0.0	
16-20	4	0.0	0.0	
16-20	5	0.0	0.0	
16-20	6	0.0	0.0	
16-20	7-8	0.0	0.0	
16-20	9-10	0.0	0.0	
16-20	11-15	0.0	0.0	
16-20	16-20	0.003820364883829721	0.0031935131763605185	0.25856603388993266
16-20	21-30	0.011071261500077966	0.010377670357087159	0.0933370024061353
16-20	31-40	0.0027288320598783723	0.0056956182753781365	-1.0615688492680022
16-20	41-60	0.003430531732418525	0.006522376422891002	-0.9269654936185072
16-20	61-80	0.0013254327147980665	0.003684391080617495	-1.474962770710283
16-20	81-100	0.0017152658662092624	0.0024035552783408702	-0.48673777232258886
16-20	>100/none	0.011928894433182598	0.012452518322158117	-0.06197719310865939
21-30	1	0.0	0.0	
21-30	2	0.0	0.0	
21-30	3	0.0	0.0	
21-30	4	0.0	0.0	
21-30	5	0.0	0.0	
21-30	6	0.0	0.0	
21-30	7-8	0.0	0.0	
21-30	9-10	0.0	0.0	
21-30	11-15	0.0	0.0	
21-30	16-20	0.0	0.0	
21-30	21-30	0.008030562919070637	0.008696397941680964	-0.11491683868269544
21-30	31-40	0.007562763137377203	0.01193170123187276	-0.6578144182322725
21-30	41-60	0.007406829876812724	0.013615468579447997	-0.8783185276461922
21-30	61-80	0.0033525651021362856	0.007393419616404174	-1.14097644885252
21-30	81-100	0.002650865429596133	0.004850460003118665	-0.8716581405958708
21-30	>100/none	0.016996725401528145	0.024005925463901442	-0.49813373238052816
31-40	1	0.0	0.0	
31-40	2	0.0	0.0	
31-40	3	0.0	0.0	
31-40	4	0.0	0.0	
31-40	5	0.0	0.0	
31-40	6	0.0	0.0	
31-40	7-8	0.0	0.0	
31-40	9-10	0.0	0.0	
31-40	11-15	0.0	0.0	
31-40	16-20	0.0	0.0	
31-40	21-30	0.0	0.0	
31-40	31-40	0.004288164665523156	0.004819273351005771	-0.1684553272577003
31-40	41-60	0.008342429440199594	0.012966474348978633	-0.6362467723759563
31-40	61-80	0.0032745984718540464	0.006934352097302353	-1.0824430767980229
31-40	81-100	0.0020271323873382193	0.0045672852019335705	-1.1718965699635493
31-40	>100/none	0.013176360517698426	0.022775923904568847	-0.7895576438698829
41-60	1	0.0	0.0	
41-60	2	0.0	0.0	
41-60	3	0.0	0.0	
41-60	4	0.0	0.0	
41-60	5	0.0	0.0	
41-60	6	0.0	0.0	
41-60	7-8	0.0	0.0	
41-60	9-10	0.0	0.0	
41-60	11-15	0.0	0.0	
41-60	16-20	0.0	0.0	
41-60	21-30	0.0	0.0	
41-60	31-40	0.0	0.0	
41-60	41-60	0.00881022922189303	0.011983471074380164	-0.4437943923882211
41-60	61-80	0.007328863246530485	0.014144394199282694	-0.9485690381901772
41-60	81-100	0.003430531732418525	0.00907531576485265	-1.4035156293836253
41-60	>100/none	0.020973023545922346	0.0429421487603306	-1.0338595227923697
61-80	1	0.0	0.0	
61-80	2	0.0	0.0	
61-80	3	0.0	0.0	
61-80	4	0.0	0.0	
61-80	5	0.0	0.0	
61-80	6	0.0	0.0	
61-80	7-8	0.0	0.0	
61-80	9-10	0.0	0.0	
61-80	11-15	0.0	0.0	
61-80	16-20	0.0	0.0	
61-80	21-30	0.0	0.0	
61-80	31-40	0.0	0.0	
61-80	41-60	0.0	0.0	
61-80	61-80	0.004989864338063309	0.006411040074847961	-0.3615578340826567
61-80	81-100	0.003430531732418525	0.008741930453765789	-1.349519689379183
61-80	>100/none	0.02050522376422891	0.03997473881178855	-0.9630971201807288
81-100	1	0.0	0.0	
81-100	2	0.0	0.0	
81-100	3	0.0	0.0	
81-100	4	0.0	0.0	
81-100	5	0.0	0.0	
81-100	6	0.0	0.0	
81-100	7-8	0.0	0.0	
81-100	9-10	0.0	0.0	
81-100	11-15	0.0	0.0	
81-100	16-20	0.0	0.0	
81-100	21-30	0.0	0.0	
81-100	31-40	0.0	0.0	
81-100	41-60	0.0	0.0	
81-100	61-80	0.0	0.0	
81-100	81-100	0.004132231404958678	0.004271012006861066	-0.047656906367455044
81-100	>100/none	0.018634024637455168	0.03802151878995791	-1.0288768564469155
>100/none	1	0.0	0.0	
>100/none	2	0.0	0.0	
>100/none	3	0.0	0.0	
>100/none	4	0.0	0.0	
>100/none	5	0.0	0.0	
>100/none	6	0.0	0.0	
>100/none	7-8	0.0	0.0	
>100/none	9-10	0.0	0.0	
>100/none	11-15	0.0	0.0	
>100/none	16-20	0.0	0.0	
>100/none	21-30	0.0	0.0	
>100/none	31-40	0.0	0.0	
>100/none	41-60	0.0	0.0	
>100/none	61-80	0.0	0.0	
>100/none	81-100	0.0	0.0	
>100/none	>100/none	0.31155465460782783	0.418979260876345	-0.4273935626498227
