window_aa	methyl_site_count	protein_arg_count	observed_max_methyl_sites	null_mean_max_sites	null_q025_max_sites	null_q975_max_sites	observed_over_null_mean	log2_observed_over_null_mean	empirical_p_greater	best_window_start	best_window_end	best_window_arg_count	best_window_methyl_fraction_of_args	best_window_methyl_positions	canonical_UniProtAC	gene	q_value	max_log2_enrichment_for_protein
100	11	116	11	3.015	2.0	5.0	3.648424543946932	1.867273616511937	0.000999000999000999	55	145	15	0.7333333333333333	55,56,62,84,95,99,105,118,136,143,145	O60293	ZFC3H1	0.035464535464535464	1.867273616511937
10	5	151	4	1.112	1.0	2.0	3.597122302158273	1.8468432119385796	0.000999000999000999	2122	2132	4	1.0	2122,2128,2131,2132	O43497	CACNA1G	0.035464535464535464	1.8468432119385796
10	8	77	5	1.411	1.0	2.0	3.543586109142452	1.825210106952185	0.000999000999000999	1396	1403	5	1.0	1396,1398,1400,1401,1403	Q12888	TP53BP1	0.035464535464535464	1.825210106952185
50	4	226	4	1.131	1.0	2.0	3.5366931918656057	1.8224010706722666	0.000999000999000999	206	238	8	0.5	206,235,236,238	Q5CZC0	FSIP2	0.035464535464535464	1.8224010706722666
15	5	151	4	1.164	1.0	2.0	3.436426116838488	1.7809089417538033	0.000999000999000999	2122	2132	4	1.0	2122,2128,2131,2132	O43497	CACNA1G	0.035464535464535464	1.8468432119385796
30	5	270	4	1.166	1.0	2.0	3.430531732418525	1.7784322114615907	0.000999000999000999	540	563	4	1.0	540,544,553,563	Q9UKN7	MYO15A	0.035464535464535464	1.7784322114615907
20	6	327	4	1.167	1.0	2.0	3.427592116538132	1.7771954389547389	0.000999000999000999	8	25	4	1.0	8,18,19,25	Q8IZT6	ASPM	0.035464535464535464	1.7771954389547389
20	4	64	4	1.172	1.0	2.0	3.4129692832764507	1.7710274302398392	0.000999000999000999	628	645	4	1.0	628,635,640,645	Q68CZ2	TNS3	0.035464535464535464	1.7710274302398392
75	4	226	4	1.174	1.0	2.0	3.4071550255536627	1.768567591552035	0.000999000999000999	206	238	8	0.5	206,235,236,238	Q5CZC0	FSIP2	0.035464535464535464	1.8224010706722666
10	4	55	4	1.178	1.0	2.0	3.395585738539898	1.7636604608316264	0.000999000999000999	232	239	4	1.0	232,234,237,239	Q9HAU4	SMURF2	0.035464535464535464	1.7636604608316264
75	8	85	8	2.36	2.0	4.0	3.3898305084745766	1.7612131404128835	0.000999000999000999	207	270	8	1.0	207,210,211,218,234,238,254,270	Q99569	PKP4	0.035464535464535464	1.7612131404128835
20	5	151	4	1.199	1.0	2.0	3.3361134278565467	1.7381683412478632	0.000999000999000999	2122	2132	4	1.0	2122,2128,2131,2132	O43497	CACNA1G	0.035464535464535464	1.8468432119385796
5	8	77	4	1.215	1.0	2.0	3.2921810699588474	1.7190436861689435	0.000999000999000999	1396	1401	4	1.0	1396,1398,1400,1401	Q12888	TP53BP1	0.035464535464535464	1.825210106952185
100	4	226	4	1.215	1.0	2.0	3.2921810699588474	1.7190436861689435	0.000999000999000999	206	238	8	0.5	206,235,236,238	Q5CZC0	FSIP2	0.035464535464535464	1.8224010706722666
15	8	77	5	1.527	1.0	3.0	3.2743942370661427	1.711228032752598	0.000999000999000999	1396	1403	5	1.0	1396,1398,1400,1401,1403	Q12888	TP53BP1	0.035464535464535464	1.825210106952185
50	8	85	7	2.141	1.0	3.0	3.269500233535731	1.7090701263341816	0.000999000999000999	207	254	7	1.0	207,210,211,218,234,238,254	Q99569	PKP4	0.035464535464535464	1.7612131404128835
30	6	327	4	1.241	1.0	2.0	3.2232070910556	1.6884968845317303	0.000999000999000999	8	25	4	1.0	8,18,19,25	Q8IZT6	ASPM	0.035464535464535464	1.7771954389547389
15	4	55	4	1.258	1.0	2.0	3.179650238473768	1.6688680777827978	0.000999000999000999	232	239	4	1.0	232,234,237,239	Q9HAU4	SMURF2	0.035464535464535464	1.7636604608316264
30	5	151	4	1.263	1.0	2.0	3.1670625494853524	1.6631453608745348	0.000999000999000999	2122	2132	4	1.0	2122,2128,2131,2132	O43497	CACNA1G	0.035464535464535464	1.8468432119385796
50	5	270	4	1.264	1.0	2.0	3.1645569620253164	1.6620035364849841	0.000999000999000999	540	563	4	1.0	540,544,553,563	Q9UKN7	MYO15A	0.035464535464535464	1.7784322114615907
30	4	64	4	1.269	1.0	2.0	3.1520882584712373	1.6563079308209812	0.000999000999000999	628	645	4	1.0	628,635,640,645	Q68CZ2	TNS3	0.035464535464535464	1.7710274302398392
15	4	34	4	1.277	1.0	2.0	3.1323414252153485	1.6472414749593633	0.000999000999000999	631	642	4	1.0	631,633,641,642	Q8IWZ8	SUGP1	0.035464535464535464	1.6472414749593633
50	7	73	7	2.241	1.0	3.0	3.1236055332440875	1.643212273209298	0.000999000999000999	862	911	7	1.0	862,867,874,878,905,909,911	Q9P107	GMIP	0.035464535464535464	1.643212273209298
50	13	52	12	3.848	3.0	6.0	3.1185031185031185	1.6408537016132012	0.000999000999000999	570	616	12	1.0	570,572,574,576,577,580,587,592,594,604,606,616	P49959	MRE11A	0.035464535464535464	1.6408537016132012
100	8	85	8	2.579	2.0	4.0	3.1019775106630476	1.633188226872873	0.000999000999000999	207	270	8	1.0	207,210,211,218,234,238,254,270	Q99569	PKP4	0.035464535464535464	1.7612131404128835
100	7	80	7	2.27	1.0	4.0	3.0837004405286343	1.6246626245414137	0.000999000999000999	1784	1877	11	0.6363636363636364	1784,1809,1833,1843,1851,1859,1877	Q5JRA6	MIA3	0.035464535464535464	1.6246626245414137
30	5	55	5	1.624	1.0	3.0	3.0788177339901477	1.6223764623642731	0.000999000999000999	868	893	5	1.0	868,871,878,885,893	Q96EK7	FAM120B	0.035464535464535464	1.6223764623642731
20	8	77	5	1.638	1.0	3.0	3.0525030525030528	1.6099927379084409	0.000999000999000999	1396	1403	5	1.0	1396,1398,1400,1401,1403	Q12888	TP53BP1	0.035464535464535464	1.825210106952185
10	9	61	5	1.654	1.0	3.0	3.0229746070133015	1.595968860378175	0.000999000999000999	10	17	5	1.0	10,11,14,15,17	P33991	MCM4	0.035464535464535464	1.595968860378175
20	4	55	4	1.329	1.0	2.0	3.0097817908201656	1.5896588953859125	0.000999000999000999	232	239	4	1.0	232,234,237,239	Q9HAU4	SMURF2	0.035464535464535464	1.7636604608316264
75	11	111	7	2.348	2.0	4.0	2.981260647359455	1.575922513609639	0.000999000999000999	1854	1912	7	1.0	1854,1859,1862,1871,1899,1910,1912	Q93074	MED12	0.035464535464535464	1.575922513609639
50	7	108	6	2.021	1.0	3.0	2.9688273132112815	1.5698931790035078	0.000999000999000999	1378	1416	6	1.0	1378,1387,1395,1400,1405,1416	Q9P2R6	RERE	0.035464535464535464	1.5698931790035078
50	9	119	8	2.698	2.0	4.0	2.965159377316531	1.5681096517138196	0.000999000999000999	107	157	11	0.7272727272727273	107,118,120,128,130,149,153,157	Q6Y7W6	GIGYF2	0.035464535464535464	1.5681096517138196
5	4	226	3	1.016	1.0	1.0	2.952755905511811	1.5620620986110774	0.000999000999000999	235	238	3	1.0	235,236,238	Q5CZC0	FSIP2	0.035464535464535464	1.8224010706722666
75	7	84	7	2.375	2.0	4.0	2.9473684210526314	1.5594274086140185	0.000999000999000999	12	71	11	0.6363636363636364	12,13,44,47,61,69,71	Q96FS4	SIPA1	0.035464535464535464	1.5594274086140185
5	3	89	3	1.028	1.0	2.0	2.9182879377431905	1.545122236189365	0.000999000999000999	1187	1189	3	1.0	1187,1188,1189	Q15058	KIF14	0.035464535464535464	1.545122236189365
5	3	81	3	1.029	1.0	2.0	2.915451895043732	1.543719518489275	0.000999000999000999	688	693	3	1.0	688,689,693	Q9BZ76	CNTNAP3	0.035464535464535464	1.543719518489275
75	8	77	7	2.407	1.0	4.0	2.9081844619858743	1.540118780245194	0.000999000999000999	1338	1403	9	0.7777777777777778	1338,1355,1396,1398,1400,1401,1403	Q12888	TP53BP1	0.035464535464535464	1.825210106952185
50	4	64	4	1.379	1.0	2.0	2.9006526468455403	1.5363775431481066	0.000999000999000999	628	645	4	1.0	628,635,640,645	Q68CZ2	TNS3	0.035464535464535464	1.7710274302398392
5	9	61	4	1.382	1.0	2.0	2.8943560057887123	1.5332423842738288	0.000999000999000999	10	15	4	1.0	10,11,14,15	P33991	MCM4	0.035464535464535464	1.595968860378175
5	4	108	3	1.037	1.0	2.0	2.8929604628736745	1.5325466065700177	0.000999000999000999	1210	1213	3	1.0	1210,1212,1213	Q96L96	ALPK3	0.035464535464535464	1.5325466065700177
20	4	34	4	1.385	1.0	2.0	2.888086642599278	1.5301140237255364	0.000999000999000999	631	642	4	1.0	631,633,641,642	Q8IWZ8	SUGP1	0.035464535464535464	1.6472414749593633
75	11	116	8	2.772	2.0	5.0	2.886002886002886	1.5290727425248734	0.000999000999000999	55	118	11	0.7272727272727273	55,56,62,84,95,99,105,118	O60293	ZFC3H1	0.035464535464535464	1.867273616511937
5	4	144	3	1.04	1.0	2.0	2.8846153846153846	1.5283789723547887	0.000999000999000999	749	751	3	1.0	749,750,751	Q9BYB0	SHANK3	0.035464535464535464	1.5283789723547887
75	5	270	4	1.388	1.0	2.0	2.8818443804034586	1.5269924320838264	0.000999000999000999	540	563	4	1.0	540,544,553,563	Q9UKN7	MYO15A	0.035464535464535464	1.7784322114615907
50	6	327	4	1.389	1.0	2.0	2.8797696184305255	1.5259534006806945	0.000999000999000999	8	25	4	1.0	8,18,19,25	Q8IZT6	ASPM	0.035464535464535464	1.7771954389547389
10	3	105	3	1.044	1.0	2.0	2.8735632183908044	1.5228407888133586	0.000999000999000999	1375	1384	4	0.75	1375,1383,1384	O60241	ADGRB2	0.035464535464535464	1.5228407888133586
75	7	70	7	2.441	2.0	4.0	2.867677181482999	1.5198826269385373	0.000999000999000999	93	163	12	0.5833333333333334	93,95,119,142,154,161,163	Q13608	PEX6	0.035464535464535464	1.5198826269385373
75	7	80	6	2.094	1.0	3.0	2.865329512893983	1.5187010584524347	0.000999000999000999	1784	1859	10	0.6	1784,1809,1833,1843,1851,1859	Q5JRA6	MIA3	0.035464535464535464	1.6246626245414137
10	3	93	3	1.047	1.0	2.0	2.865329512893983	1.5187010584524347	0.000999000999000999	5	12	3	1.0	5,10,12	Q9P2K8	EIF2AK4	0.035464535464535464	1.5187010584524347
50	8	77	6	2.096	1.0	3.0	2.8625954198473282	1.517323783845793	0.000999000999000999	1355	1403	8	0.75	1355,1396,1398,1400,1401,1403	Q12888	TP53BP1	0.035464535464535464	1.825210106952185
50	11	116	7	2.446	2.0	4.0	2.861815208503679	1.5169305181923043	0.000999000999000999	55	105	9	0.7777777777777778	55,56,62,84,95,99,105	O60293	ZFC3H1	0.035464535464535464	1.867273616511937
10	3	90	3	1.053	1.0	2.0	2.8490028490028494	1.5104570643575266	0.000999000999000999	1099	1107	3	1.0	1099,1105,1107	A1L390	PLEKHG3	0.035464535464535464	1.5104570643575266
10	3	65	3	1.055	1.0	2.0	2.843601895734597	1.5077195017886957	0.000999000999000999	529	535	3	1.0	529,532,535	O75385	ULK1	0.035464535464535464	1.5077195017886957
10	3	50	3	1.055	1.0	2.0	2.843601895734597	1.5077195017886957	0.000999000999000999	456	464	3	1.0	456,463,464	P10253	GAA	0.035464535464535464	1.5077195017886957
10	3	81	3	1.058	1.0	2.0	2.835538752362949	1.5036228732692174	0.000999000999000999	688	693	3	1.0	688,689,693	Q9BZ76	CNTNAP3	0.035464535464535464	1.543719518489275
5	3	30	3	1.06	1.0	2.0	2.830188679245283	1.5008982359326817	0.000999000999000999	554	559	3	1.0	554,555,559	O60216	RAD21	0.035464535464535464	1.5008982359326817
30	4	41	4	1.415	1.0	2.0	2.8268551236749118	1.4991979469428425	0.000999000999000999	699	728	6	0.6666666666666666	699,713,721,728	P21399	ACO1	0.035464535464535464	1.4991979469428425
15	3	105	3	1.063	1.0	2.0	2.8222013170272815	1.4968209038521387	0.000999000999000999	1375	1384	4	0.75	1375,1383,1384	O60241	ADGRB2	0.035464535464535464	1.5228407888133586
5	5	151	3	1.067	1.0	2.0	2.8116213683223994	1.4914023245588184	0.000999000999000999	2128	2132	3	1.0	2128,2131,2132	O43497	CACNA1G	0.035464535464535464	1.8468432119385796
5	3	34	3	1.067	1.0	2.0	2.8116213683223994	1.4914023245588184	0.000999000999000999	217	222	3	1.0	217,219,222	Q9BZ67	FRMD8	0.035464535464535464	1.4914023245588184
15	3	93	3	1.067	1.0	2.0	2.8116213683223994	1.4914023245588184	0.000999000999000999	5	12	3	1.0	5,10,12	Q9P2K8	EIF2AK4	0.035464535464535464	1.5187010584524347
50	5	151	4	1.423	1.0	2.0	2.8109627547434997	1.4910643381356046	0.000999000999000999	2122	2132	4	1.0	2122,2128,2131,2132	O43497	CACNA1G	0.035464535464535464	1.8468432119385796
5	4	55	3	1.068	1.0	2.0	2.8089887640449436	1.4900508536956891	0.000999000999000999	232	237	3	1.0	232,234,237	Q9HAU4	SMURF2	0.035464535464535464	1.7636604608316264
10	3	69	3	1.068	1.0	2.0	2.8089887640449436	1.4900508536956891	0.000999000999000999	194	203	3	1.0	194,197,203	O15083	ERC2	0.035464535464535464	1.4900508536956891
15	3	90	3	1.069	1.0	2.0	2.8063610851262863	1.4887006476627527	0.000999000999000999	1099	1107	3	1.0	1099,1105,1107	A1L390	PLEKHG3	0.035464535464535464	1.5104570643575266
30	8	77	5	1.784	1.0	3.0	2.802690582959641	1.4868124796291446	0.000999000999000999	1396	1403	5	1.0	1396,1398,1400,1401,1403	Q12888	TP53BP1	0.035464535464535464	1.825210106952185
20	5	55	4	1.428	1.0	2.0	2.801120448179272	1.4860040206329874	0.000999000999000999	868	885	4	1.0	868,871,878,885	Q96EK7	FAM120B	0.035464535464535464	1.6223764623642731
30	13	52	9	3.214	2.0	5.0	2.8002489110143123	1.4855550724293056	0.000999000999000999	570	594	9	1.0	570,572,574,576,577,580,587,592,594	P49959	MRE11A	0.035464535464535464	1.6408537016132012
10	4	108	3	1.073	1.0	2.0	2.7958993476234855	1.4833124246267213	0.000999000999000999	1210	1213	3	1.0	1210,1212,1213	Q96L96	ALPK3	0.035464535464535464	1.5325466065700177
75	11	53	10	3.588	2.0	5.0	2.7870680044593086	1.478748204630188	0.000999000999000999	665	729	10	1.0	665,674,688,693,705,707,710,723,726,729	Q96QC0	PPP1R10	0.035464535464535464	1.478748204630188
50	15	127	10	3.592	2.0	5.0	2.7839643652561246	1.4771407448083023	0.000999000999000999	732	773	12	0.8333333333333334	732,733,740,741,749,756,757,765,772,773	Q8IXT5	RBM12B	0.035464535464535464	1.4771407448083023
15	8	85	4	1.437	1.0	2.0	2.7835768963117604	1.4769399382047506	0.000999000999000999	207	218	4	1.0	207,210,211,218	Q99569	PKP4	0.035464535464535464	1.7612131404128835
15	3	65	3	1.08	1.0	2.0	2.7777777777777777	1.4739311883324122	0.000999000999000999	529	535	3	1.0	529,532,535	O75385	ULK1	0.035464535464535464	1.5077195017886957
15	3	81	3	1.082	1.0	2.0	2.7726432532347505	1.471262001556428	0.000999000999000999	688	693	3	1.0	688,689,693	Q9BZ76	CNTNAP3	0.035464535464535464	1.543719518489275
10	3	30	3	1.083	1.0	2.0	2.770083102493075	1.4699292577749161	0.000999000999000999	554	559	3	1.0	554,555,559	O60216	RAD21	0.035464535464535464	1.5008982359326817
75	7	73	7	2.527	2.0	4.0	2.7700831024930745	1.469929257774916	0.000999000999000999	862	911	7	1.0	862,867,874,878,905,909,911	Q9P107	GMIP	0.035464535464535464	1.643212273209298
5	5	98	3	1.085	1.0	2.0	2.7649769585253456	1.4672674580514016	0.000999000999000999	1363	1367	3	1.0	1363,1365,1367	Q96MS0	ROBO3	0.035464535464535464	1.4672674580514016
30	8	85	5	1.813	1.0	3.0	2.7578599007170435	1.4635491698052914	0.000999000999000999	207	234	5	1.0	207,210,211,218,234	Q99569	PKP4	0.035464535464535464	1.7612131404128835
10	6	327	3	1.088	1.0	2.0	2.7573529411764706	1.4632839441329037	0.000999000999000999	18	25	3	1.0	18,19,25	Q8IZT6	ASPM	0.035464535464535464	1.7771954389547389
15	5	270	3	1.089	1.0	2.0	2.7548209366391188	1.4619585466663365	0.000999000999000999	540	553	3	1.0	540,544,553	Q9UKN7	MYO15A	0.035464535464535464	1.7784322114615907
5	3	24	3	1.091	1.0	2.0	2.749770852428964	1.459311399059636	0.000999000999000999	109	113	3	1.0	109,111,113	Q01094	E2F1	0.035464535464535464	1.459311399059636
20	7	71	5	1.819	1.0	3.0	2.748763056624519	1.4587825518979631	0.000999000999000999	138	155	6	0.8333333333333334	138,145,149,153,155	Q659C4	LARP1B	0.035464535464535464	1.4587825518979631
20	6	23	6	2.183	1.0	4.0	2.7485112230874944	1.4586503703924523	0.000999000999000999	5	24	6	1.0	5,7,9,12,16,24	Q12905	ILF2	0.035464535464535464	1.4586503703924523
20	6	77	5	1.82	1.0	3.0	2.7472527472527473	1.4579896444633909	0.000999000999000999	43	63	5	1.0	43,54,56,62,63	Q9H307	PNN	0.035464535464535464	1.4579896444633909
15	3	68	3	1.092	1.0	2.0	2.7472527472527473	1.4579896444633909	0.000999000999000999	1313	1326	3	1.0	1313,1318,1326	O75882	ATRN	0.035464535464535464	1.4579896444633909
20	3	93	3	1.092	1.0	2.0	2.7472527472527473	1.4579896444633909	0.000999000999000999	5	12	3	1.0	5,10,12	Q9P2K8	EIF2AK4	0.035464535464535464	1.5187010584524347
50	14	65	9	3.28	2.0	5.0	2.7439024390243905	1.4562291865989534	0.000999000999000999	964	1006	9	1.0	964,967,982,984,986,995,999,1002,1006	Q9NZB2	FAM120A	0.035464535464535464	1.4562291865989534
20	3	90	3	1.094	1.0	2.0	2.742230347349177	1.4553497625906866	0.000999000999000999	1099	1107	3	1.0	1099,1105,1107	A1L390	PLEKHG3	0.035464535464535464	1.5104570643575266
100	17	64	12	4.381	3.0	7.0	2.7391006619493266	1.4537022860602926	0.000999000999000999	1162	1261	13	0.9230769230769231	1162,1169,1173,1177,1190,1196,1203,1221,1240,1248,1250,1261	Q15596	NCOA2	0.035464535464535464	1.4537022860602926
100	20	250	8	2.921	2.0	4.0	2.738788086271825	1.4535376418329085	0.000999000999000999	2211	2289	9	0.8888888888888888	2211,2226,2228,2235,2240,2267,2277,2289	Q8NEZ4	MLL3	0.035464535464535464	1.4535376418329085
10	4	64	3	1.097	1.0	2.0	2.7347310847766635	1.4513989749800502	0.000999000999000999	635	645	3	1.0	635,640,645	Q68CZ2	TNS3	0.035464535464535464	1.7710274302398392
100	12	68	10	3.657	3.0	5.0	2.7344818156959256	1.451267468208081	0.000999000999000999	1038	1127	12	0.8333333333333334	1038,1044,1053,1059,1073,1084,1102,1103,1119,1127	Q5T0Z8	C6orf132	0.035464535464535464	1.451267468208081
15	7	30	6	2.195	1.0	3.0	2.7334851936218683	1.450741560960523	0.000999000999000999	29	43	6	1.0	29,35,37,38,41,43	Q96LA8	PRMT6	0.035464535464535464	1.450741560960523
20	3	65	3	1.098	1.0	2.0	2.73224043715847	1.4500844463780445	0.000999000999000999	243	259	3	1.0	243,252,259	O95835	LATS1	0.035464535464535464	1.4500844463780445
15	3	50	3	1.099	1.0	2.0	2.72975432211101	1.448771114434012	0.000999000999000999	456	464	3	1.0	456,463,464	P10253	GAA	0.035464535464535464	1.5077195017886957
20	3	81	3	1.101	1.0	2.0	2.7247956403269757	1.4461480318188744	0.000999000999000999	688	693	3	1.0	688,689,693	Q9BZ76	CNTNAP3	0.035464535464535464	1.543719518489275
30	7	84	5	1.836	1.0	3.0	2.7233115468409586	1.4453620361356414	0.000999000999000999	44	71	6	0.8333333333333334	44,47,61,69,71	Q96FS4	SIPA1	0.035464535464535464	1.5594274086140185
20	3	68	3	1.103	1.0	2.0	2.71985494106981	1.4435297097918607	0.000999000999000999	1313	1326	3	1.0	1313,1318,1326	O75882	ATRN	0.035464535464535464	1.4579896444633909
100	17	166	9	3.318	2.0	5.0	2.7124773960216997	1.439611115148536	0.000999000999000999	1616	1716	9	1.0	1616,1625,1639,1653,1671,1682,1706,1711,1716	Q9Y618	NCOR2	0.035464535464535464	1.439611115148536
100	7	84	7	2.583	2.0	4.0	2.7100271002710024	1.4383072786016908	0.000999000999000999	12	71	11	0.6363636363636364	12,13,44,47,61,69,71	Q96FS4	SIPA1	0.035464535464535464	1.5594274086140185
75	5	136	4	1.477	1.0	3.0	2.708192281651997	1.4373301738972977	0.000999000999000999	1761	1818	6	0.6666666666666666	1761,1775,1786,1818	Q8IWI9	MGA	0.035464535464535464	1.4373301738972977
15	9	61	5	1.848	1.0	3.0	2.7056277056277054	1.4359633381333916	0.000999000999000999	10	17	5	1.0	10,11,14,15,17	P33991	MCM4	0.035464535464535464	1.595968860378175
20	5	270	3	1.109	1.0	2.0	2.7051397655545535	1.4357031352215333	0.000999000999000999	540	553	3	1.0	540,544,553	Q9UKN7	MYO15A	0.035464535464535464	1.7784322114615907
50	8	47	7	2.588	2.0	4.0	2.7047913446676968	1.4355173047271834	0.000999000999000999	670	709	9	0.7777777777777778	670,672,683,693,695,707,709	Q9NYL2	MAP3K20	0.035464535464535464	1.4355173047271834
100	19	74	13	4.819	3.0	7.0	2.6976551151691224	1.43170591706319	0.000999000999000999	1154	1253	13	1.0	1154,1160,1166,1174,1175,1207,1219,1223,1227,1235,1242,1249,1253	Q08211	DHX9	0.035464535464535464	1.43170591706319
15	4	108	3	1.113	1.0	2.0	2.6954177897574123	1.4305089080412836	0.000999000999000999	1210	1213	3	1.0	1210,1212,1213	Q96L96	ALPK3	0.035464535464535464	1.5325466065700177
20	6	42	5	1.857	1.0	3.0	2.6925148088314486	1.4289542796140287	0.000999000999000999	87	103	5	1.0	87,95,97,99,103	O15371	EIF3D	0.035464535464535464	1.4289542796140287
20	3	50	3	1.116	1.0	2.0	2.6881720430107525	1.4266254735540556	0.000999000999000999	456	464	3	1.0	456,463,464	P10253	GAA	0.035464535464535464	1.5077195017886957
50	7	80	5	1.863	1.0	3.0	2.6838432635534084	1.4243004206078118	0.000999000999000999	1809	1859	8	0.625	1809,1833,1843,1851,1859	Q5JRA6	MIA3	0.035464535464535464	1.6246626245414137
30	4	55	4	1.492	1.0	2.0	2.680965147453083	1.4227524644068492	0.000999000999000999	232	239	4	1.0	232,234,237,239	Q9HAU4	SMURF2	0.035464535464535464	1.7636604608316264
10	4	69	3	1.12	1.0	2.0	2.6785714285714284	1.4214637684382767	0.000999000999000999	204	214	3	1.0	204,212,214	Q8IX01	SUGP2	0.035464535464535464	1.4214637684382767
30	4	34	4	1.494	1.0	3.0	2.677376171352075	1.4208198518728499	0.000999000999000999	631	642	4	1.0	631,633,641,642	Q8IWZ8	SUGP1	0.035464535464535464	1.6472414749593633
10	3	26	3	1.121	1.0	2.0	2.6761819803746656	1.4201762225778165	0.000999000999000999	7	17	3	1.0	7,15,17	Q96C92	SDCCAG3	0.035464535464535464	1.4201762225778165
100	11	111	7	2.617	2.0	4.0	2.6748184944593048	1.4194409976716564	0.000999000999000999	1854	1912	7	1.0	1854,1859,1862,1871,1899,1910,1912	Q93074	MED12	0.035464535464535464	1.575922513609639
100	8	77	7	2.618	2.0	4.0	2.6737967914438503	1.4188898247744504	0.000999000999000999	1338	1403	9	0.7777777777777778	1338,1355,1396,1398,1400,1401,1403	Q12888	TP53BP1	0.035464535464535464	1.825210106952185
5	4	40	3	1.125	1.0	2.0	2.6666666666666665	1.4150374992788437	0.000999000999000999	357	359	3	1.0	357,358,359	Q6P6C2	ALKBH5	0.035464535464535464	1.4150374992788437
75	5	88	5	1.876	1.0	3.0	2.6652452025586357	1.414268267034073	0.000999000999000999	1231	1283	11	0.45454545454545453	1231,1243,1245,1280,1283	P19174	PLCG1	0.035464535464535464	1.414268267034073
5	3	18	3	1.126	1.0	2.0	2.664298401420959	1.4137556733030137	0.000999000999000999	197	201	3	1.0	197,199,201	O43347	MSI1	0.035464535464535464	1.4137556733030137
75	5	98	5	1.879	1.0	3.0	2.660989888238425	1.411963028129394	0.000999000999000999	1314	1367	9	0.5555555555555556	1314,1334,1363,1365,1367	Q96MS0	ROBO3	0.035464535464535464	1.4672674580514016
75	13	52	12	4.521	3.0	7.0	2.6542800265428004	1.408320583064263	0.000999000999000999	570	616	12	1.0	570,572,574,576,577,580,587,592,594,604,606,616	P49959	MRE11A	0.035464535464535464	1.6408537016132012
75	7	108	6	2.261	1.0	4.0	2.6536930561698364	1.4080015086317141	0.000999000999000999	1378	1416	6	1.0	1378,1387,1395,1400,1405,1416	Q9P2R6	RERE	0.035464535464535464	1.5698931790035078
10	13	52	6	2.274	1.0	4.0	2.638522427440633	1.3997302464909953	0.000999000999000999	570	580	6	1.0	570,572,574,576,577,580	P49959	MRE11A	0.035464535464535464	1.6408537016132012
20	3	47	3	1.138	1.0	2.0	2.6362038664323375	1.3984619430766614	0.000999000999000999	612	631	3	1.0	612,617,631	P22681	CBL	0.035464535464535464	1.3984619430766614
10	6	77	4	1.52	1.0	2.0249999999999773	2.6315789473684212	1.3959286763311394	0.000999000999000999	54	63	4	1.0	54,56,62,63	Q9H307	PNN	0.035464535464535464	1.4579896444633909
75	4	64	4	1.525	1.0	3.0	2.6229508196721314	1.3911907573244762	0.000999000999000999	628	645	4	1.0	628,635,640,645	Q68CZ2	TNS3	0.035464535464535464	1.7710274302398392
20	7	30	6	2.288	1.0	4.0	2.6223776223776225	1.3908754486048538	0.000999000999000999	29	43	6	1.0	29,35,37,38,41,43	Q96LA8	PRMT6	0.035464535464535464	1.450741560960523
15	7	58	4	1.526	1.0	3.0	2.621231979030144	1.3902450378275564	0.000999000999000999	1308	1323	4	1.0	1308,1317,1322,1323	Q96PC5	CTAGE5	0.035464535464535464	1.3902450378275564
15	8	280	4	1.529	1.0	3.0	2.616088947024199	1.3874115933012825	0.000999000999000999	607	618	4	1.0	607,611,614,618	Q5T200	ZC3H13	0.035464535464535464	1.3874115933012825
10	6	42	4	1.529	1.0	3.0	2.616088947024199	1.3874115933012825	0.000999000999000999	95	103	4	1.0	95,97,99,103	O15371	EIF3D	0.035464535464535464	1.4289542796140287
75	20	250	7	2.687	2.0	4.0	2.6051358392259027	1.3813586007065253	0.000999000999000999	2211	2277	8	0.875	2211,2226,2228,2235,2240,2267,2277	Q8NEZ4	MLL3	0.035464535464535464	1.4535376418329085
50	22	164	9	3.459	2.0	5.0	2.6019080659150045	1.3795699877314713	0.000999000999000999	1065	1113	11	0.8181818181818182	1065,1067,1069,1077,1079,1097,1108,1110,1113	Q5JSZ5	PRRC2B	0.035464535464535464	1.3795699877314713
10	5	28	4	1.542	1.0	3.0	2.594033722438392	1.375197234747053	0.000999000999000999	500	510	4	1.0	500,504,507,510	Q9BZZ5	API5	0.035464535464535464	1.375197234747053
100	14	65	11	4.242	3.0	6.0	2.593116454502593	1.3746869977688292	0.000999000999000999	908	1006	14	0.7857142857142857	908,911,964,967,982,984,986,995,999,1002,1006	Q9NZB2	FAM120A	0.035464535464535464	1.4562291865989534
50	5	55	5	1.93	1.0	3.0	2.5906735751295336	1.3733272473940066	0.000999000999000999	868	893	5	1.0	868,871,878,885,893	Q96EK7	FAM120B	0.035464535464535464	1.6223764623642731
75	4	84	4	1.545	1.0	3.0	2.5889967637540456	1.3723931618703502	0.000999000999000999	950	1006	7	0.5714285714285714	950,972,977,1006	Q9NRJ4	TULP4	0.035464535464535464	1.3723931618703502
30	14	65	7	2.706	2.0	4.0	2.5868440502586845	1.371193082743154	0.000999000999000999	982	1006	7	1.0	982,984,986,995,999,1002,1006	Q9NZB2	FAM120A	0.035464535464535464	1.4562291865989534
50	11	53	8	3.105	2.0	5.0	2.576489533011272	1.3654067315542433	0.000999000999000999	688	729	8	1.0	688,693,705,707,710,723,726,729	Q96QC0	PPP1R10	0.035464535464535464	1.478748204630188
75	5	151	4	1.553	1.0	3.0	2.5756600128783003	1.364942170274786	0.000999000999000999	2122	2132	4	1.0	2122,2128,2131,2132	O43497	CACNA1G	0.035464535464535464	1.8468432119385796
75	15	127	11	4.272	3.0	6.0	2.5749063670411982	1.3645199716118301	0.000999000999000999	732	788	15	0.7333333333333333	732,733,740,741,749,756,757,765,772,773,788	Q8IXT5	RBM12B	0.035464535464535464	1.4771407448083023
75	9	119	8	3.111	2.0	5.0	2.5715204114432657	1.3626216051277051	0.000999000999000999	107	157	11	0.7272727272727273	107,118,120,128,130,149,153,157	Q6Y7W6	GIGYF2	0.035464535464535464	1.5681096517138196
100	7	70	7	2.729	2.0	4.0	2.5650421399780137	1.3589825274455505	0.000999000999000999	93	163	12	0.5833333333333334	93,95,119,142,154,161,163	Q13608	PEX6	0.035464535464535464	1.5198826269385373
100	17	92	11	4.294	3.0	7.0	2.56171401956218	1.3571094274406112	0.000999000999000999	1719	1808	15	0.7333333333333333	1719,1723,1734,1741,1749,1773,1775,1793,1803,1805,1808	Q69YN4	VIRMA	0.035464535464535464	1.3571094274406112
15	7	61	4	1.571	1.0	2.0249999999999773	2.5461489497135585	1.348316819367891	0.000999000999000999	849	862	4	1.0	849,850,857,862	P50570	DNM3	0.035464535464535464	1.348316819367891
5	8	85	3	1.181	1.0	2.0	2.540220152413209	1.3449535359860858	0.000999000999000999	207	211	3	1.0	207,210,211	Q99569	PKP4	0.035464535464535464	1.7612131404128835
30	3	50	3	1.182	1.0	2.0	2.5380710659898478	1.3437324652057108	0.000999000999000999	456	464	3	1.0	456,463,464	P10253	GAA	0.035464535464535464	1.5077195017886957
30	7	80	4	1.583	1.0	2.0	2.5268477574226154	1.3373387445249059	0.000999000999000999	1833	1859	4	1.0	1833,1843,1851,1859	Q5JRA6	MIA3	0.035464535464535464	1.6246626245414137
100	5	136	4	1.583	1.0	3.0	2.5268477574226154	1.3373387445249059	0.000999000999000999	1761	1818	6	0.6666666666666666	1761,1775,1786,1818	Q8IWI9	MGA	0.035464535464535464	1.4373301738972977
100	11	53	10	3.976	3.0	6.0	2.515090543259557	1.3306103379871632	0.000999000999000999	665	729	10	1.0	665,674,688,693,705,707,710,723,726,729	Q96QC0	PPP1R10	0.035464535464535464	1.478748204630188
10	5	55	3	1.193	1.0	2.0	2.5146689019279127	1.330368457688015	0.000999000999000999	868	878	3	1.0	868,871,878	Q96EK7	FAM120B	0.035464535464535464	1.6223764623642731
20	14	65	6	2.39	2.0	4.0	2.510460251046025	1.3279518825151322	0.000999000999000999	982	1002	6	1.0	982,984,986,995,999,1002	Q9NZB2	FAM120A	0.035464535464535464	1.4562291865989534
50	12	83	7	2.792	2.0	4.0	2.507163323782235	1.326055980510039	0.000999000999000999	334	375	12	0.5833333333333334	334,340,344,346,348,366,375	Q6PKG0	LARP1	0.035464535464535464	1.326055980510039
20	13	52	7	2.795	2.0	4.0	2.5044722719141324	1.3245066389891387	0.000999000999000999	570	587	7	1.0	570,572,574,576,577,580,587	P49959	MRE11A	0.035464535464535464	1.6408537016132012
75	12	68	8	3.199	2.0	5.0	2.500781494216943	1.3223790075464132	0.000999000999000999	1038	1103	9	0.8888888888888888	1038,1044,1053,1059,1073,1084,1102,1103	Q5T0Z8	C6orf132	0.035464535464535464	1.451267468208081
15	7	80	5	2.003	1.0	3.0	2.4962556165751373	1.3197656737367418	0.000999000999000999	855	870	5	1.0	855,857,862,864,870	Q5T8P6	RBM26	0.035464535464535464	1.3197656737367418
10	7	30	5	2.015	1.0	3.0	2.4813895781637716	1.3111482561341197	0.000999000999000999	35	43	5	1.0	35,37,38,41,43	Q96LA8	PRMT6	0.035464535464535464	1.450741560960523
30	6	23	6	2.424	2.0	4.0	2.4752475247524752	1.3075728019102923	0.000999000999000999	5	24	6	1.0	5,7,9,12,16,24	Q12905	ILF2	0.035464535464535464	1.4586503703924523
100	7	73	7	2.829	2.0	4.0	2.4743725698126546	1.3070627453234385	0.000999000999000999	862	911	7	1.0	862,867,874,878,905,909,911	Q9P107	GMIP	0.035464535464535464	1.643212273209298
100	5	88	5	2.022	1.0	3.0	2.4727992087042536	1.306145097646435	0.000999000999000999	1231	1283	11	0.45454545454545453	1231,1243,1245,1280,1283	P19174	PLCG1	0.035464535464535464	1.414268267034073
50	4	60	4	1.618	1.0	3.0	2.472187886279357	1.3057883922321094	0.000999000999000999	584	628	7	0.5714285714285714	584,589,594,628	Q7KZI7	MARK2	0.035464535464535464	1.3646325458416007
50	8	69	6	2.429	2.0	4.0	2.470152326060107	1.3046000107473783	0.000999000999000999	13	48	6	1.0	13,20,28,30,41,48	O14776	TCERG1	0.035464535464535464	1.3046000107473783
100	12	83	9	3.656	3.0	5.0	2.4617067833698028	1.2996589310463296	0.000999000999000999	271	366	15	0.6	271,274,285,334,340,344,346,348,366	Q6PKG0	LARP1	0.035464535464535464	1.326055980510039
30	15	127	7	2.846	2.0	4.0	2.459592410400562	1.2984192601932087	0.000999000999000999	732	757	8	0.875	732,733,740,741,749,756,757	Q8IXT5	RBM12B	0.035464535464535464	1.4771407448083023
30	6	77	5	2.033	1.0	3.0	2.459419576979833	1.298317879704717	0.000999000999000999	43	63	5	1.0	43,54,56,62,63	Q9H307	PNN	0.035464535464535464	1.4579896444633909
100	7	108	6	2.447	2.0	4.0	2.4519820187985286	1.2939483993038534	0.000999000999000999	1378	1416	6	1.0	1378,1387,1395,1400,1405,1416	Q9P2R6	RERE	0.035464535464535464	1.5698931790035078
100	21	72	14	5.711	4.0	8.0	2.451409560497286	1.2936115374633437	0.000999000999000999	847	946	14	1.0	847,851,864,870,880,883,895,921,922,925,928,933,936,946	Q9H0D6	XRN2	0.035464535464535464	1.2936115374633437
20	4	25	4	1.635	1.0	3.0	2.4464831804281344	1.290709364276642	0.000999000999000999	5	22	4	1.0	5,8,18,22	Q8IVB5	LIX1L	0.035464535464535464	1.290709364276642
20	7	58	4	1.639	1.0	3.0	2.4405125076266017	1.2871841455626283	0.000999000999000999	1308	1323	4	1.0	1308,1317,1322,1323	Q96PC5	CTAGE5	0.035464535464535464	1.3902450378275564
50	5	98	4	1.641	1.0	3.0	2.437538086532602	1.2854247611483742	0.000999000999000999	1334	1367	7	0.5714285714285714	1334,1363,1365,1367	Q96MS0	ROBO3	0.035464535464535464	1.4672674580514016
50	19	141	7	2.879	2.0	4.0	2.4313997915943037	1.2817871331562567	0.000999000999000999	2327	2359	8	0.875	2327,2333,2337,2343,2345,2354,2359	P12270	TPR	0.035464535464535464	1.2817871331562567
15	13	52	6	2.47	2.0	4.0	2.42914979757085	1.280451458911203	0.000999000999000999	570	580	6	1.0	570,572,574,576,577,580	P49959	MRE11A	0.035464535464535464	1.6408537016132012
75	8	280	6	2.472	2.0	4.0	2.4271844660194173	1.2792837574788685	0.000999000999000999	564	618	10	0.6	564,566,607,611,614,618	Q5T200	ZC3H13	0.035464535464535464	1.3874115933012825
100	7	80	6	2.473	2.0	4.0	2.426202992317024	1.2787002609933056	0.000999000999000999	1078	1156	7	0.8571428571428571	1078,1080,1086,1096,1142,1156	O15357	INPPL1	0.035464535464535464	1.3309732344903693
20	7	65	4	1.652	1.0	3.0	2.4213075060532687	1.2757863132426417	0.000999000999000999	34	52	4	1.0	34,47,50,52	Q9H2U1	DHX36	0.035464535464535464	1.2757863132426417
30	4	46	4	1.652	1.0	3.0	2.4213075060532687	1.2757863132426417	0.000999000999000999	283	307	5	0.8	283,286,306,307	Q96F44	TRIM11	0.035464535464535464	1.2757863132426417
30	7	71	5	2.067	1.0	3.0	2.418964683115626	1.2743897061240017	0.000999000999000999	138	155	6	0.8333333333333334	138,145,149,153,155	Q659C4	LARP1B	0.035464535464535464	1.4587825518979631
100	9	51	7	2.901	2.0	4.0	2.4129610479145125	1.270804626521694	0.000999000999000999	515	604	8	0.875	515,535,555,577,591,598,604	Q9UPN9	TRIM33	0.035464535464535464	1.270804626521694
30	19	141	6	2.489	2.0	4.0	2.4106066693451185	1.2693962704022075	0.000999000999000999	2327	2354	7	0.8571428571428571	2327,2333,2337,2343,2345,2354	P12270	TPR	0.035464535464535464	1.2817871331562567
20	8	37	5	2.075	1.0	3.0	2.4096385542168672	1.2688167584277998	0.000999000999000999	124	144	5	1.0	124,127,138,139,144	Q9Y285	FARSA	0.035464535464535464	1.2688167584277998
50	12	62	10	4.152	3.0	6.0	2.4084778420038533	1.2681216511915685	0.000999000999000999	94	135	10	1.0	94,102,107,110,121,128,130,131,133,135	Q9Y3X0	CCDC9	0.035464535464535464	1.2681216511915685
30	7	80	6	2.492	1.0	4.0	2.407704654895666	1.2676584323592412	0.000999000999000999	855	878	9	0.6666666666666666	855,857,862,864,870,878	Q5T8P6	RBM26	0.035464535464535464	1.3197656737367418
75	14	65	9	3.742	3.0	6.0	2.405130946018172	1.2661154428636152	0.000999000999000999	964	1006	9	1.0	964,967,982,984,986,995,999,1002,1006	Q9NZB2	FAM120A	0.035464535464535464	1.4562291865989534
20	8	280	4	1.664	1.0	3.0	2.4038461538461537	1.2653445665209948	0.000999000999000999	607	618	4	1.0	607,611,614,618	Q5T200	ZC3H13	0.035464535464535464	1.3874115933012825
50	8	34	7	2.913	2.0	4.0	2.403020940611054	1.264849220579343	0.000999000999000999	379	410	7	1.0	379,381,383,389,394,405,410	A0AV96	RBM47	0.035464535464535464	1.264849220579343
30	8	34	6	2.502	2.0	4.0	2.3980815347721824	1.2618807112174235	0.000999000999000999	379	405	6	1.0	379,381,383,389,394,405	A0AV96	RBM47	0.035464535464535464	1.264849220579343
30	6	42	5	2.088	1.0	3.0	2.3946360153256703	1.2598063829795647	0.000999000999000999	87	103	5	1.0	87,95,97,99,103	O15371	EIF3D	0.035464535464535464	1.4289542796140287
30	7	30	6	2.508	2.0	4.0	2.3923444976076556	1.2584251525812042	0.000999000999000999	29	43	6	1.0	29,35,37,38,41,43	Q96LA8	PRMT6	0.035464535464535464	1.450741560960523
30	8	69	5	2.092	1.0	3.0	2.390057361376673	1.257045243302508	0.000999000999000999	13	41	5	1.0	13,20,28,30,41	O14776	TCERG1	0.035464535464535464	1.3046000107473783
75	17	92	9	3.771	2.0	6.0	2.3866348448687353	1.2549778509627356	0.000999000999000999	1734	1808	13	0.6923076923076923	1734,1741,1749,1773,1775,1793,1803,1805,1808	Q69YN4	VIRMA	0.035464535464535464	1.3571094274406112
50	11	111	5	2.098	1.0	3.0	2.3832221163012393	1.2529134169721818	0.000999000999000999	1854	1899	5	1.0	1854,1859,1862,1871,1899	Q93074	MED12	0.035464535464535464	1.575922513609639
30	5	17	5	2.104	1.0	3.0	2.376425855513308	1.248793390257147	0.000999000999000999	390	419	6	0.8333333333333334	390,398,409,415,419	Q15427	SF3B4	0.035464535464535464	1.248793390257147
75	10	29	10	4.211	3.0	6.0	2.3747328425552126	1.2477652193803555	0.000999000999000999	7	80	10	1.0	7,13,15,17,21,40,42,60,63,80	Q9H074	PAIP1	0.035464535464535464	1.2477652193803555
15	8	34	5	2.106	1.0	3.0	2.3741690408357075	1.2474226585237325	0.000999000999000999	379	394	5	1.0	379,381,383,389,394	A0AV96	RBM47	0.035464535464535464	1.264849220579343
100	18	146	8	3.371	2.0	5.0	2.373183031741323	1.2468233726778768	0.000999000999000999	5	92	13	0.6153846153846154	5,7,40,42,63,68,74,92	Q12830	BPTF	0.035464535464535464	1.2468233726778768
100	7	123	5	2.109	1.0	3.0	2.370791844476055	1.245368999755758	0.000999000999000999	1700	1781	9	0.5555555555555556	1700,1706,1710,1770,1781	Q9HCD6	TANC2	0.035464535464535464	1.3219280948873624
50	7	80	7	2.96	2.0	5.0	2.364864864864865	1.241757746203379	0.000999000999000999	835	878	12	0.5833333333333334	835,855,857,862,864,870,878	Q5T8P6	RBM26	0.035464535464535464	1.3197656737367418
30	11	53	6	2.539	2.0	4.0	2.3631350925561243	1.2407021057357375	0.000999000999000999	705	729	6	1.0	705,707,710,723,726,729	Q96QC0	PPP1R10	0.035464535464535464	1.478748204630188
20	7	61	4	1.694	1.0	3.0	2.3612750885478158	1.2395661253298884	0.000999000999000999	849	862	4	1.0	849,850,857,862	P50570	DNM3	0.035464535464535464	1.348316819367891
50	6	43	6	2.541	2.0	4.0	2.3612750885478158	1.2395661253298884	0.000999000999000999	414	445	10	0.6	414,418,431,435,442,445	Q9HCE5	METTL14	0.035464535464535464	1.2395661253298884
20	5	33	4	1.695	1.0	3.0	2.359882005899705	1.238714726638381	0.000999000999000999	9	26	4	1.0	9,18,25,26	Q9C073	FAM117A	0.035464535464535464	1.238714726638381
30	12	62	8	3.392	2.0	5.0	2.358490566037736	1.237863830098888	0.000999000999000999	107	135	8	1.0	107,110,121,128,130,131,133,135	Q9Y3X0	CCDC9	0.035464535464535464	1.2681216511915685
100	7	65	6	2.549	2.0	4.0	2.3538642604943116	1.2350311273610415	0.000999000999000999	11	90	10	0.6	11,34,47,50,52,90	Q9H2U1	DHX36	0.035464535464535464	1.2757863132426417
100	4	84	4	1.7	1.0	3.0	2.3529411764705883	1.234465253637023	0.000999000999000999	950	1006	7	0.5714285714285714	950,972,977,1006	Q9NRJ4	TULP4	0.035464535464535464	1.3723931618703502
50	6	29	6	2.559	2.0	4.0	2.3446658851113713	1.2293823533437966	0.000999000999000999	16	52	8	0.75	16,18,21,23,37,52	Q8NFW8	CMAS	0.035464535464535464	1.2714263974406352
75	9	51	6	2.562	2.0	4.0	2.34192037470726	1.2276920250415966	0.000999000999000999	535	604	7	0.8571428571428571	535,555,577,591,598,604	Q9UPN9	TRIM33	0.035464535464535464	1.270804626521694
75	6	29	6	2.565	2.0	4.0	2.3391812865497075	1.2260036748888268	0.000999000999000999	213	281	6	1.0	213,215,233,256,260,281	Q86UW9	DTX2	0.035464535464535464	1.2260036748888268
30	11	102	6	2.567	1.0	4.0	2.337358784573432	1.224879204807825	0.000999000999000999	26	54	6	1.0	26,33,41,47,49,54	Q14966	ZNF638	0.035464535464535464	1.224879204807825
75	8	47	7	3.003	2.0	5.0	2.331002331002331	1.2209504471625414	0.000999000999000999	670	709	9	0.7777777777777778	670,672,683,693,695,707,709	Q9NYL2	MAP3K20	0.035464535464535464	1.4355173047271834
100	19	172	8	3.434	2.0	5.0	2.3296447291788	1.2201099606599528	0.000999000999000999	1552	1650	9	0.8888888888888888	1552,1561,1576,1589,1628,1633,1638,1650	O75376	NCOR1	0.035464535464535464	1.2201099606599528
15	12	62	6	2.578	2.0	4.0	2.327385570209465	1.2187102370215925	0.000999000999000999	121	135	6	1.0	121,128,130,131,133,135	Q9Y3X0	CCDC9	0.035464535464535464	1.2681216511915685
30	5	30	5	2.152	1.0	4.0	2.323420074349442	1.2162500169928252	0.000999000999000999	149	177	6	0.8333333333333334	149,166,169,173,177	Q5T6F2	UBAP2	0.035464535464535464	1.2162500169928252
75	18	146	7	3.024	2.0	5.0	2.314814814814815	1.2108967824986185	0.000999000999000999	5	74	11	0.6363636363636364	5,7,40,42,63,68,74	Q12830	BPTF	0.035464535464535464	1.2468233726778768
20	11	111	4	1.728	1.0	3.0	2.314814814814815	1.2108967824986185	0.000999000999000999	1854	1871	4	1.0	1854,1859,1862,1871	Q93074	MED12	0.035464535464535464	1.575922513609639
100	13	52	12	5.193	4.0	8.0	2.3108030040439056	1.2083942752954486	0.000999000999000999	570	616	12	1.0	570,572,574,576,577,580,587,592,594,604,606,616	P49959	MRE11A	0.035464535464535464	1.6408537016132012
100	7	61	7	3.038	2.0	5.0	2.3041474654377883	1.204233052217608	0.000999000999000999	431	525	8	0.875	431,466,481,484,498,510,525	Q8TDC3	BRSK1	0.035464535464535464	1.204233052217608
100	9	119	8	3.477	2.0	5.0	2.300834052343975	1.2021569329344592	0.000999000999000999	107	157	11	0.7272727272727273	107,118,120,128,130,149,153,157	Q6Y7W6	GIGYF2	0.035464535464535464	1.5681096517138196
50	8	280	5	2.174	1.0	3.0	2.2999080036798527	1.2015761545221402	0.000999000999000999	564	614	9	0.5555555555555556	564,566,607,611,614	Q5T200	ZC3H13	0.035464535464535464	1.3874115933012825
75	6	48	5	2.174	1.0	3.0	2.2999080036798527	1.2015761545221402	0.000999000999000999	9	61	8	0.625	9,17,30,54,61	Q8WUM0	NUP133	0.035464535464535464	1.2015761545221402
30	20	250	5	2.175	1.0	3.0	2.298850574712644	1.2009126939259966	0.000999000999000999	2211	2240	5	1.0	2211,2226,2228,2235,2240	Q8NEZ4	MLL3	0.035464535464535464	1.4535376418329085
50	6	33	5	2.176	1.0	3.0	2.297794117647059	1.20024953829911	0.000999000999000999	608	652	5	1.0	608,610,612,617,652	Q96SI9	STRBP	0.035464535464535464	1.4064071941354037
75	6	42	6	2.618	2.0	4.0	2.291825821237586	1.1964974034380025	0.000999000999000999	302	370	7	0.8571428571428571	302,328,335,338,354,370	P48382	RFX5	0.035464535464535464	1.1964974034380025
20	7	80	5	2.201	1.0	4.0	2.271694684234439	1.1837689496578923	0.000999000999000999	855	870	5	1.0	855,857,862,864,870	Q5T8P6	RBM26	0.035464535464535464	1.3197656737367418
75	7	26	7	3.086	2.0	5.0	2.268308489954634	1.1816168601489563	0.000999000999000999	103	168	8	0.875	103,117,137,156,158,165,168	Q9NR12	PDLIM7	0.035464535464535464	1.1816168601489563
100	15	127	11	4.852	3.0	7.0	2.2671063478977738	1.180852068178874	0.000999000999000999	732	788	15	0.7333333333333333	732,733,740,741,749,756,757,765,772,773,788	Q8IXT5	RBM12B	0.035464535464535464	1.4771407448083023
75	7	61	6	2.665	2.0	4.0	2.25140712945591	1.170826967736705	0.000999000999000999	466	525	6	1.0	466,481,484,498,510,525	Q8TDC3	BRSK1	0.035464535464535464	1.204233052217608
50	7	30	7	3.114	2.0	5.0	2.24791265253693	1.1685859776406542	0.000999000999000999	7	43	7	1.0	7,29,35,37,38,41,43	Q96LA8	PRMT6	0.035464535464535464	1.450741560960523
50	8	43	6	2.679	2.0	4.0	2.239641657334827	1.1632679195408644	0.000999000999000999	426	475	8	0.75	426,430,437,461,469,475	Q9H361	PABPC3	0.035464535464535464	1.1632679195408644
100	9	117	7	3.126	2.0	5.0	2.239283429302623	1.1630371437200266	0.000999000999000999	166	260	20	0.35	166,176,178,188,238,258,260	P78332	RBM6	0.035464535464535464	1.1630371437200266
50	10	29	8	3.58	2.0	5.0	2.2346368715083798	1.1600404125104682	0.000999000999000999	13	63	8	1.0	13,15,17,21,40,42,60,63	Q9H074	PAIP1	0.035464535464535464	1.2477652193803555
75	22	164	9	4.038	3.0	6.0	2.2288261515601784	1.1562840907729262	0.000999000999000999	1065	1113	11	0.8181818181818182	1065,1067,1069,1077,1079,1097,1108,1110,1113	Q5JSZ5	PRRC2B	0.035464535464535464	1.3795699877314713
75	5	35	5	2.249	1.0	3.0	2.223210315695865	1.1526444337716326	0.000999000999000999	570	634	8	0.625	570,571,602,615,634	Q5PRF9	SAMD4B	0.035464535464535464	1.1526444337716326
30	5	16	5	2.25	1.0	3.0	2.2222222222222223	1.15200309344505	0.000999000999000999	204	231	5	1.0	204,205,214,219,231	Q92530	PSMF1	0.035464535464535464	1.15200309344505
100	7	61	6	2.713	2.0	4.0	2.2115739034279396	1.145073453101377	0.000999000999000999	780	862	9	0.6666666666666666	780,785,849,850,857,862	P50570	DNM3	0.035464535464535464	1.348316819367891
50	6	42	5	2.264	1.0	3.0	2.208480565371025	1.143054136717567	0.000999000999000999	328	370	5	1.0	328,335,338,354,370	P48382	RFX5	0.035464535464535464	1.1964974034380025
30	8	47	5	2.268	1.0	4.0	2.2045855379188715	1.1405074546072207	0.000999000999000999	670	695	7	0.7142857142857143	670,672,683,693,695	Q9NYL2	MAP3K20	0.035464535464535464	1.4355173047271834
75	21	72	11	4.992	4.0	7.0	2.203525641025641	1.1398136844371358	0.000999000999000999	864	936	11	1.0	864,870,880,883,895,921,922,925,928,933,936	Q9H0D6	XRN2	0.035464535464535464	1.2936115374633437
30	6	34	5	2.271	1.0	3.0	2.2016732716864817	1.1386003888425615	0.000999000999000999	479	508	5	1.0	479,481,498,504,508	Q9Y3I1	FBXO7	0.035464535464535464	1.1386003888425615
20	10	56	7	3.198	2.0	5.0	2.188868042526579	1.1301849832393591	0.000999000999000999	73	93	9	0.7777777777777778	73,75,80,82,88,92,93	Q13243	SRSF5	0.035464535464535464	1.1301849832393591
75	8	59	6	2.753	2.0	4.0	2.179440610243371	1.1239578907876822	0.000999000999000999	144	210	6	1.0	144,147,150,178,179,210	Q9Y2L1	DIS3	0.035464535464535464	1.1239578907876822
30	6	29	5	2.309	1.0	4.0	2.1654395842355996	1.114659921775334	0.000999000999000999	16	37	7	0.7142857142857143	16,18,21,23,37	Q8NFW8	CMAS	0.035464535464535464	1.2714263974406352
50	19	74	8	3.696	3.0	5.024999999999977	2.1645021645021645	1.1140352432460294	0.000999000999000999	1207	1253	8	1.0	1207,1219,1223,1227,1235,1242,1249,1253	Q08211	DHX9	0.035464535464535464	1.43170591706319
100	6	39	5	2.313	2.0	4.0	2.1616947686986596	1.1121628289132588	0.000999000999000999	286	385	6	0.8333333333333334	286,296,306,348,385	Q9H2P0	ADNP	0.035464535464535464	1.1161185577465185
10	12	62	5	2.314	2.0	3.0	2.16076058772688	1.1115392304419596	0.000999000999000999	128	135	5	1.0	128,130,131,133,135	Q9Y3X0	CCDC9	0.035464535464535464	1.2681216511915685
75	12	83	7	3.242	2.0	5.0	2.1591610117211597	1.1104708312021496	0.000999000999000999	271	346	10	0.7	271,274,285,334,340,344,346	Q6PKG0	LARP1	0.035464535464535464	1.326055980510039
75	19	74	9	4.179	3.0	6.0	2.1536252692031583	1.1067672427819901	0.000999000999000999	1154	1227	9	1.0	1154,1160,1166,1174,1175,1207,1219,1223,1227	Q08211	DHX9	0.035464535464535464	1.43170591706319
50	6	77	5	2.328	1.0	4.0	2.147766323024055	1.1028370366411655	0.000999000999000999	43	63	5	1.0	43,54,56,62,63	Q9H307	PNN	0.035464535464535464	1.4579896444633909
75	8	69	6	2.794	2.0	4.0	2.1474588403722263	1.1026304799737803	0.000999000999000999	13	48	6	1.0	13,20,28,30,41,48	O14776	TCERG1	0.035464535464535464	1.3046000107473783
50	6	23	6	2.795	2.0	4.0	2.146690518783542	1.1021142176526906	0.000999000999000999	5	24	6	1.0	5,7,9,12,16,24	Q12905	ILF2	0.035464535464535464	1.4586503703924523
50	6	29	5	2.338	2.0	3.0	2.13857998289136	1.0966531650177929	0.000999000999000999	213	260	5	1.0	213,215,233,256,260	Q86UW9	DTX2	0.035464535464535464	1.2260036748888268
50	17	64	7	3.274	2.0	5.0	2.1380574221136226	1.0963006002455378	0.000999000999000999	1162	1203	7	1.0	1162,1169,1173,1177,1190,1196,1203	Q15596	NCOA2	0.035464535464535464	1.4537022860602926
30	8	32	5	2.344	2.0	3.0	2.1331058020477816	1.0929555251272014	0.000999000999000999	18	47	5	1.0	18,23,32,40,47	P05787	KRT8	0.035464535464535464	1.0929555251272014
75	6	105	4	1.879	1.0	3.0	2.12879191059074	1.0900349332420316	0.000999000999000999	1120	1175	7	0.5714285714285714	1120,1162,1165,1175	A7E2V4	KIAA0913	0.035464535464535464	1.2458251158015707
30	8	37	5	2.356	2.0	4.0	2.1222410865874366	1.0855885557189888	0.000999000999000999	124	144	5	1.0	124,127,138,139,144	Q9Y285	FARSA	0.035464535464535464	1.2688167584277998
75	19	141	7	3.303	2.0	5.0	2.119285498032092	1.083577952434166	0.000999000999000999	2327	2359	8	0.875	2327,2333,2337,2343,2345,2354,2359	P12270	TPR	0.035464535464535464	1.2817871331562567
100	6	29	6	2.848	2.0	4.0	2.106741573033708	1.0750133544168456	0.000999000999000999	213	281	6	1.0	213,215,233,256,260,281	Q86UW9	DTX2	0.035464535464535464	1.2260036748888268
75	17	64	8	3.816	3.0	6.0	2.0964360587002098	1.0679388286565756	0.000999000999000999	1162	1221	8	1.0	1162,1169,1173,1177,1190,1196,1203,1221	Q15596	NCOA2	0.035464535464535464	1.4537022860602926
75	6	29	6	2.886	2.0	4.0	2.079002079002079	1.0558912008920451	0.000999000999000999	16	52	8	0.75	16,18,21,23,37,52	Q8NFW8	CMAS	0.035464535464535464	1.2714263974406352
20	16	49	6	2.889	2.0	4.0	2.0768431983385254	1.0543922968186277	0.000999000999000999	355	373	6	1.0	355,357,361,365,370,373	Q8WWM7	ATXN2L	0.035464535464535464	1.0543922968186277
15	5	16	4	1.931	1.0	3.0	2.0714655618850335	1.0506518357114367	0.000999000999000999	204	219	4	1.0	204,205,214,219	Q92530	PSMF1	0.035464535464535464	1.15200309344505
100	10	29	10	4.831	3.9750000000000014	7.0	2.06996481059822	1.0496062421173724	0.000999000999000999	7	80	10	1.0	7,13,15,17,21,40,42,60,63,80	Q9H074	PAIP1	0.035464535464535464	1.2477652193803555
100	15	113	8	3.885	3.0	6.0	2.0592020592020592	1.0420854013670147	0.000999000999000999	730	824	17	0.47058823529411764	730,747,754,785,787,795,808,824	Q9C0C7	AMBRA1	0.035464535464535464	1.0420854013670147
100	11	71	7	3.408	2.0	5.0	2.0539906103286385	1.0384295864938529	0.000999000999000999	26	121	12	0.5833333333333334	26,74,84,91,95,114,121	P55265	ADAR	0.035464535464535464	1.168663195241277
100	6	42	6	2.924	2.0	4.0	2.051983584131327	1.037019189430806	0.000999000999000999	302	370	7	0.8571428571428571	302,328,335,338,354,370	P48382	RFX5	0.035464535464535464	1.1964974034380025
100	8	34	8	3.9	3.0	6.0	2.0512820512820515	1.0365258760251141	0.000999000999000999	332	410	9	0.8888888888888888	332,379,381,383,389,394,405,410	A0AV96	RBM47	0.035464535464535464	1.264849220579343
75	21	60	15	7.316	5.0	10.0	2.0503007107709132	1.0358355205218892	0.000999000999000999	665	738	16	0.9375	665,666,671,684,688,693,695,700,704,712,716,720,733,735,738	Q1KMD3	HNRNPUL2	0.035464535464535464	1.0358355205218892
100	20	66	13	6.351	5.0	8.0	2.0469217446071486	1.0334559480744339	0.000999000999000999	592	690	16	0.8125	592,612,618,620,628,632,639,645,656,661,671,685,690	Q9BUJ2	HNRNPUL1	0.035464535464535464	1.0334559480744339
100	25	159	18	8.794	6.0	12.0	2.0468501250852853	1.0334054688917522	0.000999000999000999	922	1022	19	0.9473684210526315	922,929,936,943,950,957,964,968,971,975,978,982,985,989,997,1007,1015,1022	P18583	SON	0.035464535464535464	1.0334054688917522
75	8	34	7	3.423	2.0	5.0	2.044989775051125	1.0320936297098533	0.000999000999000999	332	405	8	0.875	332,379,381,383,389,394,405	A0AV96	RBM47	0.035464535464535464	1.264849220579343
30	16	49	7	3.428	2.0	5.0	2.042007001166861	1.0299878126071913	0.000999000999000999	355	382	7	1.0	355,357,361,365,370,373,382	Q8WWM7	ATXN2L	0.035464535464535464	1.0543922968186277
75	16	49	11	5.411	3.0	8.0	2.032895952688967	1.023536377316933	0.000999000999000999	355	428	12	0.9166666666666666	355,357,361,365,370,373,382,399,414,417,428	Q8WWM7	ATXN2L	0.035464535464535464	1.0543922968186277
30	10	29	6	2.956	2.0	4.0	2.029769959404601	1.0213162312370925	0.000999000999000999	13	42	6	1.0	13,15,17,21,40,42	Q9H074	PAIP1	0.035464535464535464	1.2477652193803555
30	9	41	6	2.981	2.0	4.0	2.012747400201275	1.0091661253920745	0.000999000999000999	71	100	7	0.8571428571428571	71,75,80,86,97,100	P36578	RPL4	0.035464535464535464	1.0091661253920745
20	5	16	4	1.993	1.0	3.0	2.007024586051179	1.005058289823029	0.000999000999000999	204	219	4	1.0	204,205,214,219	Q92530	PSMF1	0.035464535464535464	1.15200309344505
100	29	225	14	6.989	5.0	9.0	2.0031478036915153	1.0022688753621576	0.000999000999000999	1040	1137	27	0.5185185185185185	1040,1046,1057,1071,1081,1087,1091,1097,1101,1107,1111,1117,1127,1137	Q14152	EIF3A	0.035464535464535464	1.0022688753621576
50	35	177	11	5.516	4.0	8.0	1.9941986947063088	0.9958091617854039	0.000999000999000999	750	796	11	1.0	750,758,761,766,767,774,779,784,789,794,796	P49750	YLPM1	0.035464535464535464	0.9958091617854039
100	8	59	6	3.022	2.0	5.0	1.9854401058901392	0.9894588402184142	0.000999000999000999	144	210	6	1.0	144,147,150,178,179,210	Q9Y2L1	DIS3	0.035464535464535464	1.1239578907876822
75	13	40	10	5.049	4.0	7.0	1.9805902158843334	0.9859304174983441	0.000999000999000999	138	204	10	1.0	138,142,149,151,173,175,188,200,202,204	Q5BKZ1	ZNF326	0.035464535464535464	0.9859304174983441
100	21	60	17	8.607	6.0	12.0	1.9751365167886605	0.981952372422606	0.000999000999000999	656	747	18	0.9444444444444444	656,665,666,671,684,688,693,695,700,704,712,716,720,733,735,738,747	Q1KMD3	HNRNPUL2	0.035464535464535464	1.0358355205218892
75	12	62	10	5.07	4.0	7.0	1.972386587771203	0.9799423476587464	0.000999000999000999	94	135	10	1.0	94,102,107,110,121,128,130,131,133,135	Q9Y3X0	CCDC9	0.035464535464535464	1.2681216511915685
100	14	54	12	6.107	4.0	9.0	1.9649582446373013	0.9744986555399916	0.000999000999000999	365	459	20	0.6	365,368,376,386,388,390,436,441,445,453,455,459	P51114	FXR1	0.035464535464535464	0.9744986555399916
100	22	164	9	4.596	3.0	7.0	1.95822454308094	0.9695462034582861	0.000999000999000999	1065	1113	11	0.8181818181818182	1065,1067,1069,1077,1079,1097,1108,1110,1113	Q5JSZ5	PRRC2B	0.035464535464535464	1.3795699877314713
75	20	66	11	5.629	4.0	7.0	1.9541659264523008	0.9665529704315674	0.000999000999000999	612	685	12	0.9166666666666666	612,618,620,628,632,639,645,656,661,671,685	Q9BUJ2	HNRNPUL1	0.035464535464535464	1.0334559480744339
50	20	66	9	4.615	3.0	6.0	1.9501625135427951	0.9635943535712628	0.000999000999000999	612	661	9	1.0	612,618,620,628,632,639,645,656,661	Q9BUJ2	HNRNPUL1	0.035464535464535464	1.0334559480744339
75	16	43	11	5.642	4.0	8.0	1.9496632399858205	0.9632249527138127	0.000999000999000999	4	71	11	1.0	4,12,13,23,28,36,45,50,64,69,71	P08670	VIM	0.035464535464535464	0.9632249527138127
50	11	41	11	5.645	4.0	8.0	1.9486271036315326	0.9624580376390213	0.000999000999000999	82	127	14	0.7857142857142857	82,84,86,96,98,108,110,112,118,124,127	P09038	FGF2	0.035464535464535464	0.9624580376390213
75	13	41	9	4.654	3.0	7.0	1.9338203695745595	0.9514537906990508	0.000999000999000999	171	237	9	1.0	171,179,185,188,191,199,208,217,237	Q9ULX6	AKAP8L	0.035464535464535464	1.0354165372231356
50	21	60	11	5.695	4.0	8.0	1.9315188762071993	0.9497357767039101	0.000999000999000999	688	738	12	0.9166666666666666	688,693,695,700,704,712,716,720,733,735,738	Q1KMD3	HNRNPUL2	0.035464535464535464	1.0358355205218892
100	14	38	10	5.196	4.0	7.0	1.924557351809084	0.9445266641015684	0.000999000999000999	419	518	10	1.0	419,432,436,442,454,459,463,475,509,518	Q13310	PABPC4	0.035464535464535464	0.9445266641015684
100	7	26	7	3.649	3.0	5.0	1.918333790079474	0.9398537711352097	0.000999000999000999	103	168	8	0.875	103,117,137,156,158,165,168	Q9NR12	PDLIM7	0.035464535464535464	1.1816168601489563
100	19	141	7	3.674	3.0	5.0	1.905280348394121	0.9300032956083417	0.000999000999000999	2327	2359	8	0.875	2327,2333,2337,2343,2345,2354,2359	P12270	TPR	0.035464535464535464	1.2817871331562567
100	11	61	7	3.697	3.0	5.0	1.8934271030565324	0.920999878532448	0.000999000999000999	668	757	12	0.5833333333333334	668,681,696,698,747,749,757	O00267	SUPT5H	0.035464535464535464	0.920999878532448
100	13	53	11	5.847	4.0	8.0	1.8813066529844362	0.911735027320338	0.000999000999000999	471	564	19	0.5789473684210527	471,474,477,479,484,534,539,544,546,562,564	Q06787	FMR1	0.035464535464535464	0.9439714610772487
100	18	34	16	8.522	6.0	11.0	1.8774935461159352	0.9088079484838677	0.000999000999000999	599	698	16	1.0	599,608,612,616,619,626,633,640,660,667,676,684,688,690,695,698	Q14444	CAPRIN1	0.035464535464535464	0.9088079484838677
100	19	43	12	6.405	5.0	9.0	1.8735362997658078	0.9057639301542342	0.000999000999000999	419	518	12	1.0	419,432,436,443,455,460,467,475,481,493,506,518	P11940	PABPC1	0.035464535464535464	0.9057639301542342
75	13	36	9	4.821	3.0	7.0	1.866832607342875	0.9005925717081494	0.000999000999000999	13	77	9	1.0	13,20,25,30,46,48,52,64,77	P08729	KRT7	0.035464535464535464	0.9005925717081494
30	35	177	8	4.313	3.0	6.0	1.8548574078367728	0.8913082839275868	0.000999000999000999	766	796	8	1.0	766,767,774,779,784,789,794,796	P49750	YLPM1	0.035464535464535464	0.9958091617854039
100	13	40	11	5.932	4.0	8.0	1.8543492919757247	0.8909130208447537	0.000999000999000999	125	204	11	1.0	125,138,142,149,151,173,175,188,200,202,204	Q5BKZ1	ZNF326	0.035464535464535464	0.9859304174983441
50	13	36	7	3.79	3.0	5.0	1.8469656992084433	0.8851570736612372	0.000999000999000999	13	52	7	1.0	13,20,25,30,46,48,52	P08729	KRT7	0.035464535464535464	0.9005925717081494
100	24	45	17	9.207	6.0	13.0	1.8464212012599108	0.8847316947247854	0.000999000999000999	702	793	17	1.0	702,707,709,715,720,727,732,733,739,755,762,768,773,779,787,789,793	Q00839	HNRNPU	0.035464535464535464	0.8847316947247854
75	29	225	11	5.982	4.0	8.0	1.8388498829822801	0.8788037081800322	0.000999000999000999	1040	1111	21	0.5238095238095238	1040,1046,1057,1071,1081,1087,1091,1097,1101,1107,1111	Q14152	EIF3A	0.035464535464535464	1.0022688753621576
100	13	41	10	5.513	4.0	8.0	1.813894431344096	0.8590904934583381	0.000999000999000999	171	247	10	1.0	171,179,185,188,191,199,208,217,237,247	Q9ULX6	AKAP8L	0.035464535464535464	1.0354165372231356
75	35	177	12	6.658	5.0	9.0	1.8023430459597476	0.84987363024298	0.000999000999000999	750	814	12	1.0	750,758,761,766,767,774,779,784,789,794,796,814	P49750	YLPM1	0.035464535464535464	0.9958091617854039
75	19	43	10	5.575	4.0	8.0	1.7937219730941703	0.8429562898544198	0.000999000999000999	419	493	10	1.0	419,432,436,443,455,460,467,475,481,493	P11940	PABPC1	0.035464535464535464	0.9057639301542342
50	16	43	8	4.51	3.0	6.0	1.7738359201773837	0.8268725665193438	0.000999000999000999	4	50	8	1.0	4,12,13,23,28,36,45,50	P08670	VIM	0.035464535464535464	0.9632249527138127
100	16	43	11	6.288	5.0	8.0	1.7493638676844783	0.8068304010407777	0.000999000999000999	4	71	11	1.0	4,12,13,23,28,36,45,50,64,69,71	P08670	VIM	0.035464535464535464	0.9632249527138127
75	12	64	11	6.296	5.0	9.0	1.7471410419313849	0.8049960777918977	0.000999000999000999	210	275	16	0.6875	210,224,228,233,238,241,251,256,261,271,275	P62995	TRA2B	0.035464535464535464	0.8049960777918977
100	24	59	12	6.965	5.0	9.0	1.722900215362527	0.784839147894628	0.000999000999000999	117	205	12	1.0	117,122,137,142,144,155,160,167,180,185,200,205	Q8WUF5	PPP1R13L	0.035464535464535464	0.784839147894628
100	12	64	12	6.985	5.0	9.0	1.717967072297781	0.7807023850864178	0.000999000999000999	187	275	20	0.6	187,210,224,228,233,238,241,251,256,261,271,275	P62995	TRA2B	0.035464535464535464	0.8049960777918977
75	24	59	10	5.865	5.0	8.0	1.7050298380221653	0.7697969866335785	0.000999000999000999	117	185	10	1.0	117,122,137,142,144,155,160,167,180,185	Q8WUF5	PPP1R13L	0.035464535464535464	0.784839147894628
100	35	177	13	7.678	5.975000000000001	10.0	1.6931492576191716	0.7597091579562296	0.000999000999000999	750	831	13	1.0	750,758,761,766,767,774,779,784,789,794,796,814,831	P49750	YLPM1	0.035464535464535464	0.9958091617854039
50	19	43	8	4.729	4.0	6.0	1.6916895749629943	0.7584648582042827	0.000999000999000999	432	481	8	1.0	432,436,443,455,460,467,475,481	P11940	PABPC1	0.035464535464535464	0.9057639301542342
75	18	34	11	6.582	5.0	9.0	1.6712245518079611	0.7409055921750353	0.000999000999000999	616	690	11	1.0	616,619,626,633,640,660,667,676,684,688,690	Q14444	CAPRIN1	0.035464535464535464	0.9088079484838677
75	24	45	13	7.789	5.0	11.0	1.6690204134035178	0.7390016000785357	0.000999000999000999	702	773	13	1.0	702,707,709,715,720,727,732,733,739,755,762,768,773	Q00839	HNRNPU	0.035464535464535464	0.8847316947247854
100	14	31	12	7.243	5.0	10.0	1.6567720557779926	0.728375125419916	0.000999000999000999	199	299	13	0.9230769230769231	199,206,212,217,224,230,232,233,259,262,294,299	P55795	HNRNPH2	0.035464535464535464	0.8862995008352719
75	14	30	8	4.894	4.0	7.0	1.634654679199019	0.7089858985826972	0.000999000999000999	340	415	8	1.0	340,355,378,384,394,411,413,415	Q92945	KHSRP	0.035464535464535464	0.7089858985826972
75	14	31	10	6.213	5.0	8.0	1.6095284081764043	0.6866380406077813	0.000999000999000999	199	262	10	1.0	199,206,212,217,224,230,232,233,259,262	P55795	HNRNPH2	0.035464535464535464	0.8862995008352719
100	16	29	15	9.453	7.0	12.0	1.5867978419549351	0.66611834053191	0.000999000999000999	8	100	17	0.8823529411764706	8,15,21,24,27,34,36,43,45,59,70,72,78,92,100	P22087	FBL	0.035464535464535464	0.66611834053191
75	16	29	13	8.456	6.0	11.0	1.5373699148533586	0.6204643414204962	0.000999000999000999	8	78	15	0.8666666666666667	8,15,21,24,27,34,36,43,45,59,70,72,78	P22087	FBL	0.035464535464535464	0.66611834053191
50	16	34	10	6.746	6.0	8.0	1.4823599169878445	0.5678957765313227	0.000999000999000999	24	71	10	1.0	24,26,33,35,42,44,52,62,64,71	P0DI83	RAB34	0.035464535464535464	0.5678957765313227
100	28	36	21	16.367	14.0	19.0	1.2830695912506873	0.3595994215807386	0.000999000999000999	246	332	21	1.0	246,247,249,256,258,263,268,271,277,278,286,287,296,299,303,305,316,325,326,328,332	P61978	HNRNPK	0.035464535464535464	0.3595994215807386
10	4	226	3	1.033	1.0	2.0	2.9041626331074544	1.5381222465181839	0.001998001998001998	235	238	3	1.0	235,236,238	Q5CZC0	FSIP2	0.048189602329729714	1.8224010706722666
15	4	226	3	1.045	1.0	2.0	2.870813397129187	1.5214595584149984	0.001998001998001998	235	238	3	1.0	235,236,238	Q5CZC0	FSIP2	0.048189602329729714	1.8224010706722666
10	3	89	3	1.046	1.0	2.0	2.8680688336520075	1.5200796491363018	0.001998001998001998	1187	1189	3	1.0	1187,1188,1189	Q15058	KIF14	0.048189602329729714	1.545122236189365
5	3	117	3	1.049	1.0	2.0	2.8598665395614873	1.5159478228059757	0.001998001998001998	1504	1508	3	1.0	1504,1506,1508	Q14004	CDK13	0.048189602329729714	1.5159478228059757
20	4	226	3	1.055	1.0	2.0	2.843601895734597	1.5077195017886957	0.001998001998001998	235	238	3	1.0	235,236,238	Q5CZC0	FSIP2	0.048189602329729714	1.8224010706722666
20	3	162	3	1.058	1.0	2.0	2.835538752362949	1.5036228732692174	0.001998001998001998	1201	1217	3	1.0	1201,1203,1217	O95425	SVIL	0.048189602329729714	1.5036228732692174
10	3	79	3	1.059	1.0	2.0	2.8328611898017	1.502259911390907	0.001998001998001998	709	718	3	1.0	709,716,718	Q8N122	RPTOR	0.048189602329729714	1.502259911390907
15	3	89	3	1.063	1.0	2.0	2.8222013170272815	1.4968209038521387	0.001998001998001998	1187	1189	3	1.0	1187,1188,1189	Q15058	KIF14	0.048189602329729714	1.545122236189365
10	4	144	3	1.066	1.0	2.0	2.8142589118198873	1.4927550626240673	0.001998001998001998	749	751	3	1.0	749,750,751	Q9BYB0	SHANK3	0.048189602329729714	1.5283789723547887
15	3	79	3	1.07	1.0	2.0	2.803738317757009	1.487351704094734	0.001998001998001998	709	718	3	1.0	709,716,718	Q8N122	RPTOR	0.048189602329729714	1.502259911390907
15	3	61	3	1.078	1.0	2.0	2.7829313543599254	1.4766053226307376	0.001998001998001998	468	479	3	1.0	468,474,479	Q9Y4G2	PLEKHM1	0.048189602329729714	1.4766053226307376
30	7	108	5	1.799	1.0	3.0	2.7793218454697053	1.4747329082979672	0.001998001998001998	1378	1405	5	1.0	1378,1387,1395,1400,1405	Q9P2R6	RERE	0.048189602329729714	1.5698931790035078
20	3	89	3	1.08	1.0	2.0	2.7777777777777777	1.4739311883324122	0.001998001998001998	1187	1189	3	1.0	1187,1188,1189	Q15058	KIF14	0.048189602329729714	1.545122236189365
30	4	226	3	1.083	1.0	2.0	2.770083102493075	1.4699292577749161	0.001998001998001998	206	236	7	0.42857142857142855	206,235,236	Q5CZC0	FSIP2	0.048189602329729714	1.8224010706722666
20	3	105	3	1.083	1.0	2.0	2.770083102493075	1.4699292577749161	0.001998001998001998	1375	1384	4	0.75	1375,1383,1384	O60241	ADGRB2	0.048189602329729714	1.5228407888133586
10	3	30	3	1.083	1.0	2.0	2.770083102493075	1.4699292577749161	0.001998001998001998	551	561	4	0.75	551,556,561	P57772	EEFSEC	0.048189602329729714	1.4699292577749161
30	3	162	3	1.084	1.0	2.0	2.7675276752767526	1.4685977440293716	0.001998001998001998	1201	1217	3	1.0	1201,1203,1217	O95425	SVIL	0.048189602329729714	1.5036228732692174
20	3	79	3	1.084	1.0	2.0	2.7675276752767526	1.4685977440293716	0.001998001998001998	709	718	3	1.0	709,716,718	Q8N122	RPTOR	0.048189602329729714	1.502259911390907
15	4	144	3	1.094	1.0	2.0	2.742230347349177	1.4553497625906866	0.001998001998001998	749	751	3	1.0	749,750,751	Q9BYB0	SHANK3	0.048189602329729714	1.5283789723547887
15	3	70	3	1.094	1.0	2.0	2.742230347349177	1.4553497625906866	0.001998001998001998	849	861	3	1.0	849,852,861	Q7Z410	TMPRSS9	0.048189602329729714	1.4553497625906866
10	3	36	3	1.096	1.0	2.0	2.7372262773722627	1.4527147024227165	0.001998001998001998	177	184	3	1.0	177,183,184	Q8NF37	LPCAT1	0.048189602329729714	1.4527147024227165
10	7	234	3	1.102	1.0	2.0	2.722323049001815	1.4448382768120855	0.001998001998001998	3625	3633	3	1.0	3625,3630,3633	Q2LD37	KIAA1109	0.048189602329729714	1.4448382768120855
20	3	61	3	1.105	1.0	2.0	2.7149321266968327	1.4409161311044494	0.001998001998001998	468	479	3	1.0	468,474,479	Q9Y4G2	PLEKHM1	0.048189602329729714	1.4766053226307376
10	4	67	3	1.108	1.0	2.0	2.707581227436823	1.4370046193340549	0.001998001998001998	8	18	3	1.0	8,13,18	Q13191	CBLB	0.048189602329729714	1.4370046193340549
15	6	76	4	1.478	1.0	2.0	2.706359945872801	1.436353730515936	0.001998001998001998	357	371	4	1.0	357,363,366,371	Q16512	PKN1	0.048189602329729714	1.436353730515936
15	4	41	4	1.479	1.0	3.0	2.704530087897228	1.4353779475630193	0.001998001998001998	59	72	7	0.5714285714285714	59,60,70,72	Q15554	TERF2	0.048189602329729714	1.4353779475630193
10	3	43	3	1.11	1.0	2.0	2.7027027027027026	1.434402824145775	0.001998001998001998	636	643	3	1.0	636,637,643	Q5VUJ6	LRCH2	0.048189602329729714	1.434402824145775
30	3	94	3	1.113	1.0	2.0	2.6954177897574123	1.4305089080412836	0.001998001998001998	27	51	4	0.75	27,37,51	Q9Y4F4	TOGARAM1	0.048189602329729714	1.4305089080412836
20	4	144	3	1.115	1.0	2.0	2.690582959641256	1.4279187905755764	0.001998001998001998	749	751	3	1.0	749,750,751	Q9BYB0	SHANK3	0.048189602329729714	1.5283789723547887
20	3	65	3	1.116	1.0	2.0	2.6881720430107525	1.4266254735540556	0.001998001998001998	529	535	3	1.0	529,532,535	O75385	ULK1	0.048189602329729714	1.5077195017886957
75	5	64	5	1.866	1.0	3.0	2.6795284030010715	1.4219791086976905	0.001998001998001998	1061	1136	9	0.5555555555555556	1061,1091,1114,1131,1136	Q15788	NCOA1	0.048189602329729714	1.4219791086976905
100	5	270	4	1.496	1.0	3.0	2.6737967914438503	1.4188898247744504	0.001998001998001998	540	563	4	1.0	540,544,553,563	Q9UKN7	MYO15A	0.048189602329729714	1.7784322114615907
15	4	64	3	1.125	1.0	2.0	2.6666666666666665	1.4150374992788437	0.001998001998001998	628	640	3	1.0	628,635,640	Q68CZ2	TNS3	0.048189602329729714	1.7710274302398392
30	3	68	3	1.127	1.0	2.0	2.6619343389529724	1.412474985211022	0.001998001998001998	1313	1326	3	1.0	1313,1318,1326	O75882	ATRN	0.048189602329729714	1.4579896444633909
15	6	327	3	1.128	1.0	2.0	2.659574468085107	1.4111954329844498	0.001998001998001998	8	19	3	1.0	8,18,19	Q8IZT6	ASPM	0.048189602329729714	1.7771954389547389
15	3	43	3	1.131	1.0	2.0	2.6525198938992043	1.4073635713934227	0.001998001998001998	636	643	3	1.0	636,637,643	Q5VUJ6	LRCH2	0.048189602329729714	1.434402824145775
10	6	33	4	1.509	1.0	3.0	2.6507620941020544	1.4064071941354037	0.001998001998001998	608	617	4	1.0	608,610,612,617	Q96SI9	STRBP	0.048189602329729714	1.4064071941354037
50	3	162	3	1.132	1.0	2.0	2.65017667844523	1.406088542551361	0.001998001998001998	1201	1217	3	1.0	1201,1203,1217	O95425	SVIL	0.048189602329729714	1.5036228732692174
5	7	113	3	1.138	1.0	2.0	2.6362038664323375	1.3984619430766614	0.001998001998001998	660	664	3	1.0	660,662,664	Q7Z460	CLASP1	0.048189602329729714	1.3984619430766614
30	3	79	3	1.139	1.0	2.0	2.633889376646181	1.3971947536751315	0.001998001998001998	709	718	3	1.0	709,716,718	Q8N122	RPTOR	0.048189602329729714	1.502259911390907
15	4	44	4	1.521	1.0	3.0	2.629848783694938	1.3949798469375905	0.001998001998001998	301	316	4	1.0	301,306,309,316	Q9NWQ4	C14orf118	0.048189602329729714	1.3949798469375905
15	7	234	3	1.143	1.0	2.0	2.6246719160104988	1.392137097168765	0.001998001998001998	3625	3633	3	1.0	3625,3630,3633	Q2LD37	KIAA1109	0.048189602329729714	1.4448382768120855
10	3	34	3	1.143	1.0	2.0	2.6246719160104988	1.392137097168765	0.001998001998001998	217	222	3	1.0	217,219,222	Q9BZ67	FRMD8	0.048189602329729714	1.4914023245588184
20	4	108	3	1.147	1.0	2.0	2.6155187445510024	1.387097109367418	0.001998001998001998	1210	1213	3	1.0	1210,1212,1213	Q96L96	ALPK3	0.048189602329729714	1.5325466065700177
15	3	36	3	1.151	1.0	2.0	2.6064291920069502	1.3820746672510127	0.001998001998001998	177	184	3	1.0	177,183,184	Q8NF37	LPCAT1	0.048189602329729714	1.4527147024227165
20	8	75	5	1.922	1.0	3.0	2.6014568158168574	1.379319758775699	0.001998001998001998	311	331	7	0.7142857142857143	311,314,320,324,331	Q86UK7	ZNF598	0.048189602329729714	1.379319758775699
30	3	90	3	1.154	1.0	2.0	2.5996533795493937	1.378319276737761	0.001998001998001998	1099	1107	3	1.0	1099,1105,1107	A1L390	PLEKHG3	0.048189602329729714	1.5104570643575266
10	7	71	4	1.545	1.0	3.0	2.5889967637540456	1.3723931618703502	0.001998001998001998	145	155	5	0.8	145,149,153,155	Q659C4	LARP1B	0.048189602329729714	1.4587825518979631
10	5	98	3	1.159	1.0	2.0	2.5884383088869716	1.3720819343767714	0.001998001998001998	1363	1367	3	1.0	1363,1365,1367	Q96MS0	ROBO3	0.048189602329729714	1.4672674580514016
30	3	61	3	1.161	1.0	2.0	2.5839793281653747	1.3695945285176767	0.001998001998001998	468	479	3	1.0	468,474,479	Q9Y4G2	PLEKHM1	0.048189602329729714	1.4766053226307376
10	3	24	3	1.163	1.0	2.0	2.5795356835769563	1.367111403910025	0.001998001998001998	109	113	3	1.0	109,111,113	Q01094	E2F1	0.048189602329729714	1.459311399059636
10	4	60	3	1.165	1.0	2.0	2.575107296137339	1.3646325458416007	0.001998001998001998	584	594	3	1.0	584,589,594	Q7KZI7	MARK2	0.048189602329729714	1.3646325458416007
30	3	65	3	1.165	1.0	2.0	2.575107296137339	1.3646325458416007	0.001998001998001998	529	535	3	1.0	529,532,535	O75385	ULK1	0.048189602329729714	1.5077195017886957
20	3	43	3	1.171	1.0	2.0	2.561912894961571	1.357221424882028	0.001998001998001998	636	643	3	1.0	636,637,643	Q5VUJ6	LRCH2	0.048189602329729714	1.434402824145775
75	6	327	4	1.568	1.0	3.0	2.5510204081632653	1.3510744405468789	0.001998001998001998	8	25	4	1.0	8,18,19,25	Q8IZT6	ASPM	0.048189602329729714	1.7771954389547389
20	4	41	4	1.57	1.0	3.0	2.5477707006369426	1.3492354408830975	0.001998001998001998	59	72	7	0.5714285714285714	59,60,70,72	Q15554	TERF2	0.048189602329729714	1.4353779475630193
15	6	33	4	1.573	1.0	3.0	2.542911633820725	1.3464813292464004	0.001998001998001998	608	617	4	1.0	608,610,612,617	Q96SI9	STRBP	0.048189602329729714	1.4064071941354037
20	4	44	4	1.575	1.0	3.0	2.5396825396825395	1.3446481713874459	0.001998001998001998	301	316	4	1.0	301,306,309,316	Q9NWQ4	C14orf118	0.048189602329729714	1.3949798469375905
50	4	54	4	1.578	1.0	3.0	2.5348542458808616	1.3419027946486284	0.001998001998001998	700	738	5	0.8	700,712,713,738	Q6GQQ9	OTUD7B	0.048189602329729714	1.3419027946486284
20	5	36	4	1.582	1.0	3.0	2.5284450063211126	1.3382504001892952	0.001998001998001998	109	128	4	1.0	109,116,125,128	Q7Z5L9	IRF2BP2	0.048189602329729714	1.3382504001892952
20	7	234	3	1.189	1.0	2.0	2.5231286795626575	1.3352137856375874	0.001998001998001998	3625	3633	3	1.0	3625,3630,3633	Q2LD37	KIAA1109	0.048189602329729714	1.4448382768120855
15	3	26	3	1.189	1.0	2.0	2.5231286795626575	1.3352137856375874	0.001998001998001998	7	17	3	1.0	7,15,17	Q96C92	SDCCAG3	0.048189602329729714	1.4201762225778165
20	7	80	4	1.59	1.0	3.0	2.5157232704402515	1.3309732344903693	0.001998001998001998	1078	1096	4	1.0	1078,1080,1086,1096	O15357	INPPL1	0.048189602329729714	1.3309732344903693
15	3	26	3	1.194	1.0	2.0	2.512562814070352	1.3291596641184382	0.001998001998001998	34	48	3	1.0	34,41,48	A4D1U4	LCHN	0.048189602329729714	1.3291596641184382
20	3	21	3	1.196	1.0	2.0	2.508361204013378	1.3267451111851383	0.001998001998001998	146	162	3	1.0	146,148,162	O15446	CD3EAP	0.048189602329729714	1.3267451111851383
30	4	22	4	1.596	1.0	3.0	2.506265664160401	1.325539348439741	0.001998001998001998	475	505	4	1.0	475,483,497,505	O95628	CNOT4	0.048189602329729714	1.325539348439741
20	5	56	4	1.599	1.0	3.0	2.5015634771732334	1.322830061181755	0.001998001998001998	374	394	4	1.0	374,382,392,394	Q96PV6	LENG8	0.048189602329729714	1.322830061181755
20	8	85	4	1.601	1.0	3.0	2.4984384759525295	1.32102669214583	0.001998001998001998	207	218	4	1.0	207,210,211,218	Q99569	PKP4	0.048189602329729714	1.7612131404128835
15	3	31	3	1.206	1.0	2.0	2.4875621890547266	1.3147325934831586	0.001998001998001998	12	23	5	0.6	12,17,23	Q96CU9	FOXRED1	0.048189602329729714	1.3147325934831586
15	6	160	3	1.212	1.0	2.0	2.4752475247524752	1.3075728019102923	0.001998001998001998	1295	1307	3	1.0	1295,1304,1307	Q9Y4B5	SOGA2	0.048189602329729714	1.3075728019102923
20	9	61	5	2.024	1.0	3.0	2.4703557312252964	1.3047188048551392	0.001998001998001998	10	17	5	1.0	10,11,14,15,17	P33991	MCM4	0.048189602329729714	1.595968860378175
15	6	23	5	2.03	1.0	3.0	2.4630541871921183	1.300448367476911	0.001998001998001998	5	16	5	1.0	5,7,9,12,16	Q12905	ILF2	0.048189602329729714	1.4586503703924523
100	5	98	5	2.031	1.0	3.0	2.461841457410143	1.2997378552532965	0.001998001998001998	1314	1367	9	0.5555555555555556	1314,1334,1363,1365,1367	Q96MS0	ROBO3	0.048189602329729714	1.4672674580514016
50	3	79	3	1.227	1.0	2.0	2.4449877750611244	1.289827251720338	0.001998001998001998	709	718	3	1.0	709,716,718	Q8N122	RPTOR	0.048189602329729714	1.502259911390907
10	6	29	4	1.657	1.0	3.0	2.4140012070006036	1.2714263974406352	0.001998001998001998	16	23	4	1.0	16,18,21,23	Q8NFW8	CMAS	0.048189602329729714	1.2714263974406352
5	6	69	3	1.244	1.0	2.0	2.4115755627009645	1.2699760152526407	0.001998001998001998	364	368	3	1.0	364,366,368	Q58WW2	DCAF6	0.048189602329729714	1.2699760152526407
100	4	64	4	1.675	1.0	3.0	2.388059701492537	1.25583890442959	0.001998001998001998	628	645	4	1.0	628,635,640,645	Q68CZ2	TNS3	0.048189602329729714	1.7710274302398392
10	9	37	5	2.095	1.0	3.0	2.386634844868735	1.2549778509627354	0.001998001998001998	30	40	5	1.0	30,34,37,38,40	Q13895	BYSL	0.048189602329729714	1.2549778509627354
100	5	151	4	1.685	1.0	3.0	2.373887240356083	1.247251408592866	0.001998001998001998	2122	2132	4	1.0	2122,2128,2131,2132	O43497	CACNA1G	0.048189602329729714	1.8468432119385796
50	5	88	4	1.686	1.0	3.0	2.372479240806643	1.2463954637200048	0.001998001998001998	1231	1280	9	0.4444444444444444	1231,1243,1245,1280	P19174	PLCG1	0.048189602329729714	1.414268267034073
30	3	21	3	1.265	1.0	2.0	2.3715415019762847	1.2458251158015707	0.001998001998001998	146	162	3	1.0	146,148,162	O15446	CD3EAP	0.048189602329729714	1.3267451111851383
100	6	64	6	2.534	2.0	4.0	2.3677979479084454	1.243545976242434	0.001998001998001998	7	83	8	0.75	7,11,56,65,76,83	Q15735	INPP5J	0.048189602329729714	1.243545976242434
30	7	68	4	1.691	1.0	3.0	2.3654642223536366	1.2421233402521037	0.001998001998001998	1163	1188	4	1.0	1163,1171,1177,1188	Q9Y6Q9	NCOA3	0.048189602329729714	1.2421233402521037
50	7	84	5	2.117	1.0	3.0	2.3618327822390173	1.23990682554186	0.001998001998001998	12	61	9	0.5555555555555556	12,13,44,47,61	Q96FS4	SIPA1	0.048189602329729714	1.5594274086140185
50	4	34	4	1.699	1.0	3.0	2.3543260741612713	1.2353141474778664	0.001998001998001998	631	642	4	1.0	631,633,641,642	Q8IWZ8	SUGP1	0.048189602329729714	1.6472414749593633
50	4	55	4	1.699	1.0	3.0	2.3543260741612713	1.2353141474778664	0.001998001998001998	232	239	4	1.0	232,234,237,239	Q9HAU4	SMURF2	0.048189602329729714	1.7636604608316264
75	5	55	5	2.133	1.0	3.0249999999999773	2.344116268166901	1.229044129208878	0.001998001998001998	868	893	5	1.0	868,871,878,885,893	Q96EK7	FAM120B	0.048189602329729714	1.6223764623642731
20	6	33	4	1.717	1.0	3.0	2.3296447291788	1.2201099606599528	0.001998001998001998	608	617	4	1.0	608,610,612,617	Q96SI9	STRBP	0.048189602329729714	1.4064071941354037
10	8	34	4	1.721	1.0	3.0	2.324230098779779	1.2167529026218835	0.001998001998001998	379	389	4	1.0	379,381,383,389	A0AV96	RBM47	0.048189602329729714	1.264849220579343
50	8	75	6	2.583	2.0	4.0	2.3228803716608595	1.2159148572652432	0.001998001998001998	292	331	10	0.6	292,311,314,320,324,331	Q86UK7	ZNF598	0.048189602329729714	1.379319758775699
30	5	36	4	1.725	1.0	3.0	2.318840579710145	1.2134036381091933	0.001998001998001998	109	128	4	1.0	109,116,125,128	Q7Z5L9	IRF2BP2	0.048189602329729714	1.3382504001892952
50	7	70	5	2.169	1.0	3.0	2.305209774089442	1.2048980418771753	0.001998001998001998	119	163	8	0.625	119,142,154,161,163	Q13608	PEX6	0.048189602329729714	1.5198826269385373
50	6	71	5	2.18	1.0	3.0	2.293577981651376	1.1975999598851608	0.001998001998001998	202	240	6	0.8333333333333334	202,211,231,234,240	Q2M3G4	SHROOM1	0.048189602329729714	1.1975999598851608
20	8	34	5	2.196	1.0	3.0	2.2768670309653913	1.1870500405442506	0.001998001998001998	379	394	5	1.0	379,381,383,389,394	A0AV96	RBM47	0.048189602329729714	1.264849220579343
30	4	25	4	1.761	1.0	3.0	2.271436683702442	1.1836050908308786	0.001998001998001998	5	22	4	1.0	5,8,18,22	Q8IVB5	LIX1L	0.048189602329729714	1.290709364276642
10	9	47	5	2.207	1.0	3.0	2.2655188038060716	1.1798414652698355	0.001998001998001998	48	58	5	1.0	48,51,54,56,58	Q96JP5	ZFP91	0.048189602329729714	1.1798414652698355
50	5	40	5	2.209	1.0	3.0	2.263467632412856	1.1785346761941744	0.001998001998001998	454	502	7	0.7142857142857143	454,479,491,498,502	Q8IZ40	RCOR2	0.048189602329729714	1.1785346761941744
15	9	37	5	2.217	1.0	3.0	2.2552999548940007	1.173319324682142	0.001998001998001998	30	40	5	1.0	30,34,37,38,40	Q13895	BYSL	0.048189602329729714	1.2549778509627354
50	11	71	6	2.669	2.0	4.0	2.2480329711502436	1.168663195241277	0.001998001998001998	74	121	10	0.6	74,84,91,95,114,121	P55265	ADAR	0.048189602329729714	1.168663195241277
100	12	232	6	2.677	2.0	4.0	2.2413149047441165	1.1643453617424655	0.001998001998001998	17	93	20	0.3	17,33,36,48,49,93	Q9UMN6	WBP7	0.048189602329729714	1.1890222828758559
50	11	102	7	3.129	2.0	5.0	2.237136465324385	1.1616532634787693	0.001998001998001998	9	54	9	0.7777777777777778	9,26,33,41,47,49,54	Q14966	ZNF638	0.048189602329729714	1.224879204807825
100	8	280	6	2.704	2.0	4.0	2.2189349112426036	1.149867349101059	0.001998001998001998	564	618	10	0.6	564,566,607,611,614,618	Q5T200	ZC3H13	0.048189602329729714	1.3874115933012825
50	4	26	4	1.805	1.0	3.0	2.21606648199446	1.1480011628875537	0.001998001998001998	11	51	7	0.5714285714285714	11,15,47,51	Q96LB3	IFT74	0.048189602329729714	1.1480011628875537
50	12	68	6	2.746	2.0	4.0	2.184996358339403	1.1276308752361428	0.001998001998001998	1038	1084	7	0.8571428571428571	1038,1044,1053,1059,1073,1084	Q5T0Z8	C6orf132	0.048189602329729714	1.451267468208081
50	9	51	5	2.292	2.0	3.0249999999999773	2.181500872600349	1.1253210507925446	0.001998001998001998	555	604	6	0.8333333333333334	555,577,591,598,604	Q9UPN9	TRIM33	0.048189602329729714	1.270804626521694
30	9	119	5	2.299	1.0	4.0	2.174858634188778	1.1209216288312696	0.001998001998001998	107	130	7	0.7142857142857143	107,118,120,128,130	Q6Y7W6	GIGYF2	0.048189602329729714	1.5681096517138196
75	4	34	4	1.851	1.0	3.0	2.1609940572663424	1.111695104791513	0.001998001998001998	631	642	4	1.0	631,633,641,642	Q8IWZ8	SUGP1	0.048189602329729714	1.6472414749593633
50	7	61	5	2.33	1.0	4.0	2.1459227467811157	1.1015981400078068	0.001998001998001998	466	510	5	1.0	466,481,484,498,510	Q8TDC3	BRSK1	0.048189602329729714	1.204233052217608
15	8	37	4	1.875	1.0	3.0	2.1333333333333333	1.0931094043914815	0.001998001998001998	124	139	4	1.0	124,127,138,139	Q9Y285	FARSA	0.048189602329729714	1.2688167584277998
100	6	48	5	2.357	2.0	4.0	2.1213406873143823	1.0849763362992817	0.001998001998001998	9	61	8	0.625	9,17,30,54,61	Q8WUM0	NUP133	0.048189602329729714	1.2015761545221402
20	12	62	6	2.832	2.0	4.0	2.1186440677966103	1.0831412353002459	0.001998001998001998	121	135	6	1.0	121,128,130,131,133,135	Q9Y3X0	CCDC9	0.048189602329729714	1.2681216511915685
15	20	250	4	1.889	1.0	3.0	2.1175224986765486	1.0823772982737174	0.001998001998001998	2226	2240	4	1.0	2226,2228,2235,2240	Q8NEZ4	MLL3	0.048189602329729714	1.4535376418329085
100	25	253	7	3.314	2.0	5.0	2.112251056125528	1.0787813194982392	0.001998001998001998	2836	2922	8	0.875	2836,2860,2881,2903,2905,2915,2922	O14686	KMT2D	0.048189602329729714	1.0787813194982392
30	7	61	4	1.904	1.0	3.0	2.100840336134454	1.0709665213541435	0.001998001998001998	849	862	4	1.0	849,850,857,862	P50570	DNM3	0.048189602329729714	1.348316819367891
100	19	61	11	5.267	4.0	8.0	2.088475412948547	1.0624501591454272	0.001998001998001998	1347	1445	14	0.7857142857142857	1347,1355,1364,1366,1404,1415,1418,1422,1424,1430,1445	Q5VT52	RPRD2	0.048189602329729714	1.0624501591454272
15	10	29	5	2.398	2.0	4.0	2.085070892410342	1.0600964361352259	0.001998001998001998	7	21	5	1.0	7,13,15,17,21	Q9H074	PAIP1	0.048189602329729714	1.2477652193803555
75	6	56	5	2.403	2.0	4.0	2.0807324178110695	1.057091446419583	0.001998001998001998	2	74	8	0.625	2,9,51,52,74	O75400	PRPF40A	0.048189602329729714	1.057091446419583
75	7	80	7	3.368	2.0	5.0	2.0783847980997625	1.055462783653295	0.001998001998001998	835	878	12	0.5833333333333334	835,855,857,862,864,870,878	Q5T8P6	RBM26	0.048189602329729714	1.3197656737367418
75	5	40	5	2.431	2.0	4.0	2.0567667626491155	1.0403782015207206	0.001998001998001998	381	445	9	0.5555555555555556	381,399,424,436,445	O95954	FTCD	0.048189602329729714	1.0403782015207206
50	13	41	8	3.903	3.0	6.0	2.0497053548552397	1.0354165372231356	0.001998001998001998	171	217	8	1.0	171,179,185,188,191,199,208,217	Q9ULX6	AKAP8L	0.048189602329729714	1.0354165372231356
75	25	159	15	7.432	5.0	10.0	2.0182992465016145	1.0131400938879527	0.001998001998001998	922	997	16	0.9375	922,929,936,943,950,957,964,968,971,975,978,982,985,989,997	P18583	SON	0.048189602329729714	1.0334054688917522
100	8	47	7	3.472	2.0	5.0	2.0161290322580645	1.0115879742752119	0.001998001998001998	670	709	9	0.7777777777777778	670,672,683,693,695,707,709	Q9NYL2	MAP3K20	0.048189602329729714	1.4355173047271834
100	6	38	6	3.005	2.0	5.0	1.9966722129783694	0.9975975097846954	0.001998001998001998	4	100	7	0.8571428571428571	4,39,50,60,88,100	Q96GM5	SMARCD1	0.048189602329729714	0.9975975097846954
20	15	127	5	2.51	2.0	4.0	1.9920318725099604	0.9942407307113152	0.001998001998001998	732	749	6	0.8333333333333334	732,733,740,741,749	Q8IXT5	RBM12B	0.048189602329729714	1.4771407448083023
20	10	29	5	2.516	2.0	4.0	1.987281399046105	0.9907961726701602	0.001998001998001998	7	21	5	1.0	7,13,15,17,21	Q9H074	PAIP1	0.048189602329729714	1.2477652193803555
15	16	49	5	2.54	2.0	4.0	1.968503937007874	0.9770995978899212	0.001998001998001998	355	370	5	1.0	355,357,361,365,370	Q8WWM7	ATXN2L	0.048189602329729714	1.0543922968186277
30	21	72	7	3.567	2.0	5.0	1.9624334174376226	0.9726437062528791	0.001998001998001998	921	946	7	1.0	921,922,925,928,933,936,946	Q9H0D6	XRN2	0.048189602329729714	1.2936115374633437
75	7	30	7	3.576	2.0	5.0	1.9574944071588367	0.9690081855363735	0.001998001998001998	7	43	7	1.0	7,29,35,37,38,41,43	Q96LA8	PRMT6	0.048189602329729714	1.450741560960523
75	19	172	6	3.126	2.0	5.0	1.9193857965451055	0.9406447223835788	0.001998001998001998	1576	1650	7	0.8571428571428571	1576,1589,1628,1633,1638,1650	O75376	NCOR1	0.048189602329729714	1.2201099606599528
20	25	114	7	3.673	3.0	5.0	1.905799074326164	0.9303960259880335	0.001998001998001998	62	82	7	1.0	62,66,71,74,78,81,82	Q9Y2W1	THRAP3	0.048189602329729714	0.9303960259880335
75	6	23	6	3.156	2.0	5.0	1.9011406844106462	0.9268652953697846	0.001998001998001998	5	24	6	1.0	5,7,9,12,16,24	Q12905	ILF2	0.048189602329729714	1.4586503703924523
50	25	159	11	5.898	4.0	8.0	1.865038996269922	0.8992057962376475	0.001998001998001998	936	985	11	1.0	936,943,950,957,964,968,971,975,978,982,985	P18583	SON	0.048189602329729714	1.0334054688917522
50	29	225	9	4.859	4.0	7.0	1.8522329697468616	0.8892655689871138	0.001998001998001998	1071	1117	14	0.6428571428571429	1071,1081,1087,1091,1097,1101,1107,1111,1117	Q14152	EIF3A	0.048189602329729714	1.0022688753621576
30	14	31	7	3.787	3.0	5.0	1.8484288354898337	0.8862995008352719	0.001998001998001998	206	233	7	1.0	206,212,217,224,230,232,233	P55795	HNRNPH2	0.048189602329729714	0.8862995008352719
30	25	114	8	4.354	3.0	6.0	1.8373909049150206	0.8776585924738803	0.001998001998001998	62	91	10	0.8	62,66,71,74,78,81,82,91	Q9Y2W1	THRAP3	0.048189602329729714	0.9303960259880335
30	11	41	8	4.356	3.0	6.0	1.8365472910927456	0.8769960459451801	0.001998001998001998	82	112	11	0.7272727272727273	82,84,86,96,98,108,110,112	P09038	FGF2	0.048189602329729714	0.9624580376390213
30	29	225	7	3.831	3.0	5.0	1.8271991647089534	0.8696338962958112	0.001998001998001998	1081	1111	10	0.7	1081,1087,1091,1097,1101,1107,1111	Q14152	EIF3A	0.048189602329729714	1.0022688753621576
50	15	39	12	6.852	4.0	10.0	1.7513134851138352	0.8084373492992442	0.001998001998001998	140	190	15	0.8	140,142,146,148,151,168,172,174,177,179,187,190	Q14157	UBAP2L	0.048189602329729714	0.8084373492992442
100	6	23	6	3.438	2.0	5.0	1.7452006980802792	0.8033929559051821	0.001998001998001998	5	24	6	1.0	5,7,9,12,16,24	Q12905	ILF2	0.048189602329729714	1.4586503703924523
100	14	40	11	6.475	4.0	9.0	1.698841698841699	0.7645514258381059	0.001998001998001998	311	410	11	1.0	311,316,327,338,352,373,381,389,396,403,410	Q9H0L4	CSTF2T	0.048189602329729714	0.7645514258381059
30	23	55	7	4.15	3.0	6.0	1.686746987951807	0.7542435855980416	0.001998001998001998	75	101	7	1.0	75,79,88,93,95,99,101	O00571	DDX3X	0.048189602329729714	0.7542435855980416
100	12	62	10	5.931	4.0	8.0	1.6860563142808969	0.7536527230990852	0.001998001998001998	94	135	10	1.0	94,102,107,110,121,128,130,131,133,135	Q9Y3X0	CCDC9	0.048189602329729714	1.2681216511915685
100	13	36	9	5.425	4.0	7.0	1.6589861751152075	0.7303018638851955	0.001998001998001998	13	77	9	1.0	13,20,25,30,46,48,52,64,77	P08729	KRT7	0.048189602329729714	0.9005925717081494
100	10	56	10	6.077	5.0	8.0	1.645548790521639	0.7185688030043899	0.001998001998001998	5	93	18	0.5555555555555556	5,10,48,73,75,80,82,88,92,93	Q13243	SRSF5	0.048189602329729714	1.1301849832393591
100	18	43	12	7.636	6.0	10.0	1.571503404924044	0.6521453979793056	0.001998001998001998	318	414	12	1.0	318,320,330,337,369,378,380,387,396,397,403,414	Q86WR7	C10orf47	0.048189602329729714	0.6521453979793056
75	15	39	13	8.457	5.0	11.0	1.5371881281778408	0.6202937395116012	0.001998001998001998	134	190	17	0.7647058823529411	134,140,142,146,148,151,168,172,174,177,179,187,190	Q14157	UBAP2L	0.048189602329729714	0.8084373492992442
100	15	39	13	8.571	6.0	11.0	1.5167425037918563	0.6009761811456511	0.001998001998001998	134	190	17	0.7647058823529411	134,140,142,146,148,151,168,172,174,177,179,187,190	Q14157	UBAP2L	0.048189602329729714	0.8084373492992442
50	17	26	10	6.632	5.0	9.0	1.5078407720144753	0.592484088053699	0.001998001998001998	656	694	10	1.0	656,660,666,670,673,679,681,687,691,694	P19338	NCL	0.048189602329729714	0.592484088053699
75	17	26	10	6.869	5.0	9.0	1.4558159848595138	0.5418280104074104	0.001998001998001998	656	694	10	1.0	656,660,666,670,673,679,681,687,691,694	P19338	NCL	0.048189602329729714	0.592484088053699
100	33	57	17	12.743	11.0	15.0	1.334065761594601	0.4158297846544396	0.001998001998001998	93	187	17	1.0	93,94,101,103,107,110,113,120,125,144,151,156,164,172,180,185,187	P38159	RBMX	0.048189602329729714	0.4842731325538714
75	22	28	18	14.131	12.0	16.0	1.2737952020380723	0.349133342935998	0.001998001998001998	227	298	18	1.0	227,238,240,248,251,259,263,265,267,269,277,279,287,289,291,294,296,298	Q86U42	PABPN1	0.048189602329729714	0.3493579679578573
