group_col	group_value	motif_family	target_count	target_fraction	background_count	background_fraction	odds_ratio	log2_odds_ratio	p_value	q_value
methyl_state	me1	CARM1_hydrophobic_proline	374	0.3238095238095238	458	0.3609141055949567	0.8481487450733323	-0.23761079358799628	0.0594860905777653	0.09347814233648832
methyl_state	me1	CARM1_proline_rich	507	0.43896103896103894	594	0.46808510638297873	0.8892002181394212	-0.16941979259913215	0.15309441368100418	0.21050481881138075
methyl_state	me1	DR	77	0.06666666666666667	44	0.03467297084318361	1.9789501648669343	0.9847352820142253	0.00035508841547696364	0.0013019908567488668
methyl_state	me1	ER	35	0.030303030303030304	20	0.015760441292356184	1.9310738890521435	0.9494033674629089	0.019699057983430898	0.03611493963628998
methyl_state	me1	GAR	14	0.012121212121212121	14	0.01103230890464933	1.0998685939553219	0.13733116904679823	0.850578891358184	0.8505788913581841
methyl_state	me1	GRG	306	0.2649350649350649	395	0.3112687155240347	0.7977749981583574	-0.3259461840445783	0.01206958258829009	0.03319135211779775
methyl_state	me1	RD	16	0.013852813852813853	21	0.016548463356973995	0.8408522709878874	-0.25007573868072935	0.6222950508768723	0.7284599784238551
methyl_state	me1	RE	21	0.01818181818181818	27	0.02127659574468085	0.8562442405545094	-0.22390571604525047	0.6622363440216865	0.7284599784238551
methyl_state	me1	RG	750	0.6493506493506493	765	0.6028368794326241	1.219764005859987	0.2866020490099849	0.018703745968286598	0.03611493963628998
methyl_state	me1	RGG	367	0.3177489177489177	291	0.2293144208037825	1.564508462667135	0.6457094623595239	1.2081747305391532e-06	1.3289922035930685e-05
methyl_state	me1	RXR	355	0.30735930735930733	494	0.3892828999211978	0.6964561456470899	-0.5218955826198616	2.438964067587e-05	0.000134143023717285
methyl_state	me2	CARM1_hydrophobic_proline	458	0.3609141055949567	374	0.3238095238095238	1.1790384715048283	0.23761079358799625	0.0594860905777653	0.09347814233648832
methyl_state	me2	CARM1_proline_rich	594	0.46808510638297873	507	0.43896103896103894	1.1246061118748016	0.16941979259913204	0.15309441368100418	0.21050481881138075
methyl_state	me2	DR	44	0.03467297084318361	77	0.06666666666666667	0.5053184348718759	-0.9847352820142253	0.00035508841547696364	0.0013019908567488668
methyl_state	me2	ER	20	0.015760441292356184	35	0.030303030303030304	0.5178465752498183	-0.9494033674629089	0.019699057983430898	0.03611493963628998
methyl_state	me2	GAR	14	0.01103230890464933	14	0.012121212121212121	0.9091995221027479	-0.13733116904679832	0.850578891358184	0.8505788913581841
methyl_state	me2	GRG	395	0.3112687155240347	306	0.2649350649350649	1.2534862615505296	0.32594618404457837	0.01206958258829009	0.03319135211779775
methyl_state	me2	RD	21	0.016548463356973995	16	0.013852813852813853	1.1892695476996638	0.2500757386807293	0.6222950508768723	0.7284599784238551
methyl_state	me2	RE	27	0.02127659574468085	21	0.01818181818181818	1.167891067334238	0.22390571604525053	0.6622363440216865	0.7284599784238551
methyl_state	me2	RG	765	0.6028368794326241	750	0.6493506493506493	0.8198307174140266	-0.2866020490099848	0.018703745968286598	0.03611493963628998
methyl_state	me2	RGG	291	0.2293144208037825	367	0.3177489177489177	0.639178389802523	-0.645709462359524	1.2081747305391532e-06	1.3289922035930685e-05
methyl_state	me2	RXR	494	0.3892828999211978	355	0.30735930735930733	1.4358405855847278	0.5218955826198617	2.438964067587e-05	0.000134143023717285
