distance_aa	sites_total	prob_neighbor_within_x	mean_other_methyl_args_within_x	sites_with_neighbor_within_x	ordered_neighbor_pairs_within_x	null_mean_prob_neighbor_within_x	null_sd_prob_neighbor_within_x	null_q025_prob_neighbor_within_x	null_q975_prob_neighbor_within_x	null_mean_other_methyl_args_within_x	null_sd_other_methyl_args_within_x	null_q025_other_methyl_args_within_x	null_q975_other_methyl_args_within_x	empirical_p_greater_prob_neighbor_within_x	empirical_p_greater_other_methyl_args_within_x	delta_prob_neighbor_within_x_vs_null	ratio_prob_neighbor_within_x_vs_null	delta_other_methyl_args_within_x_vs_null	ratio_other_methyl_args_within_x_vs_null	mean_other_modified_sites_within_x	null_mean_other_modified_sites_within_x	delta_other_modified_sites_within_x_vs_null	ratio_other_modified_sites_within_x_vs_null	ptm_group
3	12826	0.19140807734289725	0.2137845002338999	2455	2742	0.08534851083736161	0.002566264873196498	0.08061749571183534	0.09025222204896305	0.09606268517074691	0.0030973583328277945	0.09004755964447217	0.10143848432870732	0.009900990099009901	0.009900990099009901	0.10605956650553564	2.2426645229656157	0.11772181506315298	2.2254687119551986	0.2137845002338999	0.09606268517074691	0.11772181506315298	2.2254687119551986	Arg methylation
5	12826	0.27717137065336034	0.3480430375799158	3555	4464	0.12734991423670666	0.0027545288248997557	0.12240760954311555	0.13303835958209886	0.15983938874161863	0.003917994095852226	0.15343053173241852	0.16748791517230627	0.009900990099009901	0.009900990099009901	0.14982145641665368	2.1764551025780743	0.18820364883829716	2.1774547583044725	0.3480430375799158	0.15983938874161863	0.18820364883829716	2.1774547583044725	Arg methylation
10	12826	0.42663340090441293	0.6826758147512865	5472	8756	0.2180274442538594	0.003932208950044986	0.21068337751442381	0.22529432402931546	0.3378855449867458	0.005850799603674	0.3279276469670981	0.34790269764540777	0.009900990099009901	0.009900990099009901	0.20860595665055354	1.956787607011822	0.3447902697645407	2.0204350996372624	0.6826758147512865	0.3378855449867458	0.3447902697645407	2.0204350996372624	Arg methylation
20	12826	0.5247154217994698	1.148292530796819	6730	14728	0.3183424294401996	0.0036891361398418724	0.311490332137845	0.3258264462809917	0.6325432714798066	0.008057161482480826	0.6196436924996102	0.6497388117885544	0.009900990099009901	0.009900990099009901	0.20637299235927026	1.6482735987225268	0.5157492593170124	1.8153580672993963	1.148292530796819	0.6325432714798066	0.5157492593170124	1.8153580672993963	Arg methylation
50	12826	0.6203025105254951	2.0483393107749883	7956	26272	0.4724458131919539	0.004202199733317003	0.4648253547481678	0.4808319039451115	1.3375440511461094	0.012654830152241196	1.31295025728988	1.3636441602993918	0.009900990099009901	0.009900990099009901	0.14785669733354123	1.312960117763743	0.7107952596288789	1.5314182056432575	2.0483393107749883	1.3375440511461094	0.7107952596288789	1.5314182056432575	Arg methylation
3	2683	0.09951546775997018	0.11703317182258666	267	314	0.05471859858367499	0.004680694904132842	0.04657100260901975	0.06412597838240774	0.06097651882221393	0.005547039280706102	0.0502981736861722	0.07085352217666789	0.009900990099009901	0.009900990099009901	0.04479686917629519	1.8186772018254886	0.05605665300037273	1.9193154034229831	0.11703317182258666	0.06097651882221393	0.05605665300037273	1.9193154034229831	Lys acylation
5	2683	0.16846813268729036	0.253447633246366	452	680	0.094890048453224	0.005411849863031027	0.08627469250838614	0.10557212076034286	0.12278046962355571	0.006990621245602257	0.11067834513604174	0.1338240775251584	0.009900990099009901	0.009900990099009901	0.07357808423406635	1.7754035900860208	0.13066716362281028	2.0642341084330034	0.253447633246366	0.12278046962355571	0.13066716362281028	2.0642341084330034	Lys acylation
10	2683	0.256429370108088	0.44726052925829296	688	1200	0.1517480432351845	0.006616455338206597	0.14031867312709653	0.1672847558702944	0.23950801341781586	0.010374855576535245	0.21798360044726053	0.25760342899739097	0.009900990099009901	0.009900990099009901	0.10468132687290346	1.689836419904701	0.2077525158404771	1.8674136321195147	0.44726052925829296	0.23950801341781586	0.2077525158404771	1.8674136321195147	Lys acylation
20	2683	0.32612746925083863	0.636600819977637	875	1708	0.22264629146477818	0.007393768581571141	0.21058516585911294	0.23745806932538202	0.4306522549385016	0.014276369090950173	0.40249720462169214	0.45713753261274687	0.009900990099009901	0.009900990099009901	0.10348117778606045	1.4647783581090135	0.20594856503913533	1.4782247455514783	0.636600819977637	0.4306522549385016	0.20594856503913533	1.4782247455514783	Lys acylation
50	2683	0.4308609765188222	1.015281401416325	1156	2724	0.35327618337681693	0.007690189224265678	0.33952664927320164	0.3674990682072307	0.7754453969437197	0.020063352777766035	0.7416697726425643	0.8110696980991428	0.009900990099009901	0.009900990099009901	0.07758479314200528	1.2196151249155978	0.23983600447260522	1.3092880625997345	1.015281401416325	0.7754453969437197	0.23983600447260522	1.3092880625997345	Lys acylation
3	234	0.038461538461538464	0.05128205128205128	9	12	0.06547008547008547	0.019004054655463017	0.02564102564102564	0.10705128205128198	0.067008547008547	0.019464416579148904	0.02564102564102564	0.1111111111111111	0.9405940594059405	0.8811881188118812	-0.027008547008547004	0.587467362924282	-0.015726495726495718	0.7653061224489797	0.05128205128205128	0.067008547008547	-0.015726495726495718	0.7653061224489797	Lys methylation
5	234	0.10256410256410256	0.1282051282051282	24	30	0.12474358974358973	0.019576072449992158	0.0875	0.1623931623931624	0.1488034188034188	0.021970932586790094	0.1111111111111111	0.18803418803418803	0.8910891089108911	0.8910891089108911	-0.022179487179487173	0.8221993833504625	-0.020598290598290603	0.861573808156232	0.1282051282051282	0.1488034188034188	-0.020598290598290603	0.861573808156232	Lys methylation
10	234	0.19658119658119658	0.3162393162393162	46	74	0.19256410256410258	0.022975979981293165	0.14732905982905983	0.2330128205128205	0.30692307692307685	0.03214326781253422	0.2564102564102564	0.3634615384615384	0.46534653465346537	0.46534653465346537	0.004017094017093992	1.020861074123391	0.009316239316239372	1.0303536619326095	0.3162393162393162	0.30692307692307685	0.009316239316239372	1.0303536619326095	Lys methylation
20	234	0.3547008547008547	0.717948717948718	83	168	0.2796581196581196	0.023417347678671815	0.23707264957264956	0.32072649572649564	0.5993162393162392	0.04667624458224374	0.5042735042735043	0.6797008547008546	0.009900990099009901	0.009900990099009901	0.07504273504273512	1.2683374083129588	0.11863247863247872	1.1979463776383346	0.717948717948718	0.5993162393162392	0.11863247863247872	1.1979463776383346	Lys methylation
50	234	0.4017094017094017	1.2564102564102564	94	294	0.405940170940171	0.020665271003036088	0.36527777777777776	0.4444444444444444	1.2068376068376068	0.06710156397011378	1.0764957264957264	1.3247863247863247	0.6336633663366337	0.24752475247524752	-0.00423076923076926	0.9895778503000315	0.04957264957264962	1.0410764872521248	1.2564102564102564	1.2068376068376068	0.04957264957264962	1.0410764872521248	Lys methylation
3	66109	0.39982453221195297	0.5577455414542649	26432	36872	0.18800102860427476	0.0016741318738158512	0.18411222375168282	0.19098912402244778	0.22944440242629593	0.002356159789705523	0.22580737872301807	0.23419125988897121	0.009900990099009901	0.009900990099009901	0.2118235036076782	2.1267145992777925	0.328301139027969	2.4308526839456395	0.5577455414542649	0.22944440242629593	0.328301139027969	2.4308526839456395	Phosphorylation
5	66109	0.5127743575004916	0.86333177025821	33899	57074	0.27076237728599745	0.0017783734649631988	0.26717844771513716	0.2743045576245292	0.37446399128711666	0.003089403115081884	0.3686948826937331	0.3798620460149148	0.009900990099009901	0.009900990099009901	0.24201198021449416	1.8938168686518246	0.4888677789710933	2.305513454820436	0.86333177025821	0.37446399128711666	0.4888677789710933	2.305513454820436	Phosphorylation
10	66109	0.629808346821159	1.4149359391308294	41636	93540	0.4067724515572766	0.0017658906421578312	0.4034189747235626	0.4100349422922749	0.7097194028044592	0.004032834972454767	0.7028823609493412	0.7176647657656294	0.009900990099009901	0.009900990099009901	0.22303589526388246	1.54830629362932	0.7052165363263702	1.9936554271162716	1.4149359391308294	0.7097194028044592	0.7052165363263702	1.9936554271162716	Phosphorylation
20	66109	0.7253021525057103	2.2611747265879076	47949	149484	0.5550852380160038	0.0017194473655540552	0.5520583430395257	0.5587907849158208	1.312366546158617	0.005951950660146648	1.3023181412515694	1.3232767096764435	0.009900990099009901	0.009900990099009901	0.17021691448970644	1.3066500472938156	0.9488081804292907	1.7229749822612552	2.2611747265879076	1.312366546158617	0.9488081804292907	1.7229749822612552	Phosphorylation
50	66109	0.821552284862878	4.126427566594564	54312	272794	0.7374265228637554	0.0014253918236431567	0.7348942655311682	0.7398591719735588	2.8842372445506665	0.008885142963154184	2.866461450029497	2.8997035199443344	0.009900990099009901	0.009900990099009901	0.08412576199912258	1.1140801956409498	1.2421903220438972	1.4306824358470613	4.126427566594564	2.8842372445506665	1.2421903220438972	1.4306824358470613	Phosphorylation
3	643	0.18506998444790046	0.19906687402799378	119	128	0.08704510108864698	0.012635465176452858	0.06605754276827372	0.11286936236391909	0.0954587869362364	0.013134748351117958	0.07465007776049767	0.12130637636080871	0.009900990099009901	0.009900990099009901	0.09802488335925348	2.1261390030373413	0.10360808709175738	2.085369827305311	0.19906687402799378	0.0954587869362364	0.10360808709175738	2.085369827305311	Ubiquitin/SUMO
5	643	0.24727838258164853	0.27682737169517885	159	178	0.1519751166407465	0.015144734739581929	0.12360031104199067	0.18351477449455678	0.17343701399688957	0.017208378062458073	0.14455676516329705	0.2115085536547434	0.009900990099009901	0.009900990099009901	0.09530326594090202	1.627097830536226	0.10339035769828928	1.596126255380201	0.27682737169517885	0.17343701399688957	0.10339035769828928	1.596126255380201	Ubiquitin/SUMO
10	643	0.39035769828926903	0.49144634525660963	251	316	0.24981337480559876	0.016213009610129857	0.21446345256609642	0.27838258164852253	0.3110108864696734	0.024248845714966	0.26275272161741836	0.35474339035769825	0.009900990099009901	0.009900990099009901	0.14054432348367027	1.5625972732366307	0.18043545878693623	1.5801580158015802	0.49144634525660963	0.3110108864696734	0.18043545878693623	1.5801580158015802	Ubiquitin/SUMO
20	643	0.49922239502332816	0.8740279937791602	321	562	0.3680093312597201	0.014306181254872556	0.3444401244167963	0.3927293934681182	0.5539968895800933	0.029626672302083615	0.5037325038880249	0.6143856920684292	0.009900990099009901	0.009900990099009901	0.13121306376360808	1.3565481976080802	0.3200311041990669	1.577676716635787	0.8740279937791602	0.5539968895800933	0.3200311041990669	1.577676716635787	Ubiquitin/SUMO
50	643	0.5972006220839814	1.6111975116640747	384	1036	0.5227838258164852	0.015337563903424735	0.4944790046656299	0.5489891135303266	1.1474961119751166	0.0447209602059829	1.0791601866251943	1.2444790046656298	0.009900990099009901	0.009900990099009901	0.0744167962674962	1.142347166443552	0.46370139968895807	1.404098449528353	1.6111975116640747	1.1474961119751166	0.46370139968895807	1.404098449528353	Ubiquitin/SUMO
